authors,title,year,journal,publisher,url,volume,issue
"MW Jenkins, DC Adler, M Gargesha, R Huber, ...",Ultrahigh-speed optical coherence tomography imaging and visualization of the embryonic avian heart using a buffered Fourier Domain Mode Locked laser,2007,Optics …,osapublishing.org,https://www.osapublishing.org/abstract.cfm?uri=oe-15-10-6251,,
"MP Hornshaw, JR McDermott, JM Candy",Copper binding to the N-terminal tandem repeat regions of mammalian and avian prion protein,1995,Biochemical and biophysical …,Elsevier,https://www.sciencedirect.com/science/article/pii/S0006291X85712338,,
"V Palinauskas, OV Dolnik, G Valkiūnas, S Bensch",Laser microdissection microscopy and single cell PCR of avian hemosporidians,2010,Journal of Parasitology,BioOne,https://bioone.org/journals/Journal-of-Parasitology/volume-96/issue-2/GE-2247.1/Laser-Microdissection-Microscopy-and-Single-Cell-PCR-of-Avian-Hemosporidians/10.1645/GE-2247.1.short,,
"MS Broadhurst, LM Akst, JA Burns, JB Kobler, ...",Effects of 532 nm pulsed‐KTP laser parameters on vessel ablation in the avian chorioallantoic membrane: implications for vocal fold mucosa,2007,The …,Wiley Online Library,https://onlinelibrary.wiley.com/doi/abs/10.1097/mlg.0b013e31802b5c1c,,
"H Tazawa, T Hiraguchi, T Asakura, H Fujii, ...",Noncontact measurements of avian embryo heart rate by means of the laser speckle: comparison with contact measurements,1989,Medical and Biological …,Springer,https://link.springer.com/article/10.1007/BF02441639,,
"K Hollemeyer, W Altmeyer, E Heinzle","Identification and quantification of feathers, down, and hair of avian and mammalian origin using matrix-assisted laser desorption/ionization time-of-flight mass …",2002,Analytical chemistry,ACS Publications,https://pubs.acs.org/doi/abs/10.1021/ac020347f,,
"D Stehelin, HE Varmus, JM Bishop, PK Vogt",DNA related to the transforming gene (s) of avian sarcoma viruses is present in normal avian DNA,1976,Nature,nature.com,https://www.nature.com/articles/260170a0,,
"HC Yalcin, A Shekhar, N Nishimura, ...",Two-photon microscopy-guided femtosecond-laser photoablation of avian cardiogenesis: noninvasive creation of localized heart defects,2010,American journal of …,physiology.org,https://www.physiology.org/doi/abs/10.1152/ajpheart.00495.2010,,
"I Salmeen, L Rimai, L Liebes, MA Rich, ...",Hydrodynamic diameters of RNA tumor viruses. Studies by laser beat frequency light scattering spectroscopy of avian myeloblastosis and Rauscher murine leukemia …,1975,Biochemistry,ACS Publications,https://pubs.acs.org/doi/pdf/10.1021/bi00672a023,,
"BF Blackwell, GE Bernhardt, RA Dolbeer",Lasers as nonlethal avian repellents,2002,The Journal of Wildlife …,JSTOR,https://www.jstor.org/stable/3802891,,
"N Iaffaldano, G Paventi, R Pizzuto, S Passarella, ...","The post-thaw irradiation of avian spermatozoa with He–Ne laser differently affects chicken, pheasant and turkey sperm quality",2013,Animal reproduction …,Elsevier,https://www.sciencedirect.com/science/article/pii/S0378432013002741,,
"L Yang, S You, L Zhang, T Yang, P Li, ...",Noninvasive vasculature detection using laser speckle imaging in avian embryos through intact egg in early incubation stage,2013,Biomedical optics …,osapublishing.org,https://www.osapublishing.org/abstract.cfm?uri=boe-4-1-32,,
"JN Coulombe, M Bronner-Fraser",Translocation of latex beads after laser ablation of the avian neural crest,1984,Developmental biology,Elsevier,https://www.sciencedirect.com/science/article/pii/001216068490068X,,
"P Olias, ID Jacobsen, AD Gruber",Fungal species identification from avian lung specimens by single hypha laser microdissection and PCR product sequencing,2011,Medical mycology,academic.oup.com,https://academic.oup.com/mmy/article-abstract/49/1/56/1390819,,
"…, GM Schmölzer, B Resch, F Reiterer, A Avian, ...",Laser acupuncture for neonatal abstinence syndrome: a randomized controlled trial,2015,Pediatrics,Am Acad Pediatrics,https://pediatrics.aappublications.org/content/136/5/876.abstract,,
MB Friedman,Visual control of head movements during avian locomotion,1975,Nature,nature.com,https://www.nature.com/articles/255067a0,,
"J Gehring, P Kerlinger, AM Manville","Communication towers, lights, and birds: successful methods of reducing the frequency of avian collisions",2009,Ecological Applications,Wiley Online Library,https://onlinelibrary.wiley.com/doi/pdf/10.1890/07-1708.1,,
"JA Morrison, CM Bailey, ...",Gene profiling in the avian embryo using laser capture microdissection and RT-qPCR,2012,Cold Spring Harbor …,cshprotocols.cshlp.org,http://cshprotocols.cshlp.org/content/2012/12/pdb.prot072140.short,,
"HL Lutz, NJ Marra, F Grewe, JS Carlson, ...","Laser capture microdissection microscopy and genome sequencing of the avian malaria parasite, Plasmodium relictum",2016,Parasitology …,Springer,https://link.springer.com/article/10.1007/s00436-016-5237-5,,
"K Maeda, KB Henbest, F Cintolesi, I Kuprov, ...",Chemical compass model of avian magnetoreception,2008,Nature,nature.com,https://www.nature.com/articles/nature06834,,
"T Liu, K Kuykendoll, R Rhew, S Jones",Avian wings,2004,24th AIAA aerodynamic …,arc.aiaa.org,https://arc.aiaa.org/doi/pdf/10.2514/6.2004-2186,,
"P Vennemann, KT Kiger, R Lindken, ...",In vivo micro particle image velocimetry measurements of blood-plasma in the embryonic avian heart,2006,Journal of …,Elsevier,https://www.sciencedirect.com/science/article/pii/S0021929005001570,,
"JK Lauber, JE Boyd, J Axelrod",Enzymatic synthesis of melatonin in avian pineal body: extraretinal response to light,1968,Science,science.sciencemag.org,http://science.sciencemag.org/content/161/3840/489.short,,
"RA Hill, SA Hinsley, DLA Gaveau, PE Bellamy",Cover: Predicting habitat quality for Great Tits (Parus major) with airborne laser scanning data,2004,,Taylor & Francis,https://www.tandfonline.com/doi/pdf/10.1080/0143116031000139962,,
"T Liu, K Kuykendoll, R Rhew, S Jones",Avian wing geometry and kinematics,2006,AIAA journal,arc.aiaa.org,https://arc.aiaa.org/doi/abs/10.2514/1.16224,,
SJ Hernandez-Divers,Endosurgical debridement and diode laser ablation of lung and air sac granulomas in psittacine birds,2002,Journal of avian medicine and surgery,BioOne,https://bioone.org/journals/Journal-of-Avian-Medicine-and-Surgery/volume-16/issue-2/1082-6742(2002)016[0138:EDADLA]2.0.CO;2/Endosurgical-Debridement-and-Diode-Laser-Ablation-of-Lung-and-Air/10.1647/1082-6742(2002)016[0138:EDADLA]2.0.CO;2.short,,
"RD WHITLEY, RA Albert, RN BREWER, ...",Photoinduced Bupthalmic Avian Eyes: II. Continuous Darkness,1985,Poultry …,academic.oup.com,https://academic.oup.com/ps/article-abstract/64/10/1869/1573993,,
"AE Rupley, T Parrott-Nenezian",The use of surgical lasers in exotic and avian practice.,2002,The Veterinary clinics of North …,europepmc.org,https://europepmc.org/abstract/med/12064049,,
"HB Jang, HW Sung, SW Nho, SB Park, IS Cha, ...",Enhanced reliability of avian influenza virus (AIV) and newcastle disease virus (NDV) identification using matrix-assisted laser desorption/ionization-mass …,2011,Analytical …,ACS Publications,https://pubs.acs.org/doi/abs/10.1021/ac102846q,,
"AM Willis, DA Wilkie","Avian ophthalmology part 1: anatomy, examination, and diagnostic techniques",1999,Journal of Avian Medicine and Surgery,JSTOR,https://www.jstor.org/stable/30130679,,
"J Jones, CM Francis",The effects of light characteristics on avian mortality at lighthouses,2003,Journal of Avian Biology,Wiley Online Library,https://onlinelibrary.wiley.com/doi/abs/10.1111/j.0908-8857.2003.03183.x,,
"RD WHITLEY, RA Albert, GR McDANIEL, ...",Photoinduced buphthalmic avian eyes. 1. Continuous fluorescent light,1984,Poultry …,academic.oup.com,https://academic.oup.com/ps/article-abstract/63/8/1537/1588317,,
"H Tazawa, Y Hashimoto, M Takami, Y Yufu, ...","Simple, noninvasive system for measuring the heart rate of avian embryos and hatchlings by means of a piezoelectric film",1993,Medical and Biological …,Springer,https://link.springer.com/article/10.1007/BF02446670,,
"PM Kulesa, MC McKinney, ...",Developmental imaging: the avian embryo hatches to the challenge,2013,Birth Defects Research …,Wiley Online Library,https://onlinelibrary.wiley.com/doi/abs/10.1002/bdrc.21036,,
"A Chandrasekaran, A Srinivasan, R Raman, ...",Glycan topology determines human adaptation of avian H5N1 virus hemagglutinin,2008,Nature …,nature.com,https://www.nature.com/articles/nbt1375,,
"Y Sakamoto, MA Haque, H Ono, J Pearson, ...",Two-dimensional cardiogenic ballistic movements of avian eggs,1995,Medical and Biological …,Springer,http://www.springerlink.com/index/04N4076238364743.pdf,,
JD Rollins,Avian egg fertility and gender detection,2011,"US Patent 7,950,349",Google Patents,https://patents.google.com/patent/US7950349B1/en,,
M Bronner-Fraser,Analysis of the early stages of trunk neural crest migration in avian embryos using monoclonal antibody HNK-1,1986,Developmental biology,Elsevier,https://www.sciencedirect.com/science/article/pii/0012160686902265,,
DB Meyer,The avian eye and its adaptations,1977,The visual system in vertebrates,Springer,https://link.springer.com/chapter/10.1007/978-3-642-66468-7_10,,
FA Miles,Centrifugal effects in the avian retina,1970,Science,science.sciencemag.org,http://science.sciencemag.org/content/170/3961/992.short,,
"S Hernández-Divers, SJ Stahl, T Cooper, ...",Comparison between CO2 laser and 4.0 MHz radiosurgery for incising skin in white Carneau pigeons (Columba livia),2008,Journal of avian …,BioOne,https://bioone.org/journals/Journal-of-Avian-Medicine-and-Surgery/volume-22/issue-2/2007-009R1.1/Comparison-Between-Cosub2-sub-Laser-and-40-MHz-Radiosurgery-for/10.1647/2007-009R1.1.short,,
"M Avian, A Kellerer-Pirklbauer, A Bauer","Remote Sensing Data for Monitoring Periglacial Processes in Permafrost Areas: Terrestrial Laser Scanning at the Hinteres Langtalkar Rock Glacier, Austria",2008,Laser,static.uni-graz.at,https://static.uni-graz.at/fileadmin/urbi-institute/Geographie/pictures/misc/avian_et_al_2008-nicop.pdf,,
"C Yeo, H Park, K Lee, C Song",Avian embryo monitoring during incubation using multi-channel diffuse speckle contrast analysis,2016,Biomedical optics express,osapublishing.org,https://www.osapublishing.org/abstract.cfm?uri=boe-7-1-93,,
"H Ono, R Akiyama, Y Sakamoto, JT Pearson, ...",Ballistocardiogram of avian eggs determined by an electromagnetic induction coil,1997,Medical and Biological …,Springer,https://link.springer.com/article/10.1007/BF02534104,,
"R Sgonc, MS Gruschwitz, H Dietrich, ...",Endothelial cell apoptosis is a primary pathogenetic event underlying skin lesions in avian and human scleroderma.,1996,The Journal of …,Am Soc Clin Investig,https://www.jci.org/articles/view/118851,,
"JA Cooper, AD Afton",A multiple sensor system for monitoring avian nesting behavior,1981,The Wilson Bulletin,JSTOR,https://www.jstor.org/stable/4161497,,
"R Clawges, K Vierling, L Vierling, E Rowell","The use of airborne lidar to assess avian species diversity, density, and occurrence in a pine/aspen forest",2008,Remote Sensing of …,Elsevier,https://www.sciencedirect.com/science/article/pii/S0034425708000291,,
"E Nilsson, A Amini, B Wretlind, A Larsson",Pseudomonas aeruginosa infections are prevented in cystic fibrosis patients by avian antibodies binding Pseudomonas aeruginosa flagellin,2007,Journal of Chromatography B,Elsevier,https://www.sciencedirect.com/science/article/pii/S157002320700390X,,
"C Arcuri, I Giambanco, R Bianchi, R Donato","Annexin V, annexin VI, S100A1 and S100B in developing and adult avian skeletal muscles",2002,Neuroscience,Elsevier,https://www.sciencedirect.com/science/article/pii/S030645220100330X,,
"WJ Crozier, E Wolf","Flicker response contours for the sparrow, and the theory of the avian pecten",1944,The Journal of general physiology,jgp.rupress.org,http://jgp.rupress.org/content/27/4/315.abstract,,
"C Arcuri, I Giambanco, R Bianchi, R Donato","Subcellular localization of S100A11 (S100C, calgizzarin) in developing and adult avian skeletal muscles",2002,Biochimica et Biophysica Acta …,Elsevier,https://www.sciencedirect.com/science/article/pii/S157096390200448X,,
"MC McKinney, K Fukatsu, J Morrison, R McLennan, ...",Evidence for dynamic rearrangements but lack of fate or position restrictions in premigratory avian trunk neural crest,2013,…,dev.biologists.org,http://dev.biologists.org/content/140/4/820.short,,
"Y Zhao, M Lu, LT Lau, J Lu, Z Gao, J Liu, ...",Neutrophils may be a vehicle for viral replication and dissemination in human H5N1 avian influenza,2008,Clinical infectious …,academic.oup.com,https://academic.oup.com/cid/article-abstract/47/12/1575/332774,,
"RW Bellhorn, MS Bellhorn",The avian pecten,1975,Ophthalmic Research,karger.com,https://www.karger.com/Article/Abstract/264728,,
"ME Warchol, JT Corwin",Regenerative proliferation in organ cultures of the avian cochlea: identification of the initial progenitors and determination of the latency of the proliferative response,1996,Journal of Neuroscience,Soc Neuroscience,http://www.jneurosci.org/content/16/17/5466.short,,
"LNY Wu, MG Wuthier, BR Genge, ...",In situ levels of intracellular Ca2+ and pH in avian growth plate cartilage.,1997,Clinical orthopaedics and …,europepmc.org,https://europepmc.org/abstract/med/9020233,,
"TJ Siegrist, PD Anderson, WH Huen, ...",Discrimination and characterization of environmental strains of Escherichia coli by matrix-assisted laser desorption/ionization time-of-flight mass spectrometry (MALDI …,2007,Journal of …,Elsevier,https://www.sciencedirect.com/science/article/pii/S0167701206003277,,
"W Raith, G Pichler, I Sapetschnig, A Avian, ...",Near-infrared spectroscopy for objectifying cerebral effects of laser acupuncture in term and preterm neonates,2013,Evidence-Based …,hindawi.com,https://www.hindawi.com/journals/ecam/2013/346852/abs/,,
"M Buckley, M Collins, J Thomas‐Oates, ...",Species identification by analysis of bone collagen using matrix‐assisted laser desorption/ionisation time‐of‐flight mass spectrometry,2009,… in Mass Spectrometry …,Wiley Online Library,https://onlinelibrary.wiley.com/doi/abs/10.1002/rcm.4316,,
"MH Ellisman, TJ Deerinck, Y Ouyang, CF Beck, ...",Identification and localization of ryanodine binding proteins in the avian central nervous system,1990,Neuron,Elsevier,https://www.sciencedirect.com/science/article/pii/089662739090304X,,
"JFR Kuck Jr, EJ East, NT Yu",Prevalence of α-helical form in avian lens proteins,1976,Experimental eye research,Elsevier,https://www.sciencedirect.com/science/article/pii/0014483576900233,,
"N De Talamoni, CA Smith, ...","Immunocytochemical localization of the plasma membrane calcium pump, calbindin-D28k, and parvalbumin in Purkinje cells of avian and mammalian cerebellum",1993,Proceedings of the …,National Acad Sciences,https://www.pnas.org/content/90/24/11949.short,,
"CJ Rees, J Allen, GN Postma, ...",Effects of Gold laser on the avian chorioallantoic membrane,2010,Annals of Otology …,journals.sagepub.com,https://journals.sagepub.com/doi/abs/10.1177/000348941011900110,,
"R Seto, F Matsuoka, T Soh, T Itoh, ...",A micro optical blood flow sensor and its application to detection of avian influenza,2009,… Solid-State Sensors …,ieeexplore.ieee.org,https://ieeexplore.ieee.org/abstract/document/5285902/,,
"SM Zeitels, JA Burns",Office-based laryngeal laser surgery with the 532-nm pulsed-potassium-titanyl-phosphate laser,2007,Current opinion in otolaryngology & head …,journals.lww.com,https://journals.lww.com/co-otolaryngology/Abstract/2007/12000/Office_based_laryngeal_laser_surgery_with_the.5.aspx,,
"A Draeger, EH Stelzer, M Herzog, ...",Unique geometry of actin-membrane anchorage sites in avian gizzard smooth muscle cells,1989,Journal of Cell …,jcs.biologists.org,http://jcs.biologists.org/content/94/4/703.short,,
JL Griffin,Orientation of human and avian erythrocytes in radio-frequency fields,1970,Experimental cell research,Elsevier,https://www.sciencedirect.com/science/article/pii/0014482770902636,,
"C Cray, LM Tatum",Applications of protein electrophoresis in avian diagnostics,1998,Journal of Avian Medicine and Surgery,JSTOR,https://www.jstor.org/stable/30133137,,
"DA Stark, PM Kulesa",An in vivo comparison of photoactivatable fluorescent proteins in an avian embryo model,2007,Developmental Dynamics,Wiley Online Library,https://currentprotocols.onlinelibrary.wiley.com/doi/pdf/10.1002/dvdy.21174,,
RE Wuthier,Involvement of cellular metabolism of calcium and phosphate in calcification of avian growth plate cartilage,1993,The Journal of nutrition,academic.oup.com,https://academic.oup.com/jn/article-abstract/123/suppl_2/301/4723735,,
"KJ Balak, JT Corwin, JE Jones",Regenerated hair cells can originate from supporting cell progeny: evidence from phototoxicity and laser ablation experiments in the lateral line system,1990,Journal of Neuroscience,Soc Neuroscience,http://www.jneurosci.org/content/10/8/2502.short,,
JL Briot,Last experiments with a laser equipment designed for avian dispersal in airport environment,1995,IBSC27/WP,worldbirdstrike.com,http://www.worldbirdstrike.com/IBSC/Athens/IBSC27%20WPV-1.pdf,,
"SM Zeitels, JA Burns",Office-based laryngeal laser surgery with local anesthesia,2007,Current opinion in otolaryngology & head …,journals.lww.com,https://journals.lww.com/co-otolaryngology/Abstract/2007/06000/Office_based_laryngeal_laser_surgery_with_local.3.aspx,,
"WC Beckman Jr, SK Powers, JT Brown, GY Gillespie, ...",Differential retention of rhodamine 123 by avian sarcoma virus‐induced glioma and normal brain tissue of the rat in vivo,1987,Cancer,Wiley Online Library,https://onlinelibrary.wiley.com/doi/abs/10.1002/1097-0142(19870115)59:2%3C266::AID-CNCR2820590215%3E3.0.CO;2-6,,
"M Avian, A Bauer","First Results on Monitorin Glacier Dynamics with the Aid of Terrestrial Laser Scanning on Pasterze Glacier (Hohe Tauern, Austria)",2006,,na,,,
"JN Varghese, PM Colman, ...",Structural evidence for a second sialic acid binding site in avian influenza virus neuraminidases,1997,Proceedings of the …,National Acad Sciences,https://www.pnas.org/content/94/22/11808.short,,
"KT Bates, PL Manning, D Hodgetts, WI Sellers",Estimating mass properties of dinosaurs using laser imaging and 3D computer modelling,2009,PloS one,journals.plos.org,https://journals.plos.org/plosone/article?id=10.1371/journal.pone.0004532,,
"H Satake, M HISADA, T KAWADA, H MINAKATA, ...",Characterization of a cDNA encoding a novel avian hypothalamic neuropeptide exerting an inhibitory effect on gonadotropin release,2001,Biochemical …,biochemj.org,http://www.biochemj.org/content/354/2/379.abstract,,
"CJ Zylak, DR Dyck, P Warren, KS Tse",Hypersensitive lung disease due to avian antigens,1975,Radiology,pubs.rsna.org,https://pubs.rsna.org/doi/abs/10.1148/114.1.45,,
"MA Trelles, E Mayayo",Bone fracture consolidates faster with low‐power laser,1987,Lasers in surgery and medicine,Wiley Online Library,https://onlinelibrary.wiley.com/doi/abs/10.1002/lsm.1900070107,,
MS Echols,Surgery of the avian reproductive tract,2002,Seminars in Avian and Exotic Pet Medicine,Elsevier,https://www.sciencedirect.com/science/article/pii/S1055937X02800172,,
"S Goetz, D Steinberg, R Dubayah, B Blair","Laser remote sensing of canopy habitat heterogeneity as a predictor of bird species richness in an eastern temperate forest, USA",2007,Remote Sensing of …,Elsevier,https://www.sciencedirect.com/science/article/pii/S0034425706004676,,
"AI Nepomuceno, DC Muddiman, ...",Global proteomic analysis of functional compartments in immature avian follicles using laser microdissection coupled to LC-MS/MS,2015,Journal of proteome …,ACS Publications,https://pubs.acs.org/doi/abs/10.1021/acs.jproteome.5b00346,,
ME Warchol,Macrophage activity in organ cultures of the avian cochlea: demonstration of a resident population and recruitment to sites of hair cell lesions,1997,Journal of neurobiology,Wiley Online Library,https://onlinelibrary.wiley.com/doi/abs/10.1002/(SICI)1097-4695(19971120)33:6%3C724::AID-NEU2%3E3.0.CO;2-B,,
"LF Liebes, MA Rich, JJ McCormick, I Salmeen, ...",Reverse transcriptase activity per virion for avian myeloblastosis virus and Rauscher murine leukemia virus.,1976,Journal of …,Am Soc Microbiol,https://jvi.asm.org/content/18/1/42.short,,
"JM Pérez-Pomares, D Macías, L García-Garrido, ...",The origin of the subepicardial mesenchyme in the avian embryo: an immunohistochemical and quail–chick chimera study,1998,Developmental …,Elsevier,https://www.sciencedirect.com/science/article/pii/S0012160698989497,,
"NT Yu, JFR Kuck, CC Askren","Laser Raman spectroscopy of the lens in situ, measured in an anesthetized rabbit",1981,Current eye research,Taylor & Francis,https://www.tandfonline.com/doi/abs/10.3109/02713688109001863,,
"JT Pulaski, VL Tieber, PM Coussens",Marek's disease virus-mediated enhancement of avian leukosis virus gene expression and virus production,1992,Virology,Elsevier,https://www.sciencedirect.com/science/article/pii/004268229290065W,,
"P Christensen, JP Stenvang, ...",A flow cytometric method for rapid determination of sperm concentration and viability in mammalian and avian semen,2004,Journal of andrology,Wiley Online Library,https://onlinelibrary.wiley.com/doi/abs/10.1002/j.1939-4640.2004.tb02786.x,,
"V Aige-Gil, K Simkiss",Sterilisation of avian embryos with busulphan,1991,Research in veterinary science,Elsevier,https://www.sciencedirect.com/science/article/pii/0034528891900967,,
"DM Mills, A Lewis, A Harootunian, J Huang, ...",Time-resolved X-ray absorption spectroscopy of carbon monoxide-myoglobin recombination after laser photolysis,1984,Science,science.sciencemag.org,http://science.sciencemag.org/content/223/4638/811.short,,
"M Alispahic, K Hummel, ...","Species-specific identification and differentiation of Arcobacter, Helicobacter and Campylobacter by full-spectral matrix-associated laser desorption/ionization time of …",2010,Journal of …,jmm.microbiologyresearch.org,https://jmm.microbiologyresearch.org/content/journal/jmm/10.1099/jmm.0.016576-0,,
SJ Hernandez-Divers,Diode laser surgery: principles and application in exotic animals,2002,Seminars in Avian and Exotic Pet Medicine,Elsevier,https://www.sciencedirect.com/science/article/pii/S1055937X02800196,,
"RA Krzyzek, AF Lau, AJ Faras, DH SPECTOR",Post-transcriptional control of avian oncornavirus transforming gene sequences in mammalian cells,1977,Nature,nature.com,https://www.nature.com/articles/269175a0,,
"JW Wong Liong, JF Frank, S Bailey",Visualization of eggshell membranes and their interaction with Salmonella enteritidis using confocal scanning laser microscopy,1997,Journal of food protection,jfoodprotection.org,http://jfoodprotection.org/doi/abs/10.4315/0362-028X-60.9.1022,,
NA Forbes,Avian gastrointestinal surgery,2002,Seminars in Avian and Exotic Pet Medicine,Elsevier,https://www.sciencedirect.com/science/article/pii/S1055937X02800184,,
"K Nishihara, W Iwasaki, M Nakamura, ...",Development of a wireless sensor for the measurement of chicken blood flow using the laser Doppler blood flow meter technique,2013,IEEE Transactions …,ieeexplore.ieee.org,https://ieeexplore.ieee.org/abstract/document/6420913/,,
"S Priolo, JG Sivak, JR Kuszak",Effect of age on the morphology and optical quality of the avian crystalline lens,1999,Experimental eye research,Elsevier,https://www.sciencedirect.com/science/article/pii/S0014483599907406,,
"B Brand‐Saberi, R Seifert, M Grim, ...",Blood vessel formation in the avian limb bud involves angioblastic and angiotrophic growth,1995,Developmental …,Wiley Online Library,https://onlinelibrary.wiley.com/doi/abs/10.1002/aja.1002020210,,
"J Engelage, HJ Bischof",Enucleation enhances ipsilateral flash evoked responses in the ectostriatum of the zebra finch (Taeniopygia guttata castanotis Gould),1988,Experimental Brain Research,Springer,https://link.springer.com/article/10.1007/BF00271850,,
"X Xiong, PJ Coombs, SR Martin, J Liu, H Xiao, ...",Receptor binding by a ferret-transmissible H5 avian influenza virus,2013,Nature,nature.com,https://www.nature.com/articles/nature12144,,
"J Thomas, J Polin, K Sreenath, ...",Avian-inspired grasping for quadrotor micro UAVs,2013,ASME 2013 …,… .asmedigitalcollection.asme.org,https://proceedings.asmedigitalcollection.asme.org/proceeding.aspx?articleid=1830656,,
"RA Giebel, W Fredenberg, TR Sandrin",Characterization of environmental isolates of Enterococcus spp. by matrix-assisted laser desorption/ionization time-of-flight mass spectrometry,2008,Water research,Elsevier,https://www.sciencedirect.com/science/article/pii/S0043135407006082,,
"RG Gourdie, CR Green, NJ Severs, ...",Evidence for a distinct gap-junctional phenotype in ventricular conduction tissues of the developing and mature avian heart.,1993,Circulation …,Am Heart Assoc,https://www.ahajournals.org/doi/abs/10.1161/res.72.2.8380357,,
"SR Hann, CB Thompson, RN Eisenman",C-myc oncogene protein synthesis is independent of the cell cycle in human and avian cells,1985,Nature,nature.com,https://www.nature.com/articles/314366a0,,
"S Priolo, JG Sivak, JR Kuszak, ...",Effects of experimentally induced ametropia on the morphology and optical quality of the avian crystalline lens,2000,… ophthalmology & visual …,arvojournals.org,https://arvojournals.org/article.aspx?articleID=2123549,,
"CH Lo, PJ Chen, TY Tsou, SS Sun, ...","0Ar/39Ar laser single-grain and K-Ar dating of the Yixian Formation, NE China: Implications for the early evolution of avian flight and birds. in Pei-Ji Chen …",1999,Beijing Publishing …,ntur.lib.ntu.edu.tw,http://ntur.lib.ntu.edu.tw/handle/246246/206796,,
ML Avery,Review of avian mortality due to collisions with manmade structures,1979,,digitalcommons.unl.edu,https://digitalcommons.unl.edu/icwdmbirdcontrol/2/,,
"CG Castillo, WK Lo, JF Kuck, NT Yu",Nature and localization of avian lens glycogen by electron microscopy and Raman spectroscopy,1992,Biophysical journal,Elsevier,https://www.sciencedirect.com/science/article/pii/S000634959281891X,,
"R Gerstberger, H Sann, E Simon",Vasoactive intestinal peptide stimulates blood flow and secretion of avian salt glands,1988,American Journal of Physiology …,physiology.org,https://www.physiology.org/doi/abs/10.1152/ajpregu.1988.255.4.r575,,
ST Ferrell,Avian integumentary surgery,2002,Seminars in Avian and Exotic Pet Medicine,Elsevier,https://www.sciencedirect.com/science/article/pii/S1055937X02800032,,
K Stohr,Avian influenza and pandemics--research needs and opportunities,2005,New England Journal of Medicine,flu.org.cn,http://www.flu.org.cn/upfile/attachment/2005127134721.pdf,,
PM Kulesa,Developmental imaging: Insights into the avian embryo,2004,Birth Defects Research Part C: Embryo Today …,Wiley Online Library,https://onlinelibrary.wiley.com/doi/abs/10.1002/bdrc.20021,,
"C Corbel, O Pourquié, F Cormier, ...","BEN/SC1/DM-GRASP, a homophilic adhesion molecule, is required for in vitro myeloid colony formation by avian hemopoietic progenitors",1996,Proceedings of the …,National Acad Sciences,https://www.pnas.org/content/93/7/2844.short,,
"WW Ye, MK Tsang, X Liu, M Yang, J Hao",Upconversion Luminescence Resonance Energy Transfer (LRET)‐Based Biosensor for Rapid and Ultrasensitive Detection of Avian Influenza Virus H7 Subtype,2014,Small,Wiley Online Library,https://onlinelibrary.wiley.com/doi/abs/10.1002/smll.201303766,,
"HGM Edwards, DW Farwell, ...",FT-Raman spectroscopy of avian mummified tissue of archaeological relevance,1999,Spectrochimica Acta Part A …,Elsevier,https://www.sciencedirect.com/science/article/pii/S1386142599000992,,
"L Kannan, NC Rath, R Liyanage, JO Lay Jr",Direct screening identifies mature β-defensin 2 in avian heterophils,2009,Poultry science,academic.oup.com,https://academic.oup.com/ps/article-abstract/88/2/372/1563011,,
"DR Kattnig, EW Evans, V Déjean, CA Dodson, ...",Chemical amplification of magnetic field effects relevant to avian magnetoreception,2016,Nature …,nature.com,https://www.nature.com/nchem/journal/v8/n4/abs/nchem.2447.html,,
"A Lucas, W Yue, XY Jiang, L Liu, W Yan, J Bauer, ...",Development of an avian model for restenosis,1996,Atherosclerosis,Elsevier,https://www.sciencedirect.com/science/article/pii/0021915095056262,,
"M Avian, A Kellerer-Pirklbauer, GK Lieb","Geomorphic consequences of rapid deglaciation at Pasterze Glacier, Hohe Tauern Range, Austria, between 2010 and 2013 based on repeated terrestrial laser …",2018,Geomorphology,Elsevier,https://www.sciencedirect.com/science/article/pii/S0169555X18300527,,
"GG Vernon, DM Woolley",Three‐dimensional motion of avian spermatozoa,1999,Cell motility and the cytoskeleton,Wiley Online Library,https://onlinelibrary.wiley.com/doi/abs/10.1002/(SICI)1097-0169(1999)42:2%3C149::AID-CM6%3E3.0.CO;2-0,,
ON Larsen,Does the environment constrain avian sound localization?,2004,Anais da Academia Brasileira de Ciências,SciELO Brasil,http://www.scielo.br/scielo.php?pid=S0001-37652004000200013&script=sci_arttext,,
"CD James, M Leffak",Polarity of DNA replication through the avian alpha-globin locus.,1986,Molecular and cellular biology,Am Soc Microbiol,https://mcb.asm.org/content/6/4/976.short,,
M de L Brooke,Ecological factors influencing the occurrence of 'flash marks' in wading birds,1998,Functional Ecology,Wiley Online Library,https://onlinelibrary.wiley.com/doi/pdf/10.1046/j.1365-2435.1998.00204.x,,
"JS Stone, DA Cotanche",Hair cell regeneration in the avian auditory epithelium,2007,International Journal of Developmental Biology,ijdb.ehu.es,http://www.ijdb.ehu.es/paper.php?doi=072408js,,
"JE Jones, JT Corwin",Regeneration of sensory cells after laser ablation in the lateral line system: hair cell lineage and macrophage behavior revealed by time-lapse video microscopy,1996,Journal of Neuroscience,pdfs.semanticscholar.org,https://pdfs.semanticscholar.org/63dc/93167961fd1b687a20810ea198b01da49419.pdf,,
"NW Luedtke, RJ Dexter, DB Fried, ...",Surveying polypeptide and protein domain conformation and association with FlAsH and ReAsH,2007,Nature chemical …,nature.com,https://www.nature.com/nchembio/journal/v3/n12/abs/nchembio.2007.49.html,,
"R Pirow, R Bilsing, M Nichelmann, J Höchel","A method for noninvasive, long-term recording of the avian embryo heart rate",1995,Physiology & behavior,Elsevier,https://www.sciencedirect.com/science/article/pii/003193849400386J,,
"HC Sieber, R Adar, R Arango, ...",Involvement of Laser Photo‐CIDNP (Chemically Induced Dynamic Nuclear Polarization)‐Reactive Amino Acid Side Chains in Ligand Binding by Galactoside‐Specific …,1997,European journal of …,Wiley Online Library,https://febs.onlinelibrary.wiley.com/doi/abs/10.1111/j.1432-1033.1997.00027.x,,
L Benowitz,Functional organization of the avian telencephalon,1980,Comparative neurology of the telencephalon,Springer,https://link.springer.com/chapter/10.1007/978-1-4613-2988-6_13,,
ES Morton,Ecological sources of selection on avian sounds,1975,The American Naturalist,journals.uchicago.edu,https://www.journals.uchicago.edu/doi/abs/10.1086/282971,,
"SG Spence, WS Argraves, L Walters, ...",Fibulin is localized at sites of epithelial-mesenchymal transitions in the early avian embryo,1992,Developmental …,Elsevier,https://www.sciencedirect.com/science/article/pii/001216069290186K,,
"DB Thomas, ME Hauber, D Hanley, ...",Analysing avian eggshell pigments with Raman spectroscopy,2015,Journal of …,jeb.biologists.org,http://jeb.biologists.org/content/218/17/2670.short,,
"DL Tucci, EW Rubel",Physiologic status of regenerated hair cells in the avian inner ear following aminoglycoside ototoxicity,1990,Otolaryngology—Head and Neck …,journals.sagepub.com,https://journals.sagepub.com/doi/abs/10.1177/019459989010300317,,
"SA Bhave, EC Oesterle, ...",Macrophage and microglia‐like cells in the avian inner ear,1998,Journal of Comparative …,Wiley Online Library,https://onlinelibrary.wiley.com/doi/abs/10.1002/(SICI)1096-9861(19980824)398:2%3C241::AID-CNE6%3E3.0.CO;2-0,,
"R Perris, D Krotoski, T Lallier, C Domingo, ...",Spatial and temporal changes in the distribution of proteoglycans during avian neural crest development,1991,…,dev.biologists.org,http://dev.biologists.org/content/111/2/583.short,,
"B Sarg, W Helliger, B Hoertnagl, B Puschendorf, ...","The N-Terminally Acetylated Form of Mammalian Histone H1○, But Not That of Avian Histone H5, Increases with Age",1999,Archives of biochemistry …,Elsevier,https://www.sciencedirect.com/science/article/pii/S0003986199915035,,
"Y Pang, J Wang, R Xiao, S Wang",SERS molecular sentinel for the RNA genetic marker of PB1-F2 protein in highly pathogenic avian influenza (HPAI) virus,2014,Biosensors and Bioelectronics,Elsevier,https://www.sciencedirect.com/science/article/pii/S0956566314002851,,
"C Thouzeau, Y Le Maho, G Froget, L Sabatier, ...","Spheniscins, avian β-defensins in preserved stomach contents of the king penguin, Aptenodytes patagonicus",2003,Journal of Biological …,ASBMB,http://www.jbc.org/content/278/51/51053.short,,
"LA Tell, S Smiley-Jewell, D Hinds, KE Stephens, ...",An aerosolized fluorescent microsphere technique for evaluating particle deposition in the avian respiratory tract,2006,Avian …,aaapjournals.info,http://www.aaapjournals.info/doi/abs/10.1637/7427-082605R.1,,
JJ Gordon,Cold laser therapy (3LT) in the management of avian inflammatory conditions,2011,ASSOCIATION OF AVIAN VETERINARIANS,Citeseer,http://citeseerx.ist.psu.edu/viewdoc/download?doi=10.1.1.456.2370&rep=rep1&type=pdf#page=85,,
BF Blackwell,Understanding avian vision: the key to using light in bird management,2002,Proceedings of the Vertebrate Pest Conference,escholarship.org,https://escholarship.org/uc/item/61s0r080,,
"H Kurz, T Gärtner, PS Eggli, B Christ",First blood vessels in the avian neural tube are formed by a combination of dorsal angioblast immigration and ventral sprouting of endothelial cells,1996,Developmental biology,Elsevier,https://www.sciencedirect.com/science/article/pii/S0012160696900123,,
"H Rahn, SA Poturalski, CV Paganelli",The acoustocardiogram: a noninvasive method for measuring heart rate of avian embryos in ovo,1990,Journal of applied physiology,physiology.org,https://www.physiology.org/doi/abs/10.1152/jappl.1990.69.4.1546,,
"TC McQuinn, M Bratoeva, A DeAlmeida, ...",High‐frequency ultrasonographic imaging of avian cardiovascular development,2007,… dynamics: an official …,Wiley Online Library,https://onlinelibrary.wiley.com/doi/abs/10.1002/dvdy.21357,,
"F Solari, C Domenget, V Gire, C Woods, ...",Multinucleated cells can continuously generate mononucleated cells in the absence of mitosis: a study of cells of the avian osteoclast lineage,1995,Journal of Cell …,jcs.biologists.org,http://jcs.biologists.org/content/108/10/3233.short,,
"K Michael, TC Harder, TC Mettenleiter, ...",Diagnosis and strain differentiation of avian influenza viruses by restriction fragment mass analysis,2009,Journal of virological …,Elsevier,https://www.sciencedirect.com/science/article/pii/S0166093409000214,,
TK Ritzman,Therapeutic laser treatment for exotic animal patients,2015,Journal of avian medicine and surgery,BioOne,https://bioone.org/journals/journal-of-avian-medicine-and-surgery/volume-29/issue-1/1082-6742-29.1.69/Therapeutic-Laser-Treatment-for-Exotic-Animal-Patients/10.1647/1082-6742-29.1.69.full,,
"S Matsuzaki, M Canis, C Vaurs-Barrière, ...",DNA microarray analysis of gene expression in eutopic endometrium from patients with deep endometriosis using laser capture microdissection,2005,Fertility and sterility,Elsevier,https://www.sciencedirect.com/science/article/pii/S0015028205013026,,
"T Sasaki, J Imanishi, W Fukui, F Tokunaga, ...",Fine-scale replication and quantitative assessment of forest vertical structure using LiDAR for forest avian habitat characterization,2012,Forest Science and …,Taylor & Francis,https://www.tandfonline.com/doi/abs/10.1080/21580103.2012.704969,,
"M Yang, Y Berhane, T Salo, M Li, K Hole, ...",Development and application of monoclonal antibodies against avian influenza virus nucleoprotein,2008,Journal of virological …,Elsevier,https://www.sciencedirect.com/science/article/pii/S0166093407003655,,
"M Nichelmann, B Tzschentke",Thermoregulation in precocial avian embryos,1999,Ornis Fennica,researchgate.net,https://www.researchgate.net/profile/Barbara_Tzschentke/publication/297482031_Thermoregulation_in_precocial_avian_embryos/links/599aba37aca272e41d404859/Thermoregulation-in-precocial-avian-embryos.pdf,,
"WJ Maybury, JMV Rayner, ...",Lift generation by the avian tail,2001,Proceedings of the …,royalsocietypublishing.org,https://royalsocietypublishing.org/doi/abs/10.1098/rspb.2001.1666,,
"AJ Savereno, LA Savereno, R Boettcher, SM Haig",Avian behavior and mortality at power lines in coastal South Carolina,1996,Wildlife Society Bulletin,JSTOR,https://www.jstor.org/stable/3783152,,
"BF Blackwell, GE Bernhardt, JD Cepek, RA Dolbeer",Lasers as non-lethal avian repellents: potential applications in the airport environment,2002,,digitalcommons.unl.edu,https://digitalcommons.unl.edu/icwdm_usdanwrc/147/,,
"L Christmann, SL Pratt, JC Rapp",Methods of enucleating an avian oocyte or zygote using two-photon laser scanning microscopy,2006,"US Patent 7,049,480",Google Patents,https://patents.google.com/patent/US7049480B1/en,,
"DA Stark, JC Kasemeier-Kulesa, ...",Photoactivation cell labeling for cell tracing in avian development,2008,Cold Spring Harbor …,cshprotocols.cshlp.org,http://cshprotocols.cshlp.org/content/2008/3/pdb.prot4975.short,,
"T Nguyen, CT Davis, W Stembridge, B Shu, A Balish, ...",Characterization of a highly pathogenic avian influenza H5N1 virus sublineage in poultry seized at ports of entry into Vietnam,2009,Virology,Elsevier,https://www.sciencedirect.com/science/article/pii/S0042682209001810,,
"BC Wentworth, H Tsai, JH Hallett, DS Gonzales, ...",Manipulation of avian primordial germ cells and gonadal differentiation,1989,Poultry …,academic.oup.com,https://academic.oup.com/ps/article-abstract/68/7/999/1556541,,
"SB Ong, D Shah, A Qusous, SM Jarvis, ...",Stimulation of regulatory volume increase (RVI) in avian articular chondrocytes by gadolinium chloride,2010,… and Cell Biology,NRC Research Press,https://www.nrcresearchpress.com/doi/abs/10.1139/o09-179,,
"NTM Guy, C Batini, R Naquet, MA Teillet",Avian photogenic epilepsy and embryonic brain chimeras: neuronal activity of the adult prosencephalon and mesencephalon,1993,Experimental brain research,Springer,https://link.springer.com/article/10.1007/BF00228386,,
"P Serra, M Colina, JM Fernández-Pradas, ...",Preparation of functional DNA microarrays through laser-induced forward transfer,2004,Applied physics …,aip.scitation.org,https://aip.scitation.org/doi/abs/10.1063/1.1787614,,
"TE Toth, H Veit, WB Gross, PB Siegel",Cellular defense of the avian respiratory system: protection against Escherichia coli airsacculitis by Pasteurella multocida-activated respiratory phagocytes,1988,Avian diseases,JSTOR,https://www.jstor.org/stable/1590985,,
"DE Palmer-Toy, DA Sarracino, D Sgroi, ...",Direct acquisition of matrix-assisted laser desorption/ionization time-of-flight mass spectra from laser capture microdissected tissues,2000,Clinical …,clinchem.aaccjnls.org,http://clinchem.aaccjnls.org/content/46/9/1513.short,,
"TE Toth, RH Pyle, T Caceci, PB Siegel, ...",Cellular defense of the avian respiratory system: influx and nonopsonic phagocytosis by respiratory phagocytes activated by Pasteurella multocida.,1988,Infection and …,Am Soc Microbiol,https://iai.asm.org/content/56/5/1171.short,,
"M Qian, BG Sanders, K Kline",RRR‐α‐tocopheryl succinate induces apoptosis in avian retrovirus‐transformed lymphoid cells,1996,,Taylor & Francis,https://www.tandfonline.com/doi/abs/10.1080/01635589609514424,,
"A Krasikova, T Kulikova, A Saifitdinova, S Derjusheva, ...",Centromeric protein bodies on avian lampbrush chromosomes contain a protein detectable with an antibody against DNA topoisomerase II,2004,Chromosoma,Springer,https://link.springer.com/article/10.1007/s00412-004-0321-5,,
"SP Arnoczky, M Lavagnino, JH Whallon, ...",In situ cell nucleus deformation in tendons under tensile load; a morphological analysis using confocal laser microscopy,2002,Journal of …,Wiley Online Library,https://onlinelibrary.wiley.com/doi/abs/10.1016/S0736-0266(01)00080-8,,
"DB Baier, SM Gatesy, FA Jenkins",A critical ligamentous mechanism in the evolution of avian flight,2007,Nature,nature.com,https://www.nature.com/articles/nature05435,,
"AK Lohrey, DL Clark, SD Gordon, GW Uetz",Antipredator responses of wolf spiders (Araneae: Lycosidae) to sensory cues representing an avian predator,2009,Animal Behaviour,Elsevier,https://www.sciencedirect.com/science/article/pii/S0003347209000323,,
"A Krasikova, T Khodyuchenko, A Maslova, ...",Three-dimensional organisation of RNA-processing machinery in avian growing oocyte nucleus,2012,Chromosome …,Springer,https://link.springer.com/article/10.1007/s10577-012-9327-7,,
"A Feldmann, MKH Schäfer, W Garten, ...",Targeted infection of endothelial cells by avian influenza virus A/FPV/Rostock/34 (H7N1) in chicken embryos,2000,Journal of virology,Am Soc Microbiol,https://jvi.asm.org/content/74/17/8018.short,,
E Babaev,Apparatus and methods for the treatment of avian influenza with ultrasound,2007,"US Patent App. 11/384,155",Google Patents,https://patents.google.com/patent/US20070219481A1/en,,
"M Avian, A Kellerer-Pirklbauer, ...","LiDAR for monitoring mass movements in permafrost environments at the cirque Hinteres Langtal, Austria, between 2000 and 2008",2009,… Hazards and Earth …,nat-hazards-earth-syst-sci.net,https://www.nat-hazards-earth-syst-sci.net/9/1087/2009/nhess-9-1087-2009.html,,
"BL Marrone, M Jamaluddin, ...",Regional pattern of cell maturation and progesterone biosynthesis in the avian granulosa cell layer,1990,Biology of …,academic.oup.com,https://academic.oup.com/biolreprod/article-abstract/42/3/405/2764262,,
"D Govindarajan, UJ Buchholz, SK Samal",Recovery of avian metapneumovirus subgroup C from cDNA: cross-recognition of avian and human metapneumovirus support proteins,2006,Journal of virology,Am Soc Microbiol,https://jvi.asm.org/content/80/12/5790.short,,
"M Colina, P Serra, JM Fernández-Pradas, ...",DNA deposition through laser induced forward transfer,2005,Biosensors and …,Elsevier,https://www.sciencedirect.com/science/article/pii/S0956566304003720,,
"DW Abbott, BP Chadwick, AA Thambirajah, ...",Beyond the Xi MacroH2A CHROMATIN DISTRIBUTION AND POST-TRANSLATIONAL MODIFICATION IN AN AVIAN SYSTEM,2005,Journal of Biological …,ASBMB,http://www.jbc.org/content/280/16/16437.short,,
"ME Fitzgerald, BA Vana, ...",Control of choroidal blood flow by the nucleus of Edinger-Westphal in pigeons: a laser Doppler study.,1990,… ophthalmology & visual …,iovs.arvojournals.org,https://iovs.arvojournals.org/article.aspx?articleid=2178563,,
"A Rohrbeck, J Neukirchen, ...",Gene expression profiling for molecular distinction and characterization of laser captured primary lung cancers,2008,Journal of …,… -medicine.biomedcentral.com,https://translational-medicine.biomedcentral.com/articles/10.1186/1479-5876-6-69,,
"M Kyogashima, J Onaya, S Miyauchi, M Arai, ...",Antithrombotic activity of avian crown dermatan sulfate,1999,Thrombosis research,Elsevier,https://www.sciencedirect.com/science/article/pii/S0049384899001383,,
"S Gu, MW Jenkins, M Watanabe, ...",High-speed optical coherence tomography imaging of the beating avian embryonic heart,2011,Cold Spring Harbor …,cshprotocols.cshlp.org,http://cshprotocols.cshlp.org/content/2011/2/pdb.top98.short,,
"V Hervé-Grépinet, S Réhault-Godbert, ...","Purification and characterization of avian β-defensin 11, an antimicrobial peptide of the hen egg",2010,Antimicrobial agents …,Am Soc Microbiol,https://aac.asm.org/content/54/10/4401.short,,
"DM Alvarado, RD Hawkins, S Bashiardes, ...",An RNA interference-based screen of transcription factor genes identifies pathways necessary for sensory regeneration in the avian inner ear,2011,Journal of …,Soc Neuroscience,http://www.jneurosci.org/content/31/12/4535.short,,
AM Young,Wing coloration and reflectance in Morpho butterflies as related to reproductive behavior and escape from avian predators,1971,Oecologia,Springer,https://link.springer.com/article/10.1007/BF00345212,,
"RM Ramírez, Y Almanza, S García, ...",Adherence and invasion of avian pathogenic Escherichia coli to avian tracheal epithelial cells,2009,World Journal of …,Springer,https://link.springer.com/article/10.1007/s11274-009-9978-5,,
"RM La Ragione, WA Cooley, P Velge, ...",Membrane ruffling and invasion of human and avian cell lines is reduced for aflagellate mutants of Salmonella enterica serotype Enteritidis,2003,International journal of …,Elsevier,https://www.sciencedirect.com/science/article/pii/S1438422104701605,,
S YiáLiu,Elucidation of the chemical composition of avian melanin,2014,RSC Advances,pubs.rsc.org,https://pubs.rsc.org/en/content/articlehtml/2014/ra/c4ra06606e,,
"R Giebel, C Worden, SM Rust, GT Kleinheinz, ...",Microbial fingerprinting using matrix-assisted laser desorption ionization time-of-flight mass spectrometry (MALDI-TOF MS): applications and challenges,2010,Advances in applied …,Elsevier,https://www.sciencedirect.com/science/article/pii/S0065216410710066,,
MF Lartigue,Matrix-assisted laser desorption ionization time-of-flight mass spectrometry for bacterial strain characterization,2013,"Infection, Genetics and Evolution",Elsevier,https://www.sciencedirect.com/science/article/pii/S1567134812003449,,
JW Patterson Jr,Evaluation of new obstruction lighting techniques to reduce avian fatalities,2012,,trid.trb.org,https://trid.trb.org/view/1222903,,
"K Mcmillan, SM Shapshay, JA McGilligan, ...",A 585‐nanometer pulsed dye laser treatment of laryngeal papillomas: preliminary report,1998,The …,Wiley Online Library,https://onlinelibrary.wiley.com/doi/abs/10.1097/00005537-199807000-00003,,
"EB Pasquale, TJ Deerinck, SJ Singer, ...","Cek5, a membrane receptor-type tyrosine kinase, is in neurons of the embryonic and postnatal avian brain",1992,Journal of …,Soc Neuroscience,http://www.jneurosci.org/content/12/10/3956.short,,
"G Valkiūnas, R Žiegytė, V Palinauskas, ...","Complete sporogony of Plasmodium relictum (lineage pGRW4) in mosquitoes Culex pipiens pipiens, with implications on avian malaria epidemiology",2015,Parasitology …,Springer,https://link.springer.com/article/10.1007/s00436-015-4510-3,,
"A Gupta, JC Edwards, KA Hruska",Cellular distribution and regulation of NHE-1 isoform of the Na-H exchanger in the avian osteoclast,1996,Bone,Elsevier,https://www.sciencedirect.com/science/article/pii/8756328295004556,,
DJ McCafferty,Applications of thermal imaging in avian science,2013,Ibis,Wiley Online Library,https://onlinelibrary.wiley.com/doi/abs/10.1111/ibi.12010%4010.1111/%28ISSN%291474-919X.reviews,,
"P Matteini, F Rossi, L Menabuoni, ...",Microscopic characterization of collagen modifications induced by low‐temperature diode‐laser welding of corneal tissue,2007,… Society for Laser …,Wiley Online Library,https://onlinelibrary.wiley.com/doi/abs/10.1002/lsm.20532,,
"TG Spiro, BP Gaber",Laser Raman scattering as a probe of protein structure,1977,Annual review of biochemistry,annualreviews.org,https://www.annualreviews.org/doi/pdf/10.1146/annurev.bi.46.070177.003005,,
"JT Sowder, CL Chen, LL Ager, MM Chan, ...",A large subpopulation of avian T cells express a homologue of the mammalian T gamma/delta receptor.,1988,Journal of …,jem.rupress.org,http://jem.rupress.org/content/167/2/315.abstract,,
Y Bhattacharjee,Scientist pleads guilty of receiving illegally imported avian flu virus,2004,,science.sciencemag.org,http://science.sciencemag.org/content/305/5692/1886.1.short,,
"PM Kulesa, CM Bailey, C Cooper, ...",In ovo live imaging of avian embryos,2010,Cold Spring Harbor …,cshprotocols.cshlp.org,http://cshprotocols.cshlp.org/content/2010/6/pdb.prot5446.short,,
"BL MARRONE, HA CRISSMAN",Characterization of granulosa cell subpopulations from avian preovulatory follicles by multiparameter flow cytometry,1988,Endocrinology,academic.oup.com,https://academic.oup.com/endo/article-abstract/122/2/651/2530894,,
"N Iaffaldano, A Meluzzi, A Manchisi, ...",Improvement of stored turkey semen quality as a result of He–Ne laser irradiation,2005,Animal reproduction …,Elsevier,https://www.sciencedirect.com/science/article/pii/S0378432004001198,,
"HH Samson, L Lavine",Effects of pentobarbital on the visual evoked response in the avian optic tectum,1972,Physiology & behavior,Elsevier,https://www.sciencedirect.com/science/article/pii/0031938472902223,,
"LNY Wu, Y Ishikawa, GR Sauer, ...",Morphological and biochemical characterization of mineralizing primary cultures of avian growth plate chondrocytes: Evidence for cellular processing of Ca2+ and Pi …,1995,Journal of cellular …,Wiley Online Library,https://onlinelibrary.wiley.com/doi/abs/10.1002/jcb.240570206,,
"A Maslova, A Krasikova",Nuclear actin depolymerization in transcriptionally active avian and amphibian oocytes leads to collapse of intranuclear structures,2012,Nucleus,Taylor & Francis,https://www.tandfonline.com/doi/abs/10.4161/nucl.20393,,
"DC Jeong, PS Tsai, D Kleinfeld",Prospect for feedback guided surgery with ultra-short pulsed laser light,2012,Current opinion in neurobiology,Elsevier,https://www.sciencedirect.com/science/article/pii/S0959438811001863,,
"KO Greulich, G Pilarczyk, A Hoffmann, ...",Micromanipulation by laser microbeam and optical tweezers: from plant cells to single molecules,2000,Journal of …,Wiley Online Library,https://onlinelibrary.wiley.com/doi/abs/10.1046/j.1365-2818.2000.00698.x,,
"M Lierz, HM Hafez, KS Honkavuori, AD Gruber, ...","Anatomical distribution of avian bornavirus in parrots, its occurrence in clinically healthy birds and ABV-antibody detection",2009,Avian …,Taylor & Francis,https://www.tandfonline.com/doi/abs/10.1080/03079450903349238,,
"SA Hinsley, RA Hill, DLA Gaveau, ...",Quantifying woodland structure and habitat quality for birds using airborne laser scanning,2002,Functional …,Wiley Online Library,https://besjournals.onlinelibrary.wiley.com/doi/abs/10.1046/j.1365-2435.2002.00697.x,,
"JS Stone, EW Rubel","Temporal, spatial, and morphologic features of hair cell regeneration in the avian basilar papilla",2000,Journal of Comparative Neurology,Wiley Online Library,https://onlinelibrary.wiley.com/doi/abs/10.1002/(SICI)1096-9861(20000131)417:1%3C1::AID-CNE1%3E3.0.CO;2-E,,
"S Holland, J Höchel, A Burmeister, O Janke, ...",A method for measuring deep body temperature in avian embryos,1998,Journal of thermal …,Elsevier,https://www.sciencedirect.com/science/article/pii/S0306456598000023,,
"T Klein, W Wieser, CM Eigenwillig, ...",Megahertz OCT for ultrawide-field retinal imaging with a 1050nm Fourier domain mode-locked laser,2011,Optics …,osapublishing.org,https://www.osapublishing.org/abstract.cfm?uri=oe-19-4-3044,,
"J Kim, H Park, PG Jabłoński, H Choi",The function of the alula in avian flight,2015,Scientific reports,nature.com,https://www.nature.com/articles/srep09914,,
"R Mojumder, EH Chowdhury, R Parvin, ...","… of multiplex reverse transcription polymerase chain reaction (RT-PCR) for simultaneous detection of matrix, haemagglutinin and neuraminidase genes of H5N1 avian …",2011,Bangladesh …,banglajol.info,https://www.banglajol.info/index.php/BVET/article/view/10653,,
"JJ D'Agostino, T Snider, J Hoover, G West",Use of laser ablation and cryosurgery to prevent primary feather growth in a pigeon (Columba livia) model,2006,… of Avian Medicine and Surgery,BioOne,https://bioone.org/journals/Journal-of-Avian-Medicine-and-Surgery/volume-20/issue-4/1082-6742(2006)20[219:UOLAAC]2.0.CO;2/Use-of-Laser-Ablation-and-Cryosurgery-to-Prevent-Primary-Feather/10.1647/1082-6742(2006)20[219:UOLAAC]2.0.CO;2.short,,
G Littauer,Avian predators,2000,,liveoak.agrilife.org,http://liveoak.agrilife.org/files/2011/07/Avian_Predators_1.pdf,,
"T Longcore, C Rich, P Mineau, B MacDonald, DG Bert, ...",An estimate of avian mortality at communication towers in the United States and Canada,2012,PLoS one,journals.plos.org,https://journals.plos.org/plosone/article?id=10.1371/journal.pone.0034025,,
"SL Hennigan, JD Driskell, N Ferguson-Noel, ...",Detection and differentiation of avian mycoplasmas by surface-enhanced Raman spectroscopy based on a silver nanorod array,2012,Appl. Environ …,Am Soc Microbiol,https://aem.asm.org/content/78/6/1930.short,,
"TD Fitzsimmons, P Fagerholm, ...",Hyaluronic acid in the rabbit cornea after excimer laser superficial keratectomy.,1992,… & visual science,iovs.arvojournals.org,https://iovs.arvojournals.org/article.aspx?articleid=2178659,,
"MM Mortensen, P Woo, C Ivey, C Thompson, ...",The use of the pulse dye laser in the treatment of vocal fold scar: a preliminary study,2008,The …,Wiley Online Library,https://onlinelibrary.wiley.com/doi/abs/10.1097/MLG.0b013e31817d7546,,
"MJ Ju, P Aroca, J Luo, L Puelles, C Redies",Molecular profiling indicates avian branchiomotor nuclei invade the hindbrain alar plate,2004,Neuroscience,Elsevier,https://www.sciencedirect.com/science/article/pii/S0306452204005998,,
"AA Husseiny, O Abdallah, FB Thigpen, ...",Active non-lethal avian denial infrasound systems and methods of avian denial,2012,US Patent App. 12 …,Google Patents,https://patents.google.com/patent/US20120113754A1/en,,
"F Rothenberg, M Hitomi, SA Fisher, ...",Initiation of apoptosis in the developing avian outflow tract myocardium,2002,Developmental …,Wiley Online Library,https://febs.onlinelibrary.wiley.com/doi/pdf/10.1002/dvdy.10077,,
"ON Larsen, F Goller, JL van LEEUWEN",Aspects of syringeal mechanics in avian phonation,2006,Acta zoologica sinica,library.wur.nl,https://library.wur.nl/WebQuery/wurpubs/351064,,
"SL Khawar, K Watson, GL Jones",A comparative electrophoretic analysis of mammalian hair and avian feather proteins,1997,… journal of biochemistry & cell biology,Elsevier,https://www.sciencedirect.com/science/article/pii/S1357272596000817,,
"SO STAPEL, A ZWEERS, ...","ɛ‐Crystallin, a novel avian and reptilian eye lens protein",1985,European journal of …,Wiley Online Library,https://febs.onlinelibrary.wiley.com/doi/abs/10.1111/j.1432-1033.1985.tb08728.x,,
"Y Wu, Y Bi, CJ Vavricka, X Sun, Y Zhang, F Gao, ...",Characterization of two distinct neuraminidases from avian-origin human-infecting H7N9 influenza viruses,2013,Cell research,nature.com,https://www.nature.com/articles/cr2013144,,
L Christmann,Microinjection assembly and methods for microinjecting and reimplanting avian eggs,2002,"US Patent App. 09/919,143",Google Patents,https://patents.google.com/patent/US20020116732A1/en,,
"R May, O Reitan, K Bevanger, SH Lorentsen, ...","Mitigating wind-turbine induced avian mortality: sensory, aerodynamic and cognitive constraints and options",2015,… and Sustainable Energy …,Elsevier,https://www.sciencedirect.com/science/article/pii/S1364032114008193,,
"MA Ros, FB Rivero, JR Hinchliffe, JM Hurle",Immunohistological and ultrastructural study of the developing tendons of the avian foot,1995,Anatomy and embryology,Springer,https://link.springer.com/article/10.1007/BF00187179,,
"MEC Fitzgerald, PDR Gamlin, Y Zagvazdin, ...",Central neural circuits for the light-mediated reflexive control of choroidal blood flow in the pigeon eye: a laser Doppler study,1996,Visual …,cambridge.org,https://www.cambridge.org/core/journals/visual-neuroscience/article/central-neural-circuits-for-the-lightmediated-reflexive-control-of-choroidal-blood-flow-in-the-pigeon-eye-a-laser-doppler-study/7E0A6E3C1D4B3F31AD540ECC829DA0EC,,
"S Hanashima, PH Seeberger",Total synthesis of sialylated glycans related to avian and human influenza virus infection.,2007,"Chemistry, an Asian journal",europepmc.org,https://europepmc.org/abstract/med/17963282,,
"T Nii, N Isobe, Y Yoshimura",Effects of avian infectious bronchitis virus antigen on eggshell formation and immunoreaction in hen oviduct,2014,Theriogenology,Elsevier,https://www.sciencedirect.com/science/article/pii/S0093691X14000776,,
"JA Guadix, R Carmona, ...",In vivo and in vitro analysis of the vasculogenic potential of avian proepicardial and epicardial cells,2006,… dynamics: an official …,Wiley Online Library,https://onlinelibrary.wiley.com/doi/abs/10.1002/dvdy.20685,,
"P Sharp, P Van Ess, B Ji, CB Thomas",Immunobinding assay for the speciation of avian mycoplasmas adapted for use with a 96-well filtration manifold,1991,Avian diseases,JSTOR,https://www.jstor.org/stable/1591185,,
"EJ Black, W Clark, DAF Gillespie",Transient deactivation of ERK signalling is sufficient for stable entry into G0 in primary avian fibroblasts,2000,Current Biology,Elsevier,https://www.sciencedirect.com/science/article/pii/S0960982200006990,,
"ME Warchol, JT Corwin",Supporting cells in avian vestibular organs proliferate in serum-free culture,1993,Hearing research,Elsevier,https://www.sciencedirect.com/science/article/pii/037859559390018V,,
AL Holden,Electrophysiology of the avian retina,1982,Progress in Retinal Research,Elsevier,https://www.sciencedirect.com/science/article/pii/0278432782900086,,
"BG Atkinson, TW Blaker, J Tomlinson, ...",Ferritin is a translationally regulated heat shock protein of avian reticulocytes.,1990,Journal of Biological …,ASBMB,http://www.jbc.org/content/265/24/14156.short,,
"DE Rounds, EC Chamberlain, ...",Laser radiation of tissue cultures,1965,Annals of the New York …,Wiley Online Library,https://onlinelibrary.wiley.com/doi/pdf/10.1111/j.1749-6632.1965.tb20253.x,,
SJ Divers,Avian diagnostic endoscopy,2010,Veterinary Clinics: Exotic Animal Practice,vetexotic.theclinics.com,https://www.vetexotic.theclinics.com/article/S1094-9194(10)00014-9/abstract,,
"Y Wu, AH Tobias, K Bell, W Barry, M Helmes, ...",Cellular and molecular mechanisms of systolic and diastolic dysfunction in an avian model of dilated cardiomyopathy,2004,Journal of molecular and …,Elsevier,https://www.sciencedirect.com/science/article/pii/S0022282804001129,,
"J Mueller, C Moning, C Baessler, M Heurich, ...",Using airborne laser scanning to model potential abundance and assemblages of forest passerines,2009,Basic and Applied …,Elsevier,https://www.sciencedirect.com/science/article/pii/S1439179109000280,,
"PD Walton, JA Airey, JL Sutko, CF Beck, ...",Ryanodine and inositol trisphosphate receptors coexist in avian cerebellar Purkinje neurons.,1991,The Journal of Cell …,jcb.rupress.org,http://jcb.rupress.org/content/113/5/1145.abstract,,
"KH Ek, GM Morrison, P Lindberg, S Rauch",Comparative tissue distribution of metals in birds in Sweden using ICP-MS and laser ablation ICP-MS,2004,Archives of Environmental …,Springer,https://link.springer.com/article/10.1007/s00244-004-3138-6,,
"D Grate, C Wilson","Laser-mediated, site-specific inactivation of RNA transcripts",1999,… of the National Academy of Sciences,National Acad Sciences,https://www.pnas.org/content/96/11/6131.short,,
M Weiser,Avian novelty with tail prop,2005,"US Patent App. 29/185,722",Google Patents,https://patents.google.com/patent/USD503200S1/en,,
"M Wang, W Zhang, J Qi, F Wang, J Zhou, Y Bi, ...",Structural basis for preferential avian receptor binding by the human-infecting H10N8 avian influenza virus,2015,Nature …,nature.com,https://www.nature.com/articles/ncomms6600,,
T Weis-Fogh,Functional design of the tracheal system of flying insects as compared with the avian lung,1964,Journal of Experimental Biology,jeb.biologists.org,http://jeb.biologists.org/content/41/2/207.short,,
"CM Nycholat, R McBride, DC Ekiert, ...",Recognition of Sialylated Poly‐N‐acetyllactosamine Chains on N‐ and O‐Linked Glycans by Human and Avian Influenza A Virus Hemagglutinins,2012,Angewandte Chemie …,Wiley Online Library,https://onlinelibrary.wiley.com/doi/abs/10.1002/anie.201200596,,
"JV Thomalla, RA Rudolph, RC Rink, ...",Induction of Cloacal Exstrophy in the Chick Embryo Using the CO2 Laser,1985,The Journal of …,auajournals.org,https://www.auajournals.org/doi/abs/10.1016/S0022-5347%2817%2947573-2,,
"NC Kan, CS Flordellis, GE Mark, PH Duesberg, ...",A common onc gene sequence transduced by avian carcinoma virus MH2 and by murine sarcoma virus 3611,1984,…,science.sciencemag.org,http://science.sciencemag.org/content/223/4638/813.short,,
"JL SMITH, DANB JONES",Experimental avian ocular histoplasmosis,1962,Archives of Ophthalmology,jamanetwork.com,https://jamanetwork.com/journals/jamaophthalmology/article-abstract/626785,,
SJ Divers,Avian endosurgery,2010,Veterinary Clinics: Exotic Animal Practice,vetexotic.theclinics.com,https://www.vetexotic.theclinics.com/article/S1094-9194(10)00015-0/abstract,,
"MN Matrosovich, TY Matrosovich, ...",Human and avian influenza viruses target different cell types in cultures of human airway epithelium,2004,Proceedings of the …,National Acad Sciences,https://www.pnas.org/content/101/13/4620.short,,
"ZA Cheviron, MD Carling, RT Brumfield",Effects of postmortem interval and preservation method on RNA isolated from field-preserved avian tissues,2011,The Condor,academic.oup.com,https://academic.oup.com/condor/article-abstract/113/3/483/5152685,,
"TM Luider, MJ Peters-Van Der Sanden, ...",Characterization of HNK-1 antigens during the formation of the avian enteric nervous system,1992,…,dev.biologists.org,http://dev.biologists.org/content/115/2/561.short,,
"RJ Lane, JJ Wynne, ...",Ultraviolet laser ablation of skin: healing studies and a thermal model,1987,Lasers in surgery and …,Wiley Online Library,https://onlinelibrary.wiley.com/doi/abs/10.1002/lsm.1900060605,,
"N Nwe, Q He, ...",Expression of hemagglutinin protein from the avian influenza virus H5N1 in a baculovirus/insect cell system significantly enhanced by suspension culture,2006,BMC …,bmcmicrobiol.biomedcentral.com,https://bmcmicrobiol.biomedcentral.com/articles/10.1186/1471-2180-6-16,,
"KD Brubaker, CV Gay",Estrogen stimulates protein tyrosine phosphorylation and Src kinase activity in avian osteoclasts,2000,Journal of cellular biochemistry,Wiley Online Library,https://onlinelibrary.wiley.com/doi/abs/10.1002/(SICI)1097-4644(20000201)76:2%3C206::AID-JCB5%3E3.0.CO;2-R,,
"M Matsubayashi, I Kimata, M Iseki, HS Lillehoj, ...",Cross-reactivities with Cryptosporidium spp. by chicken monoclonal antibodies that recognize avian Eimeria spp.,2005,Veterinary …,Elsevier,https://www.sciencedirect.com/science/article/pii/S0304401704005138,,
"SM Ford, MT McPheeters, YT Wang, P Ma, ...",Increased regurgitant flow causes endocardial cushion defects in an avian embryonic model of congenital heart disease,2017,Congenital heart …,Wiley Online Library,https://onlinelibrary.wiley.com/doi/abs/10.1111/chd.12443,,
"G Zhang, DL Boyle, Y Zhang, AR Rogers, ...",Development and mineralization of embryonic avian scleral ossicles,2012,Molecular …,ncbi.nlm.nih.gov,https://www.ncbi.nlm.nih.gov/pmc/articles/PMC3283216/,,
"KT Vierling, C Bässler, R Brandl, ...",Spinning a laser web: predicting spider distributions using LiDAR,2011,Ecological …,Wiley Online Library,https://onlinelibrary.wiley.com/doi/pdf/10.1890/09-2155.1,,
"HC Yalcin, A Shekhar, TC McQuinn, ...",Hemodynamic patterning of the avian atrioventricular valve,2011,Developmental …,Wiley Online Library,https://onlinelibrary.wiley.com/doi/abs/10.1002/dvdy.22512,,
"AL Henning, MX Jiang, HC Yalcin, ...",Quantitative three‐dimensional imaging of live avian embryonic morphogenesis via micro‐computed tomography,2011,Developmental …,Wiley Online Library,https://onlinelibrary.wiley.com/doi/abs/10.1002/dvdy.22694,,
"PT Weber, TJ Nohara",Device and method for 3D height-finding avian radar,2011,"US Patent 7,864,103",Google Patents,https://patents.google.com/patent/US7864103B2/en,,
"RL Atkins, D Wang, RD Burke",Localized electroporation: a method for targeting expression of genes in avian embryos,2000,Biotechniques,Future Science,https://www.future-science.com/doi/abs/10.2144/00281st04,,
"D Xu, L Liu, J Guan, J Xu, T Wang, A Qin, X Hu, ...",Label-free microcantilever-based immunosensors for highly sensitive determination of avian influenza virus H9,2014,Microchimica Acta,Springer,https://link.springer.com/article/10.1007/s00604-013-1129-x,,
"HR Maturana, FJ Varela",Color-opponent responses in the avian lateral geniculate: a study in the quail (Coturnix coturnix japonica),1982,Brain research,Elsevier,https://www.sciencedirect.com/science/article/pii/0006899382912483,,
"HM Thompson, CH Walker, AR Hardy",Avian esterases as indicators of exposure to insecticides—The factor of diurnal variation,1988,Bulletin of environmental …,Springer,http://www.springerlink.com/index/X512114172517067.pdf,,
"D Dean, A Shama, J Schachter, ...",Molecular Identification of an Avian Strain of Chlamydia psittaci Causing Severe Keratoconjunctivitis in a Bird Fancier,1995,Clinical infectious …,academic.oup.com,https://academic.oup.com/cid/article-abstract/20/5/1179/413877,,
"DA Mangiardi, ...",Progression of hair cell ejection and molecular markers of apoptosis in the avian cochlea following gentamicin treatment,2004,Journal of …,Wiley Online Library,https://onlinelibrary.wiley.com/doi/abs/10.1002/cne.20129,,
"C Derache, H Meudal, V Aucagne, KJ Mark, ...",Initial insights into structure-activity relationships of avian defensins,2012,Journal of Biological …,ASBMB,http://www.jbc.org/content/287/10/7746.short,,
"CR Guthrie, LW Murray, GE Kopchok, ...",Biochemical mechanisms of laser vascular tissue fusion,1991,Journal of …,Taylor & Francis,https://www.tandfonline.com/doi/abs/10.3109/08941939109140756,,
"JM Hurle, GT Kitten, LY Sakai, D Volpin, ...",Elastic extracellular matrix of the embryonic chick heart: an immunohistological study using laser confocal microscopy,1994,Developmental …,Wiley Online Library,https://onlinelibrary.wiley.com/doi/abs/10.1002/aja.1002000407,,
P Kerlinger,"Avian mortality at communication towers: a review of recent literature, research, and methodology",2000,,digitalcommons.unl.edu,https://digitalcommons.unl.edu/usfwspubs/162/,,
"JE Bird, N Daudet, ME Warchol, ...",Supporting cells eliminate dying sensory hair cells to maintain epithelial integrity in the avian inner ear,2010,Journal of …,Soc Neuroscience,http://www.jneurosci.org/content/30/37/12545.short,,
"D Macías, JM Pérez-Pomares, L García-Garrido, ...",Immunoreactivity of the ets-1 transcription factor correlates with areas of epithelial-mesenchymal transition in the developing avian heart,1998,Anatomy and …,Springer,https://link.springer.com/article/10.1007/s004290050186,,
H Tazawa,Cardiac rhythms in avian embryos and hatchlings,2005,Avian and Poultry Biology Reviews,ingentaconnect.com,https://www.ingentaconnect.com/contentone/stl/apbr/2005/00000016/00000003/art00001,,
"WP Erickson, GD Johnson, DM Strickland, DP Young Jr, ...",Avian collisions with wind turbines: a summary of existing studies and comparisons to other sources of avian collision mortality in the United States,2001,,osti.gov,https://www.osti.gov/biblio/822418,,
"MY Jeon, J Zhang, Q Wang, Z Chen",High-speed and wide bandwidth Fourier domain mode-locked wavelength swept laser with multiple SOAs,2008,Optics express,osapublishing.org,https://www.osapublishing.org/abstract.cfm?uri=oe-16-4-2547,,
"T Khodyuchenko, E Gaginskaya, ...",Non-canonical Cajal bodies form in the nucleus of late stage avian oocytes lacking functional nucleolus,2012,Histochemistry and cell …,Springer,https://link.springer.com/article/10.1007/s00418-012-0938-z,,
DG Whitlock,A neurohistological and neurophysiological study of afferent fiber tracts and receptive areas of the avian cerebellum,1952,Journal of Comparative Neurology,Wiley Online Library,https://onlinelibrary.wiley.com/doi/abs/10.1002/cne.900970307,,
"R Nickel, D Becker, A Forge",Molecular and functional characterization of gap junctions in the avian inner ear,2006,Journal of Neuroscience,Soc Neuroscience,http://www.jneurosci.org/content/26/23/6190.short,,
"ON Larsen, J Christensen-Dalsgaard, KK Jensen",Role of intracranial cavities in avian directional hearing,2016,Biological cybernetics,Springer,https://link.springer.com/article/10.1007/s00422-016-0688-4,,
"X Li, J Liu, M Davey, S Duce, N Jaberi, G Liu, ...",Micro‐magnetic resonance imaging of avian embryos,2007,Journal of …,Wiley Online Library,https://onlinelibrary.wiley.com/doi/abs/10.1111/j.1469-7580.2007.00825.x,,
"DC Brosius, JT Hackett, JB Tuttle",Ca (2+)-independent and Ca (2+)-dependent stimulation of quantal neurosecretion in avian ciliary ganglion neurons,1992,Journal of neurophysiology,physiology.org,https://www.physiology.org/doi/abs/10.1152/jn.1992.68.4.1229,,
"J Hars, S Ruette, M Benmergui, C Fouque, ...","The epidemiology of the highly pathogenic H5N1 avian influenza in mute swan (Cygnus olor) and other Anatidae in the Dombes region (France), 2006",2008,Journal of Wildlife …,Wildlife Dis Assoc,http://www.jwildlifedis.org/doi/abs/10.7589/0090-3558-44.4.811,,
"Q Wu, L Fang, X Wu, B Li, R Luo, Z Yu, M Jin, ...",A pseudotype baculovirus-mediated vaccine confers protective immunity against lethal challenge with H5N1 avian influenza virus in mice and chickens,2009,Molecular …,Elsevier,https://www.sciencedirect.com/science/article/pii/S0161589009001874,,
"TU LINNA, JJ PÉREZ-SANTONJA, KM TERVO, ...",Recovery of corneal nerve morphology following laser in situ keratomileusis,1998,Experimental eye …,Elsevier,https://www.sciencedirect.com/science/article/pii/S0014483598904699,,
"DM Fekete, S Muthukumar, ...",Hair cells and supporting cells share a common progenitor in the avian inner ear,1998,Journal of …,Soc Neuroscience,http://www.jneurosci.org/content/18/19/7811.short,,
"RD Burke, D Wang, S Mark, G Martens",Distribution of fibrillin I in extracellular matrix and epithelia during early development of avian embryos,2000,Anatomy and embryology,Springer,https://link.springer.com/article/10.1007/s004290050320,,
"Y Sun, S Hayakawa","Heat-induced gels of egg white/ovalbumins from five avian species: thermal aggregation, molecular forces involved, and rheological properties",2002,Journal of agricultural and food chemistry,ACS Publications,https://pubs.acs.org/doi/abs/10.1021/jf0109975,,
"V Ruelle, BE Moualij, W Zorzi, ...",Rapid identification of environmental bacterial strains by matrix‐assisted laser desorption/ionization time‐of‐flight mass spectrometry,2004,… in Mass Spectrometry,Wiley Online Library,https://onlinelibrary.wiley.com/doi/abs/10.1002/rcm.1584,,
"DH Tung, D Van Quyen, T Nguyen, HT Xuan, ...",Molecular characterization of a H5N1 highly pathogenic avian influenza virus clade 2.3. 2.1 b circulating in Vietnam in 2011,2013,Veterinary …,Elsevier,https://www.sciencedirect.com/science/article/pii/S037811351300237X,,
"CL Kaiser, AJ Kamien, PA Shah, ...",5‐Ethynyl‐2′‐deoxyuridine labeling detects proliferating cells in the regenerating avian cochlea,2009,The …,Wiley Online Library,https://onlinelibrary.wiley.com/doi/abs/10.1002/lary.20557,,
"Z Huang, D Fang, P Lv, X Bian, X Ruan, Y Yan, ...",Differential cellular immune responses between chickens and ducks to H9N2 avian influenza virus infection,2012,Veterinary immunology …,Elsevier,https://www.sciencedirect.com/science/article/pii/S0165242712003406,,
"HJ Liu, PH Huang",Sequence and phylogenetic analysis of the σA-encoding gene of avian reovirus,2001,Journal of virological methods,Elsevier,https://www.sciencedirect.com/science/article/pii/S0166093401003287,,
"R Carmona, M Gonzalez-Iriarte, ...",Localization of the Wilms' tumour protein WT1 in avian embryos,2001,Cell and tissue …,Springer,https://link.springer.com/article/10.1007/s004410000307,,
"PC Banko, ML Cipollini, GW Breton, E Paulk, ...",Seed Chemistry of Sophora chrysophylla (Mamane) in Relation to Diet of Specialist Avian Seed Predator Loxioides bailleui (Palila) in Hawaii,2002,Journal of Chemical …,Springer,https://link.springer.com/article/10.1023/A:1016248502927,,
AM Manville,"Communication Towers, Wind Generators, and Research: Avian Conservation Concerns",2001,Proceedings of National Avian-Wind Power Planning …,osti.gov,https://www.osti.gov/servlets/purl/822422#page=156,,
"R Morais, P Desjardins, C Turmel, ...",Development and characterization of continuous avian cell lines depleted of mitochondrial DNA,1988,In vitro cellular & …,Springer,https://link.springer.com/article/10.1007/BF02623602,,
"KN Bharadwaj, C Spitz, A Shekhar, HC Yalcin, ...",Computational fluid dynamics of developing avian outflow tract heart valves,2012,Annals of biomedical …,Springer,https://link.springer.com/article/10.1007/s10439-012-0574-8,,
"EM Espana, M Grueterich, A Mateo, AC Romano, ...",Cleavage of corneal basement membrane components by ethanol exposure in laser-assisted subepithelial keratectomy,2003,Journal of Cataract & …,Elsevier,https://www.sciencedirect.com/science/article/pii/S088633500201982X,,
"J Pieper, U Methner, A Berndt",Heterogeneity of avian γδ T cells,2008,Veterinary immunology and …,Elsevier,https://www.sciencedirect.com/science/article/pii/S0165242708001347,,
"FHG Leite, TF Almeida, RT Faria Jr, JNF Holanda",Synthesis and characterization of calcium silicate insulating material using avian eggshell waste,2017,Ceramics International,Elsevier,https://www.sciencedirect.com/science/article/pii/S0272884216324129,,
HE Wassermann,Avian tuberculosis endophthalmitis,1973,Archives of Ophthalmology,jamanetwork.com,https://jamanetwork.com/journals/jamaophthalmology/article-abstract/630885,,
"MT Henzl, RE Serda, JM Boschi",Identification of a novel parvalbumin in avian thymic tissue,1991,Biochemical and biophysical research …,Elsevier,https://www.sciencedirect.com/science/article/pii/0006291X9191872A,,
"D Wujanz, M Avian, D Krueger, ...",Identification of stable areas in unreferenced laser scans for automated geomorphometric monitoring,2018,Earth Surface …,search.proquest.com,http://search.proquest.com/openview/9dec9723ec501fba9eaba3a9e29acc1c/1?pq-origsite=gscholar&cbl=2037686,,
"OV Dolnik, V Palinauskas, S Bensch",Individual oocysts of Isospora (Apicomplexa: Coccidia) parasites from avian feces: from photo to sequence,2009,Journal of Parasitology,BioOne,https://bioone.org/journals/Journal-of-Parasitology/volume-95/issue-1/GE-1873.1/Individual-Oocysts-of-span-classgenus-speciesIsospora-span-Apicomplexa--Coccidia/10.1645/GE-1873.1.short,,
"J Wang, JM Sanger, S Kang, H Thurston, ...",Ectopic expression and dynamics of TPM1α and TPM1κ in myofibrils of avian myotubes,2007,Cell motility and the …,Wiley Online Library,https://onlinelibrary.wiley.com/doi/abs/10.1002/cm.20221,,
"MRS Shapouri, M Kane, M Letarte, ...","Cloning, sequencing and expression of the S1 gene of avian reovirus",1995,Journal of …,jgv.microbiologyresearch.org,https://jgv.microbiologyresearch.org/content/journal/jgv/10.1099/0022-1317-76-6-1515,,
"FR Johnson, EJ McNaughton, CD Shelley, ...",Mechanisms of heterospecific recognition in avian mobbing calls,2003,Australian Journal of …,CSIRO,http://www.publish.csiro.au/zo/ZO03031,,
"PJ Reiser, ML Greaser, RL Moss",Myosin heavy chain composition of single cells from avian slow skeletal muscle is strongly correlated with velocity of shortening during development,1988,Developmental biology,Elsevier,https://www.sciencedirect.com/science/article/pii/0012160688903879,,
"EA Berry, LS Huang, Z Zhang, SH Kim",Structure of the Avian Mitochondrial Cytochrome bc1 Complex,1999,Journal of bioenergetics and …,Springer,https://link.springer.com/article/10.1023/A:1005459426843,,
Y Raphael,Evidence for supporting cell mitosis in response to acoustic trauma in the avian inner ear,1992,Journal of neurocytology,Springer,https://link.springer.com/article/10.1007/BF01191727,,
"C Liu, C Fukuhara, JH Wessel, PM Iuvone, ...",Localization of Aa-nat mRNA in the rat retina by fluorescence in situ hybridization and laser capture microdissection,2004,Cell and tissue …,Springer,https://link.springer.com/article/10.1007/s00441-003-0822-1,,
"ML Gay, AA Belisle, JF Patton",Quantification of petroleum-type hydrocarbons in avian tissue,1980,Journal of Chromatography A,Elsevier,https://www.sciencedirect.com/science/article/pii/S0021967300878814,,
"P Vennemann, KT Kiger, NTC Ursem, ...",In vivo micro PIV in the embryonic avian heart,2005,… symposium on particle …,ahd.tudelft.nl,http://ahd.tudelft.nl/~peterv/papers/piv05.pdf,,
"EA Paul, RL Ilich",Modular injection system for avian embryos,1992,"US Patent 5,136,979",Google Patents,https://patents.google.com/patent/US5136979A/en,,
"CA Goddard, SP Mysore, AS Bryant, JR Huguenard, ...",Spatially reciprocal inhibition of inhibition within a stimulus selection network in the avian midbrain,2014,PloS one,journals.plos.org,https://journals.plos.org/plosone/article?id=10.1371/journal.pone.0085865,,
"PG McGuire, SM Alexander",Urokinase expression during the epithelial–mesenchymal transformation of the avian somite,1992,Developmental dynamics,Wiley Online Library,https://onlinelibrary.wiley.com/doi/abs/10.1002/aja.1001940304,,
"J Xu, D Suarez, DS Gottfried",Detection of avian influenza virus using an interferometric biosensor,2007,Analytical and bioanalytical chemistry,Springer,https://link.springer.com/article/10.1007/s00216-007-1525-3,,
LF Chapman,Mechanisms of the flare reaction in human skin,1977,Journal of Investigative Dermatology,Elsevier,https://www.sciencedirect.com/science/article/pii/S0022202X15450705,,
"GB Melikyan, RJO Barnard, RM Markosyan, ...",Low pH is required for avian sarcoma and leukosis virus Env-induced hemifusion and fusion pore formation but not for pore growth,2004,Journal of …,Am Soc Microbiol,https://jvi.asm.org/content/78/7/3753.short,,
JH Hebrank,High speed automated injection system for avian embryos,1990,"US Patent 4,903,635",Google Patents,https://patents.google.com/patent/US4903635A/en,,
"L HAN, P LI",Progress on the Immunology of Avian Coccidiosis [J],2005,Progress In Veterinary Medicine,en.cnki.com.cn,http://en.cnki.com.cn/Article_en/CJFDTOTAL-DYJZ200508007.htm,,
SM Parker,Avian nesting diverters and methods for using the same,2014,"US Patent 8,627,613",Google Patents,https://patents.google.com/patent/US8627613B2/en,,
"TE Toth, R Curtiss III, H Veit, RH Pyle, PB Siegel",Reaction of the avian respiratory system to intratracheally administered avirulent Salmonella typhimurium,1992,Avian diseases,JSTOR,https://www.jstor.org/stable/1591709,,
"KL Boeshore, CN Luckey, RE Zigmond, ...",TrkB isoforms with distinct neurotrophin specificities are expressed in predominantly nonoverlapping populations of avian dorsal root ganglion neurons,1999,Journal of …,Soc Neuroscience,http://www.jneurosci.org/content/19/12/4739.short,,
"CM Liberatore, KE Yutzey",MAP kinase activation in avian cardiovascular development,2004,Developmental dynamics: an …,Wiley Online Library,https://onlinelibrary.wiley.com/doi/abs/10.1002/dvdy.20092,,
"RK Murphy, SM McPherron, GD Wright, ...","Effectiveness of avian collision averters in preventing migratory bird mortality from powerline strikes in the central Platte River, Nebraska",2009,Final Report to the US …,the-eis.com,http://www.the-eis.com/data/literature/effectiveness%20of%20avian%20collision%20averters%20in%20preventing%20migratory%20bird%20mortality%20from%20powerline%20strikes.pdf,,
"PC Kuo, JH Huang, MD Liu",Avian influenza risk perception and preventive behavior among traditional market workers and shoppers in Taiwan: practical implications for prevention,2011,PLoS One,journals.plos.org,https://journals.plos.org/plosone/article?id=10.1371/journal.pone.0024157,,
"PGG Muyshondt, P Aerts, JJJ Dirckx",Acoustic input impedance of the avian inner ear measured in ostrich (Struthio camelus),2016,Hearing research,Elsevier,https://www.sciencedirect.com/science/article/pii/S0378595516301666,,
"R Dieckmann, B Malorny",Rapid screening of epidemiologically important Salmonella enterica subsp. enterica serovars by whole-cell matrix-assisted laser desorption ionization–time of flight …,2011,Appl. Environ. Microbiol.,Am Soc Microbiol,https://aem.asm.org/content/77/12/4136.short,,
"HK Glover, PJ Guay, MA Weston",Up the creek with a paddle; avian flight distances from canoes versus walkers,2015,Wetlands ecology and management,Springer,https://link.springer.com/article/10.1007/s11273-015-9411-9,,
"BM Paterson, JD Eldridge",alpha-Cardiac actin is the major sarcomeric isoform expressed in embryonic avian skeletal muscle,1984,Science,science.sciencemag.org,http://science.sciencemag.org/content/224/4656/1436.short,,
"MK Schuster, B Schmierer, A Shkumatava, ...",Activin A and follicle-stimulating hormone control tight junctions in avian granulosa cells by regulating occludin expression,2004,Biology of …,academic.oup.com,https://academic.oup.com/biolreprod/article-abstract/70/5/1493/2712820,,
"W Akhtar, HGM Edwards",Fourier-transform Raman spectroscopy of mammalian and avian keratotic biopolymers,1997,Spectrochimica Acta Part A: Molecular and …,Elsevier,https://www.sciencedirect.com/science/article/pii/S1386142597830119,,
"M Costas, RJ Owen","Numerical analysis of electrophoretic protein patterns of Streptobacillus moniliformis strains from human, murine and avian infections",1987,Journal of medical …,jmm.microbiologyresearch.org,https://jmm.microbiologyresearch.org/content/journal/jmm/10.1099/00222615-23-4-303,,
"FJ Diaz, K Anthony, AN Halfhill","Early avian follicular development is characterized by changes in transcripts involved in steroidogenesis, paracrine signaling and transcription",2011,Molecular reproduction and …,Wiley Online Library,https://onlinelibrary.wiley.com/doi/abs/10.1002/mrd.21288,,
"Y Wang, LB Wong, H Mao",Induction of ciliated cells from avian embryonic stem cells using three-dimensional matrix,2010,Tissue Engineering Part C: Methods,liebertpub.com,https://www.liebertpub.com/doi/abs/10.1089/ten.tec.2009.0327,,
"JM Chalovich, M Bárány",Serine ethanolamine phosphate in avian muscular dystrophy: mechanism of accumulation in dystrophic muscle and relationship to phospholipid synthesis,1980,Archives of biochemistry and biophysics,Elsevier,https://www.sciencedirect.com/science/article/pii/0003986180903197,,
"ST Wong, AK Ball, JG Sivak",Model of retinal surface area and neuron distribution in the avian eye,2003,Journal of neuroscience methods,Elsevier,https://www.sciencedirect.com/science/article/pii/S0165027002003187,,
"RM DuBois, P Freiden, S Marvin, M Reddivari, ...",Crystal structure of the avian astrovirus capsid spike,2013,Journal of …,Am Soc Microbiol,https://jvi.asm.org/content/87/14/7853.short,,
"S Watanabe, I Furuya",Video display for study of avian visual cognition: From psychophysics to sign language,1997,International Journal of Comparative …,escholarship.org,https://escholarship.org/uc/item/0gp375st,,
"J Sui, WC Hwang, S Perez, G Wei, D Aird, ...",Structural and functional bases for broad-spectrum neutralization of avian and human influenza A viruses,2009,Nature structural & …,nature.com,https://www.nature.com/nsmb/journal/v16/n3/abs/nsmb.1566.html,,
"L Brand, C Dahl, HR Mahler",Biochemical Studies of the Developing Avian Embryo IV. SOME RESPIRATORY PIGMENTS,1960,Journal of Biological Chemistry,researchgate.net,https://www.researchgate.net/profile/Ludwig_Brand/publication/232306142_Biochemical_Studies_of_the_Developing_Avian_Embryo/links/0046352363eb631e28000000/Biochemical-Studies-of-the-Developing-Avian-Embryo.pdf,,
"FO Fayed, FC Ceravolo",Avian deterrence system and method,2010,"US Patent App. 12/709,486",Google Patents,https://patents.google.com/patent/US20100230531A1/en,,
EJ Sanders,Cell death in the avian sclerotome,1997,Developmental biology,Elsevier,https://www.sciencedirect.com/science/article/pii/S0012160697987789,,
"HS Yu, KL Chang, CL Yu, JW Chen, ...",Low-energy helium-neon laser irradiation stimulates interleukin-1α and interleukin-8 release from cultured human keratinocytes,1996,Journal of investigative …,Elsevier,https://www.sciencedirect.com/science/article/pii/S0022202X15427101,,
"N Ben-Dov, G Shefer, A Irinitchev, A Wernig, ...",Low-energy laser irradiation affects satellite cell proliferation and differentiation in vitro,1999,… et Biophysica Acta (BBA …,Elsevier,https://www.sciencedirect.com/science/article/pii/S0167488998001475,,
"V Kohli, AY Elezzabi",Prospects and developments in cell and embryo laser nanosurgery,2009,Wiley Interdisciplinary Reviews …,Wiley Online Library,https://onlinelibrary.wiley.com/doi/abs/10.1002/wnan.29,,
"J Kamp, R Urazaliev, A Balmford, ...",Agricultural development and the conservation of avian biodiversity on the Eurasian steppes: a comparison of land‐sparing and land‐sharing approaches,2015,Journal of applied …,Wiley Online Library,https://onlinelibrary.wiley.com/doi/pdf/10.1111/1365-2664.12527,,
"CS Koontz, WK Ramp, RD Peindl, ...",Comparison of growth and metabolism of avian osteoblasts on polished disks versus thin films of titanium alloy,1998,… Research: An Official …,Wiley Online Library,https://onlinelibrary.wiley.com/doi/abs/10.1002/(SICI)1097-4636(199811)42:2%3C238::AID-JBM8%3E3.0.CO;2-Q,,
"JL Purswell, BK Fritz, SL Branton, ...",Effects of system pressure and nozzle type on spray application of avian vaccines,2008,Applied engineering in …,elibrary.asabe.org,https://elibrary.asabe.org/abstract.asp?aid=25366,,
"JUH Eitel, LA Vierling, TS Magney","A lightweight, low cost autonomously operating terrestrial laser scanner for quantifying and monitoring ecosystem structural dynamics",2013,Agricultural and forest meteorology,Elsevier,https://www.sciencedirect.com/science/article/pii/S0168192313001561,,
"MB Toomey, AM Collins, ...",A complex carotenoid palette tunes avian colour vision,2015,Journal of the …,royalsocietypublishing.org,https://royalsocietypublishing.org/doi/abs/10.1098/rsif.2015.0563,,
"J Wu, M Pines, CV Gay, S Hurwitz, ...",Immunolocalization of osteonectin in avian tibial dyschondroplastic cartilage,1996,Developmental …,Wiley Online Library,https://onlinelibrary.wiley.com/doi/abs/10.1002/(SICI)1097-0177(199609)207:1%3C69::AID-AJA7%3E3.0.CO;2-U,,
"J Steen, JA Morrison, ...",Multi-position photoactivation and multi-time acquisition for large-scale cell tracing in avian embryos,2010,Cold Spring Harbor …,cshprotocols.cshlp.org,http://cshprotocols.cshlp.org/content/2010/6/pdb.prot5447.short,,
"RE Swiderski, KJ Daniels, KL Jensen, ...",Type II collagen is transiently expressed during avian cardiac valve morphogenesis,1994,Developmental …,Wiley Online Library,https://onlinelibrary.wiley.com/doi/abs/10.1002/aja.1002000404,,
"TWM Fan, E Pruszkowski, S Shuttleworth",Speciation of selenoproteins in Se-contaminated wildlife by gel electrophoresis and laser ablation-ICP-MS,2002,Journal of Analytical Atomic …,pubs.rsc.org,https://pubs.rsc.org/en/content/articlehtml/2002/ja/b204104a,,
"SM Dutro, JA Airey, CF Beck, JL Sutko, ...",Ryanodine receptor expression in embryonic avian cardiac muscle,1993,Developmental …,Elsevier,https://www.sciencedirect.com/science/article/pii/S0012160683710419,,
"SM Zeitels, JA Burns, G Lopez-Guerra, ...",Photoangiolytic laser treatment of early glottic cancer: a new management strategy,2008,Annals of Otology …,journals.sagepub.com,https://journals.sagepub.com/doi/abs/10.1177/000348940811700701,,
"R Seto, R Sawada, E Higurashi, T Itoh, ...",… and Use of a Micro Optical Blood Flow Sensor Based on Systemin Package (SIP) Technology that Fuses Optical MEMS and Integrated Circuit to Detect Avian …,2007,… Solid-State Sensors …,ieeexplore.ieee.org,https://ieeexplore.ieee.org/abstract/document/4300543/,,
DC Forster,Laser having a stabilized output spectrum,1969,"US Patent 3,471,803",Google Patents,https://patents.google.com/patent/US3471803A/en,,
"CX Cai, DE Birk, TF Linsenmayer",Ferritin is a developmentally regulated nuclear protein of avian corneal epithelial cells,1997,Journal of Biological Chemistry,ASBMB,http://www.jbc.org/content/272/19/12831.short,,
"JA Morrison, AC Box, MC McKinney, ...",Quantitative single cell gene expression profiling in the avian embryo,2015,Developmental …,Wiley Online Library,https://onlinelibrary.wiley.com/doi/abs/10.1002/dvdy.24274,,
"M Luomanen, I Virtanen","Distribution of tenascin in healing incision, excision and laser wounds",1993,Journal of oral pathology & medicine,Wiley Online Library,https://onlinelibrary.wiley.com/doi/abs/10.1111/j.1600-0714.1993.tb00118.x,,
"Y Sun, L Xu, F Zhang, Z Song, Y Hu, Y Ji, J Shen, ...",A promising magnetic SERS immunosensor for sensitive detection of avian influenza virus,2017,Biosensors and …,Elsevier,https://www.sciencedirect.com/science/article/pii/S0956566316309848,,
"M Avian, A Bauer","The use of long range laser scanners in terrestrial monitoring of glacier dynamics, Pasterze glacier (Hohe Tauern, Austria)",2005,Geophysical Research Abstracts,,,,
"J Ruberte, A Carretero, M Navarro, ...","Morphogenesis of blood vessels in the head muscles of avian embryo: Spatial, temporal, and VEGF expression analyses",2003,… dynamics: an official …,Wiley Online Library,https://onlinelibrary.wiley.com/doi/abs/10.1002/dvdy.10322,,
"JA Van der Goot, G Koch, ...",Quantification of the effect of vaccination on transmission of avian influenza (H7N7) in chickens,2005,Proceedings of the …,National Acad Sciences,https://www.pnas.org/content/102/50/18141.abstract,,
"M Avian, V Kaufmann, GK Lieb","Recent and Holocene dynamics of a rock glacier system: The example of Langtalkar (Central Alps, Austria)",2005,Norsk Geografisk Tidsskrift …,Taylor & Francis,https://www.tandfonline.com/doi/abs/10.1080/00291950510020637,,
"ME Swartz, J Eberhart, EB Pasquale, CE Krull",EphA4/ephrin-A5 interactions in muscle precursor cell migration in the avian forelimb,2001,Development,dev.biologists.org,http://dev.biologists.org/content/128/23/4669.short,,
"S Cui, C Chen, G Tong",A simple and rapid immunochromatographic strip test for monitoring antibodies to H5 subtype Avian Influenza Virus,2008,Journal of virological methods,Elsevier,https://www.sciencedirect.com/science/article/pii/S0166093408002139,,
"JC Vogeler, AT Hudak, LA Vierling, J Evans, ...",Terrain and vegetation structural influences on local avian species richness in two mixed-conifer forests,2014,Remote Sensing of …,Elsevier,https://www.sciencedirect.com/science/article/pii/S0034425714000510,,
"K An, SA Smiley, ET Gillock, WM Reeves, RA Consigli",Avian polyomavirus major capsid protein VP1 interacts with the minor capsid proteins and is transported into the cell nucleus but does not assemble into capsid-like …,1999,Virus research,Elsevier,https://www.sciencedirect.com/science/article/pii/S0168170299000933,,
AL Holden,Field potentials evoked in the avian optic tectum by diffuse and punctiform luminous stimuli,1980,Experimental brain research,Springer,https://link.springer.com/article/10.1007/BF00239307,,
"E Del Cacho, M Gallego, HS Lillehoj, ...","Avian follicular and interdigitating dendritic cells: isolation and morphologic, phenotypic, and functional analyses",2009,Veterinary immunology …,Elsevier,https://www.sciencedirect.com/science/article/pii/S0165242708007873,,
"Q Yang, X Zhang, X Bao, H Lu, W Zhang, W Wu, ...",Single cell determination of nitric oxide release using capillary electrophoresis with laser-induced fluorescence detection,2008,… of Chromatography A,Elsevier,https://www.sciencedirect.com/science/article/pii/S0021967308009862,,
"Y Sun, S Hayakawa",Thermally induced aggregates in mixtures of α-lactalbumin with ovalbumins from different avian species,2001,Journal of agricultural and food chemistry,ACS Publications,https://pubs.acs.org/doi/abs/10.1021/jf001086i,,
"J Gehring, P Kerlinger, ...",The role of tower height and guy wires on avian collisions with communication towers,2011,The Journal of Wildlife …,Wiley Online Library,https://onlinelibrary.wiley.com/doi/pdf/10.1002/jwmg.99,,
"WH Calvert, LE Hedrick, LP Brower",Mortality of the monarch butterfly (Danaus plexippus L.): avian predation at five overwintering sites in Mexico,1979,Science,science.sciencemag.org,http://science.sciencemag.org/content/204/4395/847.short,,
"D Perissinotto, P Iacopetti, I Bellina, R Doliana, ...",Avian neural crest cell migration is diversely regulated by the two major hyaluronan-binding proteoglycans PG-M/versican and aggrecan,2000,…,dev.biologists.org,http://dev.biologists.org/content/127/13/2823.short,,
JH Hebrank,High speed automated injection system for avian embryos,1987,"US Patent 4,681,063",Google Patents,https://patents.google.com/patent/US4681063A/en,,
"WT Chen, YL Wu, T Chen, CS Cheng, HL Chan, ...",Proteomics analysis of the DF-1 chicken fibroblasts infected with avian reovirus strain S1133,2014,PloS one,journals.plos.org,https://journals.plos.org/plosone/article?id=10.1371/journal.pone.0092154,,
"EK Asem, S Feng, SR Stingley-Salazar, JJ Turek, ...",Basal lamina of avian ovarian follicle: influence on morphology of granulosa cells in-vitro,2000,… and Physiology Part C …,Elsevier,https://www.sciencedirect.com/science/article/pii/S0742841399001000,,
"A Abellán, T Oppikofer, M Jaboyedoff, ...",Terrestrial laser scanning of rock slope instabilities,2014,Earth surface …,Wiley Online Library,https://onlinelibrary.wiley.com/doi/abs/10.1002/esp.3493,,
T Parrott,Laser use in avian and exotic animal medicine,2000,Lasers in Surgery: Advanced Characterization …,spiedigitallibrary.org,https://www.spiedigitallibrary.org/conference-proceedings-of-spie/3907/0000/Laser-use-in-avian-and-exotic-animal-medicine/10.1117/12.386291.short,,
"WO TWAL, J WU, CV GAY, RM LEACH JR",Immunolocalization of basic fibroblastic growth factor in avian tibial dyschondroplastic cartilage,1996,Poultry science,academic.oup.com,https://academic.oup.com/ps/article-abstract/75/1/130/1549188,,
PT Marshall,Method of deterring animals from avian enclosures,2002,"US Patent 6,363,891",Google Patents,https://patents.google.com/patent/US6363891B1/en,,
SC Burgess,Proteomics in the chicken: tools for understanding immune responses to avian diseases,2004,Poultry science,academic.oup.com,https://academic.oup.com/ps/article-abstract/83/4/552/1569050,,
"CJ Berg, AM LaFountain, RO Prum, HA Frank, ...","Vibrational and electronic spectroscopy of the retro-carotenoid rhodoxanthin in avian plumage, solid-state films, and solution",2013,Archives of biochemistry …,Elsevier,https://www.sciencedirect.com/science/article/pii/S0003986113002853,,
"LM Cagen, JJ Pisano","The glutathione conjugate of prostaglandin a, is a better substrate than prostaglandin E for partially purified avian prostaglandin E 9-ketoreductase",1979,Biochimica et Biophysica Acta (BBA)-Lipids and …,Elsevier,https://www.sciencedirect.com/science/article/pii/0005276079902285,,
"B Brunström, K Halldin",EROD induction by environmental contaminants in avian embryo livers,1998,Comparative Biochemistry and Physiology Part C …,Elsevier,https://www.sciencedirect.com/science/article/pii/S0742841398100427,,
"J Meyer, CS Fullmer, RH Wasserman, ...","Dietary restriction of calcium, phosphorus, and vitamin D elicits differential regulation of the mrnas for avian intestinal calbindin‐D28K and the 1, 25‐dihydroxyvitamin …",1992,Journal of Bone and …,Wiley Online Library,https://onlinelibrary.wiley.com/doi/abs/10.1002/jbmr.5650070412,,
"N Kahane, Y Cinnamon, C Kalcheim",The origin and fate of pioneer myotomal cells in the avian embryo,1998,Mechanisms of development,Elsevier,https://www.sciencedirect.com/science/article/pii/S0925477398000665,,
"E Riga, RN Perry, J Barrett, MRL Johnston","… analyses on single amphidial glands, excretory-secretory gland cells, pharyngeal glands and their secretions from the avian nematode Syngamus trachea",1995,International journal for …,Elsevier,https://www.sciencedirect.com/science/article/pii/0020751995000465,,
"Z Wang, NC Robb, E Lenz, T Wolff, E Fodor, ...",NS reassortment of an H7-type highly pathogenic avian influenza virus affects its propagation by altering the regulation of viral RNA production and antiviral host …,2010,Journal of …,Am Soc Microbiol,https://jvi.asm.org/content/84/21/11323.short,,
"L Ferreira, F Sánchez‐Juanes, ...",Microorganisms direct identification from blood culture by matrix‐assisted laser desorption/ionization time‐of‐flight mass spectrometry,2011,Clinical Microbiology …,Wiley Online Library,https://onlinelibrary.wiley.com/doi/abs/10.1111/j.1469-0691.2010.03257.x,,
"V Strecker, S Mai, B Muster, S Beneke, A Bürkle, ...",Aging of different avian cultured cells: lack of ROS-induced damage and quality control mechanisms,2010,Mechanisms of ageing …,Elsevier,https://www.sciencedirect.com/science/article/pii/S0047637409001559,,
"S Aruch, CT Atkinson, AF Savage, ...","PREVALENCE AND DISTRIBUTION OF POX-LIKE LESIONS, AVIAN MALARIA, AND MOSQUITO VECTORS IN KĪPAHULU VALLEY, HALEAKALĀ NATIONAL PARK …",2007,Journal of wildlife …,Wildlife Dis Assoc,http://www.jwildlifedis.org/doi/abs/10.7589/0090-3558-43.4.567,,
"S Faridani, B Lee, S Glasscock, J Rappole, ...",A networked telerobotic observatory for collaborative remote observation of avian activity and range change,2009,IFAC Proceedings …,Elsevier,https://www.sciencedirect.com/science/article/pii/S1474667015340180,,
"N Nakajima, N Van Tin, Y Sato, HN Thach, ...",Pathological study of archival lung tissues from five fatal cases of avian H5N1 influenza in Vietnam,2013,Modern …,nature.com,https://www.nature.com/articles/modpathol2012193,,
"GO Solley, GJ Gleich, RE Jordon, ...",The late phase of the immediate wheal and flare skin reaction. Its dependence upon IgE antibodies.,1976,The Journal of clinical …,Am Soc Clin Investig,https://www.jci.org/articles/view/108485,,
"JJ Rosowski, JC Saunders",Sound transmission through the avian interaural pathways,1980,Journal of comparative physiology,Springer,https://link.springer.com/article/10.1007/BF00657532,,
"L Knott, CC Whitehead, RH Fleming, AJ Bailey",Biochemical changes in the collagenous matrix of osteoporotic avian bone,1995,Biochemical Journal,biochemj.org,http://www.biochemj.org/content/310/3/1045.abstract,,
"CC Holloway, DF Clayton",Estrogen synthesis in the male brain triggers development of the avian song control pathway in vitro,2001,Nature neuroscience,nature.com,https://www.nature.com/articles/nn0201_170,,
"LADS Merli, MTBRD Santos, WJ Genovese, ...",Effect of low-intensity laser irradiation on the process of bone repair,2005,… and Laser Therapy,liebertpub.com,https://www.liebertpub.com/doi/abs/10.1089/pho.2005.23.212,,
"X Wang, AE Castro, MD Castro, H Lu, ...",Production and evaluation criteria of specific monoclonal antibodies to the hemagglutinin of the H7N2 subtype of avian influenza virus,2000,Journal of …,journals.sagepub.com,https://journals.sagepub.com/doi/abs/10.1177/104063870001200603,,
"TH Nguyen, TDT Ung, TH Vu, TKC Tran, ...",Fluorescence biosensor based on CdTe quantum dots for specific detection of H5N1 avian influenza virus,2012,Advances in Natural …,iopscience.iop.org,https://iopscience.iop.org/article/10.1088/2043-6262/3/3/035014/meta,,
HC Yalcin,Femtosecond laser photodisruption of vitelline vessels of avian embryos as a technique to study embryonic vascular remodeling,2014,Experimental Biology and Medicine,journals.sagepub.com,https://journals.sagepub.com/doi/abs/10.1177/1535370214546272,,
"M Duocastella, JM Fernández-Pradas, ...",Novel laser printing technique for miniaturized biosensors preparation,2010,Sensors and Actuators B …,Elsevier,https://www.sciencedirect.com/science/article/pii/S0925400509009204,,
"F Zhang, M Zou, J Li, Q Xue",Cytometric microsphere array for subtyping avian influenza virus,2011,Viral immunology,liebertpub.com,https://www.liebertpub.com/doi/abs/10.1089/vim.2011.0010,,
"RD Ivarie, AJ Harvey, JA Morris, G Liu, ...",Vectors in avian transgenesis,2004,US Patent …,Google Patents,https://patents.google.com/patent/US6730822B1/en,,
"G Szafner, D Bicanic, K Kovácsné Gaál, ...",Direct Measurement of Thermal Effusivity of Avian Eggs and Their Constituents: A Photopyroelectric Study,2012,Food Technology and …,hrcak.srce.hr,https://hrcak.srce.hr/index.php?show=clanak&id_clanak_jezik=129394,,
"JA Van Gils, VJ Munster, R Radersma, D Liefhebber, ...",Hampered foraging and migratory performance in swans infected with low-pathogenic avian influenza A virus,2007,PloS one,journals.plos.org,https://journals.plos.org/plosone/article?id=10.1371/journal.pone.0000184,,
"BD Freedman, CV Gay, RM Leach",Avian tibial dyschondroplasia. II. Biochemical changes.,1985,The American journal of …,ncbi.nlm.nih.gov,https://www.ncbi.nlm.nih.gov/pmc/articles/PMC1887895/,,
"PR Buskohl, ML Sun, RP Thompson, JT Butcher",Serotonin potentiates transforming growth factor-beta3 induced biomechanical remodeling in avian embryonic atrioventricular valves,2012,PLoS One,journals.plos.org,https://journals.plos.org/plosone/article?id=10.1371/journal.pone.0042527,,
"…, F Fürst, J Friesenbichler, B Rinner, A Avian, ...",ILThe Infl uence of Resveratrol on the Synovial Expression of Matrix Metalloproteinases and Receptor Activator of NF-κB Ligand in Rheumatoid Arthritis Fibroblast …,2013,… für Naturforschung C,degruyter.com,https://www.degruyter.com/view/j/znc.2013.68.issue-7-8/znc-2013-7-812/znc-2013-7-812.xml,,
DSM Guzman,Avian soft tissue surgery,2016,Veterinary Clinics: Exotic Animal Practice,vetexotic.theclinics.com,https://www.vetexotic.theclinics.com/article/S1094-9194(15)00084-5/abstract,,
"BL Wilkinson, A Jeromin, J Roder, RL Hyson",Activity-dependent regulation of the subcellular localization of neuronal calcium sensor-1 in the avian cochlear nucleus,2003,Neuroscience,Elsevier,https://www.sciencedirect.com/science/article/pii/S0306452202009284,,
"T Oishi, M Yamao, C Kondo, Y Haida, ...",Multiphotoreceptor and multioscillator system in avian circadian organization,2001,Microscopy research …,Wiley Online Library,https://onlinelibrary.wiley.com/doi/abs/10.1002/jemt.1067,,
RC Fleischer,Genetics and avian conservation,1998,Avian conservation: research and management …,books.google.com,https://books.google.com/books?hl=en&lr=&id=YSpcNBCnlqQC&oi=fnd&pg=PA29&dq=avian+(laser+OR+strobe+OR+flash+OR+flare+OR+flaring+OR+reflector)&ots=FzdDXk1J-r&sig=O8Pwg2-wXNyGlTDMbtS_kpNbUSM,,
"M Khun, C Heng, H Kasuya, J Sakamoto","Knowledge, attitudes and practices towards avian influenza A (H5N1) among Cambodian women: A cross–sectional study",2012,Asian Pacific journal of tropical …,Elsevier,https://www.sciencedirect.com/science/article/pii/S1995764512601151,,
"YC Kim, JM Song, AS Lipatov, SO Choi, JW Lee, ...",Increased immunogenicity of avian influenza DNA vaccine delivered to the skin using a microneedle patch,2012,European Journal of …,Elsevier,https://www.sciencedirect.com/science/article/pii/S0939641112000859,,
"MW Kelley, DR Talreja, JT Corwin",Replacement of hair cells after laser microbeam irradiation in cultured organs of corti from embryonic and neonatal mice,1995,Journal of Neuroscience,Soc Neuroscience,http://www.jneurosci.org/content/15/4/3013.short,,
"SS Chaurasia, I Provencio, G Jiang, ...",Differential circadian regulation of melanopsin mRNA expression in the avian retina and pineal gland,2004,… & Visual Science,iovs.arvojournals.org,https://iovs.arvojournals.org/article.aspx?articleid=2410161,,
"TE Ogden, H Ito",Avian retina. II. An evaluation of retinal electrical anisotropy.,1971,Journal of neurophysiology,physiology.org,https://www.physiology.org/doi/abs/10.1152/jn.1971.34.3.367,,
"B Pain, ME Clark, M Shen, H Nakazawa, ...",Long-term in vitro culture and characterisation of avian embryonic stem cells with multiple morphogenetic potentialities,1996,…,dev.biologists.org,http://dev.biologists.org/content/122/8/2339.short,,
"Z Cao, Z Han, Y Shao, H Geng, ...",Proteomic analysis of chicken embryonic trachea and kidney tissues after infection in ovo by avian infectious bronchitis coronavirus,2011,Proteome …,proteomesci.biomedcentral.com,https://proteomesci.biomedcentral.com/articles/10.1186/1477-5956-9-11,,
"T Nitto, KD Dyer, M Czapiga, HF Rosenberg","Evolution and function of leukocyte RNase A ribonucleases of the avian species, Gallus gallus",2006,Journal of Biological …,ASBMB,http://www.jbc.org/content/281/35/25622.short,,
"M Lockley, M Matsukawa, H Ohira, J Li, J Wright, ...","Bird tracks from Liaoning Province, China: New insights into avian evolution during the Jurassic-Cretaceous transition",2006,Cretaceous …,Elsevier,https://www.sciencedirect.com/science/article/pii/S0195667105001096,,
"EC Oesterle, SA Bhave, ...",Basic fibroblast growth factor inhibits cell proliferation in cultured avian inner ear sensory epithelia,2000,Journal of Comparative …,Wiley Online Library,https://onlinelibrary.wiley.com/doi/abs/10.1002/1096-9861(20000821)424:2%3C307::AID-CNE9%3E3.0.CO;2-M,,
NAM Verbeek,Behavioural interactions between avian predators and their avian prey: play behaviour or mobbing?,1985,Zeitschrift für Tierpsychologie,Wiley Online Library,https://onlinelibrary.wiley.com/doi/abs/10.1111/j.1439-0310.1985.tb01389.x,,
"CA Nichols, TL Creazzo",L-type Ca2+ channel function in the avian embryonic heart after cardiac neural crest ablation,2005,American Journal of Physiology-Heart and …,physiology.org,https://www.physiology.org/doi/abs/10.1152/ajpheart.00792.2004,,
"JS Masabanda, DW Burt, PCM O'Brien, A Vignal, ...",Molecular cytogenetic definition of the chicken genome: the first complete avian karyotype,2004,…,Genetics Soc America,http://www.genetics.org/content/166/3/1367.short,,
"HCS Liu, JA Hicks",Using proteomics to understand avian systems biology and infectious disease,2007,Poultry science,academic.oup.com,https://academic.oup.com/ps/article-abstract/86/7/1523/1623477,,
"HJ Liu, JJ Giambrone","Amplification, Cloning and Sequencing of the σC-encoded gene of avian reovirus",1997,Journal of virological methods,Elsevier,https://www.sciencedirect.com/science/article/pii/S0166093496021295,,
"CJ Morabito, RW Dettman, J Kattan, JM Collier, ...",Positive and negative regulation of epicardial–mesenchymal transformation during avian heart development,2001,Developmental …,Elsevier,https://www.sciencedirect.com/science/article/pii/S0012160601902544,,
"J Travelletti, JP Malet, C Delacourt",Image-based correlation of Laser Scanning point cloud time series for landslide monitoring,2014,International Journal of Applied Earth …,Elsevier,https://www.sciencedirect.com/science/article/pii/S0303243414000804,,
"ME Dickinson, BA Murray, CW Waters, SM Haynes, ...",Using electroporation and lipid-mediated transfection of GFP-expressing plasmids to label embryonic avian cells for vital confocal and two-photon microscopy,2002,Differentiation,Elsevier,https://www.sciencedirect.com/science/article/pii/S0301468109604473,,
"SJ Hernandez-Divers, SJ Stahl, GH Wilson, ...",Endoscopic orchidectomy and salpingohysterectomy of pigeons (Columba livia): an avian model for minimally invasive endosurgery,2007,Journal of avian …,BioOne,https://bioone.org/journals/Journal-of-Avian-Medicine-and-Surgery/volume-21/issue-1/1082-6742(2007)21[22:EOASOP]2.0.CO;2/Endoscopic-Orchidectomy-and-Salpingohysterectomy-of-Pigeons-span-classgenus-speciesColumba-livia/10.1647/1082-6742(2007)21[22:EOASOP]2.0.CO;2.short,,
"C Bellmann, GS Rubin, SA Kabanarou, ...",Fundus autofluorescence imaging compared with different confocal scanning laser ophthalmoscopes,2003,British journal of …,bjo.bmj.com,https://bjo.bmj.com/content/87/11/1381.short,,
"A Cook, VH Ross-Smith, S Roos, NHK Burton, ...",Identifying a range of options to prevent or reduce avian collision with offshore wind farms using a UK-based case study,2011,BTO Research …,researchgate.net,https://www.researchgate.net/profile/Staffan_Roos/publication/285170333_Identifying_options_to_prevent_or_reduce_avian_collisions_with_offshore_windfarms/links/56df6b8f08ae979addef5d06.pdf,,
"KS Rasaputra, R Liyanage, JO Lay Jr, ...",Effect of thiram on avian growth plate chondrocytes in culture,2013,The Journal of …,jstage.jst.go.jp,https://www.jstage.jst.go.jp/article/jts/38/1/38_93/_article/-char/ja/,,
"PL Jeffrey, J Meaney, O Tolhurst, ...",Epigenetic factors controlling the development of avian Purkinje neurons,1996,Journal of neuroscience …,Elsevier,https://www.sciencedirect.com/science/article/pii/0165027096000441,,
"JX Song, XY Tang, DM Zhou, W Zhang, TD James, ...",A fluorogenic 2D glycosheet for the simultaneous identification of human-and avian-receptor specificity in influenza viruses,2017,Materials …,pubs.rsc.org,https://pubs.rsc.org/en/content/articlehtml/2017/mh/c6mh00571c,,
"C Nießner, S Denzau, JC Gross, L Peichl, HJ Bischof, ...",Avian ultraviolet/violet cones identified as probable magnetoreceptors,2011,PloS one,journals.plos.org,https://journals.plos.org/plosone/article?id=10.1371/journal.pone.0020091,,
RG Bout,Postures of the avian craniocervical column,1997,Journal of Morphology,Wiley Online Library,https://onlinelibrary.wiley.com/doi/abs/10.1002/(SICI)1097-4687(199703)231:3%3C287::AID-JMOR7%3E3.0.CO;2-8,,
"C Boote, A Elsheikh, W Kassem, ...",The influence of lamellar orientation on corneal material behavior: biomechanical and structural changes in an avian corneal disorder,2011,… & visual science,iovs.arvojournals.org,https://iovs.arvojournals.org/article.aspx?articleid=2126369,,
"JA Head, R Farmahin, AS Kehoe, JM O'Brien, JL Shutt, ...",Characterization of the avian aryl hydrocarbon receptor 1 from blood using non-lethal sampling methods,2010,Ecotoxicology,Springer,https://link.springer.com/article/10.1007/s10646-010-0541-9,,
"N Sriwilaijaroen, S Kondo, H Yagi, P Wilairat, ...",Analysis of N-glycans in embryonated chicken egg chorioallantoic and amniotic cells responsible for binding and adaptation of human and avian influenza …,2009,Glycoconjugate …,Springer,https://link.springer.com/article/10.1007/s10719-008-9193-x,,
"MV Metodiev, A Timanova, DE Stone",Differential phosphoproteome profiling by affinity capture and tandem matrix‐assisted laser desorption/ionization mass spectrometry,2004,Proteomics,Wiley Online Library,https://onlinelibrary.wiley.com/doi/abs/10.1002/pmic.200300683,,
"LV Del Priore, A Lewis, KA Schat",Membrane structural alterations in malignant and normal avian lymphocytes: a Raman investigation,1984,Membrane biochemistry,Taylor & Francis,https://www.tandfonline.com/doi/abs/10.3109/09687688409150272,,
JE Potente,Avian nest box,1997,"US Patent App. 29/050,283",Google Patents,https://patents.google.com/patent/USD381776S/en,,
"H Feit, M Kawai, MI Schulman",Stiffness and contractile properties of avian normal and dystrophic muscle bundles as measured by sinusoidal length perturbations,1985,… & Nerve: Official Journal of the …,Wiley Online Library,https://onlinelibrary.wiley.com/doi/abs/10.1002/mus.880080605,,
GC Whittow,Sturkie's avian physiology,1999,,books.google.com,https://books.google.com/books?hl=en&lr=&id=503tcsrsbV0C&oi=fnd&pg=PP1&dq=avian+(laser+OR+strobe+OR+flash+OR+flare+OR+flaring+OR+reflector)&ots=L_AXkElpyl&sig=PySoVHB8rq8Bbpxn7JSdc3pJVgw,,
"W Kubicki, B Pajak, K Kucharczyk, R Walczak, ...",Rapid detection of highly pathogenic A (H7N7) avian influenza virus genetic markers in heterogenic samples utilizing on-chip SSCP-CE method,2016,Sensors and Actuators B …,Elsevier,https://www.sciencedirect.com/science/article/pii/S0925400516303768,,
"MS Broadhurst, JB Kobler, L Akst, JA Burns, J Heaton, ...",Effects of 585nm pulsed-dye laser settings on vessel ablation in the avian chorioallantoic membrane: Implications for vocal-fold mucosal photoangiolysis,2006,… American Society for Laser …,,,,
"A Alanio, JL Beretti, B Dauphin, ...",Matrix‐assisted laser desorption ionization time‐of‐flight mass spectrometry for fast and accurate identification of clinically relevant Aspergillus species,2011,Clinical Microbiology …,Wiley Online Library,https://onlinelibrary.wiley.com/doi/abs/10.1111/j.1469-0691.2010.03323.x,,
"E Tajkhorshid, HC Siebert, M Burchert, ...",A combined molecular modelling and CIDNP study of similarities in the pattern of ligand binding in mammalian and avian galectins,1997,Molecular modeling …,Springer,https://link.springer.com/article/10.1007/s008940050046,,
"CPH Elemans, M Muller, ON Larsen, ...",Amplitude and frequency modulation control of sound production in a mechanical model of the avian syrinx,2009,Journal of …,jeb.biologists.org,http://jeb.biologists.org/content/212/8/1212.short,,
"JL Sanz, LM Chiappe, BP Perez-Moreno, ...",A nestling bird from the Lower Cretaceous of Spain: implications for avian skull and neck evolution,1997,…,science.sciencemag.org,http://science.sciencemag.org/content/276/5318/1543.short,,
"M Hatori, KJ Klatte, CC Teixeira, ...",End labeling studies of fragmented DNA in the avian growth plate: evidence of apoptosis in terminally differentiated chondrocytes,1995,Journal of Bone and …,Wiley Online Library,https://onlinelibrary.wiley.com/doi/abs/10.1002/jbmr.5650101216,,
"S Molia, B Kamissoko, MS Sidibe, ...","Deficient reporting in avian influenza surveillance, Mali",2012,Emerging infectious …,ncbi.nlm.nih.gov,https://www.ncbi.nlm.nih.gov/pmc/articles/PMC3309703/,,
"SM Horne, SJ Pfaff-McDonough, CW Giddings, ...",Cloning and sequencing of the iss gene from a virulent avian Escherichia coli,2000,Avian Diseases,JSTOR,https://www.jstor.org/stable/1592522,,
"Y Takamatsu, K Okamoto, DT Dinh, ...",NS1′ protein expression facilitates production of Japanese encephalitis virus in avian cells and embryonated chicken eggs,2014,Journal of …,jgv.microbiologyresearch.org,https://jgv.microbiologyresearch.org/content/journal/jgv/10.1099/vir.0.057968-0,,
"S De Boever, S Croubels, K Demeyere, ...",Flow cytometric differentiation of avian leukocytes and analysis of their intracellular cytokine expression,2010,Avian …,Taylor & Francis,https://www.tandfonline.com/doi/abs/10.1080/03079450903473574,,
"RW Dettman, W Denetclaw Jr, CP Ordahl, ...","Common epicardial origin of coronary vascular smooth muscle, perivascular fibroblasts, and intermyocardial fibroblasts in the avian heart",1998,Developmental …,Elsevier,https://www.sciencedirect.com/science/article/pii/S0012160697988011,,
"SK Powers, WC Beckman, JT Brown, ...",Interstitial laser photochemotherapy of rhodamine-123-sensitized rat glioma,1987,Journal of neurosurgery,thejns.org,https://thejns.org/view/journals/j-neurosurg/67/6/article-p889.xml,,
"SA Jo, DM Higgins, HA Berman",Regulation of acetylcholinesterase in avian heart. Studies on ontogeny and the influence of vagotomy.,1992,Circulation research,Am Heart Assoc,https://www.ahajournals.org/doi/abs/10.1161/01.res.70.4.633,,
"P Serra, JM Fernandez-Pradas, M Colina, ...",Laser-induced forward transfer: a direct-writing technique for biosensors preparation,2006,J. Laser Micro …,jlps.gr.jp,http://www.jlps.gr.jp/jlmn/upload/bd8c51eeea5c476228d86c28e73635c3.pdf,,
"F Zielecki, I Semmler, D Kalthoff, D Voss, ...",Virulence determinants of avian H5N1 influenza A virus in mammalian and avian hosts: role of the C-terminal ESEV motif in the viral NS1 protein,2010,Journal of …,Am Soc Microbiol,https://jvi.asm.org/content/84/20/10708.short,,
"B Lupiani, B Mozisek, PW Mason, C Lamichhane, ...",Simultaneous detection of avian influenza virus NP and H5 antibodies in chicken sera using a fluorescence microsphere immunoassay,2010,Avian …,aaapjournals.info,http://www.aaapjournals.info/doi/abs/10.1637/8818-040209-ResNote.1,,
"G Kukolj, KS Jones, AM Skalka",Subcellular localization of avian sarcoma virus and human immunodeficiency virus type 1 integrases.,1997,Journal of virology,Am Soc Microbiol,https://jvi.asm.org/content/71/1/843.short,,
"ME Kjelland, S Romo, ...",Avian cloning: adaptation of a technique for enucleation of the avian ovum,2014,Avian Biology …,journals.sagepub.com,https://journals.sagepub.com/doi/abs/10.3184/175815514X14065426847114,,
"L McLean, MK Doherty, DC Deeming, ...",A proteome analysis of the subcutaneous gel in avian hatchlings,2004,Molecular & Cellular …,ASBMB,https://www.mcponline.org/content/3/3/250.short,,
"RE Neuman, AA Tytell",Partial replacement of serum and embryo extract requirements for growth of avian cell cultures.,1961,Proceedings of the Society for …,journals.sagepub.com,https://journals.sagepub.com/doi/abs/10.3181/00379727-106-26500,,
"JM Perez-Pomares, R Carmona, ...",Origin of coronary endothelial cells from epicardial mesothelium in avian embryos.,2002,International Journal of …,ijdb.ehu.es,http://www.ijdb.ehu.es/web/paper/12533024,,
AM COHEN,DNA synthesis and cell division in differentiating avian adrenergic neuroblasts,1974,Dynamics of Degeneration and Growth in Neurons,Elsevier,https://www.sciencedirect.com/science/article/pii/B9780080179179500330,,
"RJ Harrigan, R Sedano, AC Chasar, ...",New host and lineage diversity of avian haemosporidia in the northern Andes,2014,Evolutionary …,Wiley Online Library,https://onlinelibrary.wiley.com/doi/abs/10.1111/eva.12176,,
"RE Serda, MT Henzl",Metal ion-binding properties of avian thymic hormone.,1991,Journal of Biological Chemistry,ASBMB,http://www.jbc.org/content/266/11/7291.short,,
"N Tsukahara, Y Tani, K Nihei, Y Kabuyama, ...",High levels of apolipoproteins found in the soluble fraction of avian cornea,2011,Experimental eye …,Elsevier,https://www.sciencedirect.com/science/article/pii/S0014483511000388,,
L Christmann,Microinjection assembly and methods for microinjecting and reimplanting avian eggs,2006,"US Patent App. 11/224,364",Google Patents,https://patents.google.com/patent/US20060010510A1/en,,
"E McMains, V Krishnan, S Prasad, E Gleason",Expression and localization of CLC chloride transport proteins in the avian retina,2011,PloS one,journals.plos.org,https://journals.plos.org/plosone/article?id=10.1371/journal.pone.0017647,,
"R Kenner, Y Bühler, R Delaloye, C Ginzler, M Phillips",Monitoring of high alpine mass movements combining laser scanning with digital airborne photogrammetry,2014,Geomorphology,Elsevier,https://www.sciencedirect.com/science/article/pii/S0169555X13005461,,
"A Jung, C Grund, I Müller, S Rautenschlein","Avian paramyxovirus serotype 3 infection in Neopsephotus, Cyanoramphus, and Neophema species",2009,… of avian medicine and surgery,BioOne,https://bioone.org/journals/Journal-of-Avian-Medicine-and-Surgery/volume-23/issue-3/2008-022.1/Avian-Paramyxovirus-Serotype-3-Infection-in-span-classgenus-speciesNeopsephotus-Cyanoramphus/10.1647/2008-022.1.full,,
"G Seutin, BN White, PT Boag",Preservation of avian blood and tissue samples for DNA analyses,1991,Canadian Journal of Zoology,NRC Research Press,https://www.nrcresearchpress.com/doi/abs/10.1139/z91-013,,
"Q Liu, M Hintz, J Li, M Linder, R Geyer, G Hobom",Recombinant expression and modification analysis of protein agno-1b encoded by avian polyomavirus BFDV,2000,Archives of virology,Springer,https://link.springer.com/article/10.1007/s007050070120,,
"X Wen, J Sun, X Wang, H Bao, ...",Identification of a novel linear epitope on the NS1 protein of avian influenza virus,2015,BMC …,bmcmicrobiol.biomedcentral.com,https://bmcmicrobiol.biomedcentral.com/articles/10.1186/s12866-015-0507-4,,
"TA Ryden, K Beemon",Avian retroviral long terminal repeats bind CCAAT/enhancer-binding protein.,1989,Molecular and cellular biology,Am Soc Microbiol,https://mcb.asm.org/content/9/3/1155.short,,
"R Bernotienė, V Palinauskas, T Iezhova, ...",Avian haemosporidian parasites (Haemosporida): a comparative analysis of different polymerase chain reaction assays in detection of mixed infections,2016,Experimental …,Elsevier,https://www.sciencedirect.com/science/article/pii/S0014489416300091,,
"R Seto, Y Sawae, E Higurashi, T Itoh, ...",Micro‐Optical Blood Flow Sensor Based on System in Package (SiP) Technology that Fuses Optical MEMS and Intergrated Circuit to Detect Avian Influenza,2008,… and Reactivity in …,Taylor & Francis,https://www.tandfonline.com/doi/abs/10.1080/15533170802023395,,
"Y Liu, N Qiu, M Ma",… of hen egg white proteins during early phase of embryonic development by combinatorial peptide ligand library and matrix-assisted laser desorption ionization-time of …,2013,Poultry science,academic.oup.com,https://academic.oup.com/ps/article-abstract/92/7/1897/1555330,,
"SE Fraser, M Bronner-Fraser",Migrating neural crest cells in the trunk of the avian embryo are multipotent,1991,Development,dev.biologists.org,http://dev.biologists.org/content/112/4/913.short,,
"WP Chang, JA Marsh",The effect of synthetic thymulin on cell surface marker expression by avian T-cell precursors,1993,Developmental & Comparative Immunology,Elsevier,https://www.sciencedirect.com/science/article/pii/0145305X9390018L,,
"F Diaz-Griffero, AP Jackson, J Brojatsch",Cellular uptake of avian leukosis virus subgroup B is mediated by clathrin,2005,Virology,Elsevier,https://www.sciencedirect.com/science/article/pii/S0042682205001431,,
"M Scaal, J Gros, C Lesbros, ...",In ovo electroporation of avian somites,2004,… dynamics: an official …,Wiley Online Library,https://onlinelibrary.wiley.com/doi/abs/10.1002/dvdy.10433,,
"P Fardellone, M Zaim, AS Saurel, ...",Comparative efficacy and safety study of two chondroitin sulfate preparations from different origin (avian and bovine) in symptomatic osteoarthritis of the knee,2013,The open rheumatology …,ncbi.nlm.nih.gov,https://www.ncbi.nlm.nih.gov/pmc/articles/PMC3594706/,,
"SL Rogers, PJ Gegick, SM Alexander, ...","Transforming growth factor-β alters differentiation in cultures of avian neural crest-derived cells: Effects on cell morphology, proliferation, fibronectin expression, and …",1992,Developmental biology,Elsevier,https://www.sciencedirect.com/science/article/pii/0012160692902267,,
T Parrott,Using the CO2 laser in avian practice,1998,Proc Annu Conf Assoc Avian Vet,,,,
"P Guardado Calvo, AL Llamas-Saiz, ...",Crystallization of the C-terminal head domain of the avian adenovirus CELO long fibre,2006,… Section F: Structural …,scripts.iucr.org,https://scripts.iucr.org/cgi-bin/paper?hc5001,,
"N Mishima, S Hoffman",Neurocan in the embryonic avian heart and vasculature,2003,The Anatomical Record Part A …,Wiley Online Library,https://onlinelibrary.wiley.com/doi/abs/10.1002/ar.a.10067,,
RH Lewis,Automated injection system for avian embryos with advanced fluid delivery system,1991,"US Patent 5,056,464",Google Patents,https://patents.google.com/patent/US5056464A/en,,
"KT Elder, AE Smith",Methionine transfer RNAs associated with avian oncornavirus 70S RNA,1974,Nature,nature.com,https://www.nature.com/articles/247435a0,,
"A Globig, C Staubach, M Beer, ...","Epidemiological and ornithological aspects of outbreaks of highly pathogenic avian influenza virus H5N1 of Asian lineage in wild birds in Germany, 2006 and 2007",2009,Transboundary and …,Wiley Online Library,https://onlinelibrary.wiley.com/doi/abs/10.1111/j.1865-1682.2008.01061.x,,
"BM Goodson, YQ Song, RE Taylor, ...",In vivo NMR and MRI using injection delivery of laser-polarized xenon,1997,Proceedings of the …,National Acad Sciences,https://www.pnas.org/content/94/26/14725.short,,
"PA Rupp, PM Kulesa","High-Resolution, intravital 4D confocal Time-Lapse imaging in avian embryos using a teflon culture chamber design",2007,Cold Spring Harbor Protocols,cshprotocols.cshlp.org,http://cshprotocols.cshlp.org/content/2007/7/pdb.prot4790.short,,
"G Pourceau, Y Chevolot, A Goudot, F Giroux, ...",Measurement of Enzymatic Activity and Specificity of Human and Avian Influenza Neuraminidases from Whole Virus by Glycoarray and MALDI‐TOF Mass …,2011,…,Wiley Online Library,https://onlinelibrary.wiley.com/doi/abs/10.1002/cbic.201100128,,
"RJ Wingate, ME Hatten",The role of the rhombic lip in avian cerebellum development,1999,Development,dev.biologists.org,http://dev.biologists.org/content/126/20/4395.short,,
"K Iriyama, A Mizuno, Y Ozaki, K Itoh, ...",An application of laser Raman spectroscopy to the study of a hereditary cataractous lens; on the Raman band for a diagnostic marker of cataractous signatures,1982,Current eye …,Taylor & Francis,https://www.tandfonline.com/doi/abs/10.3109/02713688208996353,,
"PB Noble, ED Shields, PDM Blecher, ...",Locomotory characteristics of fibroblasts within a three‐dimensional collagen lattice: Modulation by a helium/neon soft laser,1992,Lasers in surgery and …,Wiley Online Library,https://onlinelibrary.wiley.com/doi/abs/10.1002/lsm.1900120617,,
"FG Rauscher, P Azmanis, N Körber, ...",Optical coherence tomography as a diagnostic tool for retinal pathologies in avian ophthalmology,2013,… & visual science,jov.arvojournals.org,https://jov.arvojournals.org/article.aspx?articleid=2128130,,
"H Feit, M Kawai, AS Mostafapour",The role of collagen crosslinking in the increased stiffness of avian dystrophic muscle,1989,Muscle & Nerve: Official …,Wiley Online Library,https://onlinelibrary.wiley.com/doi/abs/10.1002/mus.880120609,,
"M Takeda, K Tsukamoto, T Kohda, M Matsui, ...",Characterization of the neurotoxin produced by isolates associated with avian botulism,2005,Avian …,aaapjournals.info,http://www.aaapjournals.info/doi/abs/10.1637/7347-022305R1.1,,
DA Cotanche,Hair cell regeneration in the avian cochlea,1997,"The Annals of Otology, Rhinology & …",search.proquest.com,http://search.proquest.com/openview/84851584b2d8ad18607c795ee5889778/1?pq-origsite=gscholar&cbl=35132,,
"D Benbassat, CI Abramson",Landing flare accident reports and pilot perception analysis,2002,The International Journal of Aviation …,Taylor & Francis,https://www.tandfonline.com/doi/abs/10.1207/S15327108IJAP1202_3,,
"JS McCullar, S Ty, S Campbell, ...",Activin potentiates proliferation in mature avian auditory sensory epithelium,2010,Journal of …,Soc Neuroscience,http://www.jneurosci.org/content/30/2/478.short,,
"RT McCrea, LG Buckley, AG Plint, ...",… formations from the Mesozoic and earliest Cenozoic of western Canada with a description of a new theropod ichnospecies and reassignment of an avian …,2014,… Mexico Museum of …,books.google.com,https://books.google.com/books?hl=en&lr=&id=K9ioDQAAQBAJ&oi=fnd&pg=PA5&dq=avian+(laser+OR+strobe+OR+flash+OR+flare+OR+flaring+OR+reflector)&ots=1s8823jmCu&sig=aJMK-pZN-166cv0DboKheLqbkr4,,
"A Radke, T Gissibl, T Klotzbücher, PV Braun, ...",Three‐dimensional bichiral plasmonic crystals fabricated by direct laser writing and electroless silver plating,2011,Advanced …,Wiley Online Library,https://onlinelibrary.wiley.com/doi/abs/10.1002/adma.201100543,,
"V Babbitt, AG Oliver, JW Fine, D Ives, ...",Systems and methods for avian mitigation for wind farms,2017,US Patent …,Google Patents,https://patents.google.com/patent/US9581165B2/en,,
"LA Lundstrom, DJ Horn, ...",The Effects of Tower Structure and Weather Conditions on Avian Mortality at Three Television Towers in Central Illinois.,2013,Transactions of the Illinois …,ilacadofsci.com,http://ilacadofsci.com/wp-content/uploads/2013/08/106-04MS1304Final.pdf,,
"JM Wild, JF Botelho",Involvement of the avian song system in reproductive behaviour,2015,Biology letters,royalsocietypublishing.org,https://royalsocietypublishing.org/doi/abs/10.1098/rsbl.2015.0773,,
"HH Hassanin, TE Toth, MM Eldimerdash, ...","Stimulation of avian respiratory phagocytes by Pasteurella multocida: effects of the route of exposure, bacterial dosage and strain, and the age of chickens",1995,Veterinary microbiology,Elsevier,https://www.sciencedirect.com/science/article/pii/037811359500038C,,
"K Aoyagi, T Tatsuta, M Nishigaki, S Akimoto, ...",A faithful method for PCR-mediated global mRNA amplification and its integration into microarray analysis on laser-captured cells,2003,Biochemical and …,Elsevier,https://www.sciencedirect.com/science/article/pii/S0006291X02029674,,
"AI March, CW Bradley, E Garcia",Aerodynamic properties of avian flight as a function of wing shape,2005,ASME 2005 …,… .asmedigitalcollection.asme.org,https://proceedings.asmedigitalcollection.asme.org/proceeding.aspx?articleid=1581952,,
H Howard,"Quaternary avian remains from Dark Canyon Cave, New Mexico",1971,The Condor,JSTOR,https://www.jstor.org/stable/1365844,,
"J Cafaro, GS Lee, JS Stone",Atoh1 expression defines activated progenitors and differentiating hair cells during avian hair cell regeneration,2007,Developmental dynamics: an …,Wiley Online Library,https://onlinelibrary.wiley.com/doi/abs/10.1002/dvdy.21023,,
"A Amoresano, A Brancaccio, A Andolfo, ...",The carbohydrates of the isoforms of three avian riboflavin‐binding proteins,1999,European journal of …,Wiley Online Library,https://onlinelibrary.wiley.com/doi/pdf/10.1046/j.1432-1327.1999.00570.x,,
"S Kumar, FM Dias, B Nayak, PL Collins, SK Samal",Experimental avian paramyxovirus serotype-3 infection in chickens and turkeys,2010,Veterinary research,vetres.org,https://www.vetres.org/articles/vetres/abs/2010/05/v100017/v100017.html,,
"K Matsuda, T Shibata, Y Sakoda, ...",In vitro demonstration of neural transmission of avian influenza A virus,2005,Journal of general …,eprints.lib.hokudai.ac.jp,https://eprints.lib.hokudai.ac.jp/dspace/handle/2115/14697,,
"J Liu, T Wei, J Kwang",Membrane-association properties of avian encephalomyelitis virus protein 3A,2004,Virology,Elsevier,https://www.sciencedirect.com/science/article/pii/S0042682204000297,,
G Kardon,Muscle and tendon morphogenesis in the avian hind limb,1998,Development,dev.biologists.org,http://dev.biologists.org/content/125/20/4019.short,,
"SK Powers, S Pribil, GY Gillespie, PJ Watkins",Laser photochemotherapy of rhodamine-123 sensitized human glioma cells in vitro,1986,Journal of neurosurgery,thejns.org,https://thejns.org/view/journals/j-neurosurg/64/6/article-p918.xml,,
"MC Craig-Schmidt, SA Faircloth, ...",Modulation of avian lung eicosanoids by dietary omega-3 fatty acids,1987,The Journal of …,academic.oup.com,https://academic.oup.com/jn/article-abstract/117/7/1197/4768518,,
"SF Wang, JC Huang, YM Lee, SJ Liu, YJ Chan, ...",DC-SIGN mediates avian H5N1 influenza virus infection in cis and in trans,2008,Biochemical and …,Elsevier,https://www.sciencedirect.com/science/article/pii/S0006291X08012229,,
MS Persky,Carbon dioxide laser treatment of oral florid papillomatosis,1984,The Journal of dermatologic surgery and oncology,Wiley Online Library,https://obgyn.onlinelibrary.wiley.com/doi/pdf/10.1111/j.1524-4725.1984.tb01175.x,,
"CIB Wallis, D Paulsch, J Zeilinger, B Silva, ...",Contrasting performance of Lidar and optical texture models in predicting avian diversity in a tropical mountain forest,2016,Remote sensing of …,Elsevier,https://www.sciencedirect.com/science/article/pii/S0034425715302406,,
"BE Clurman, WS Hayward",Multiple proto-oncogene activations in avian leukosis virus-induced lymphomas: evidence for stage-specific events.,1989,Molecular and cellular biology,Am Soc Microbiol,https://mcb.asm.org/content/9/6/2657.short,,
"K Klitgaard, L Mølbak, TK Jensen, ...",Laser capture microdissection of bacterial cells targeted by fluorescence in situ hybridization,2005,…,Future Science,https://www.future-science.com/doi/abs/10.2144/000112024,,
"CA Yoder, JK Graham, LA Miller",Molecular effects of nicarbazin on avian reproduction,2006,Poultry science,academic.oup.com,https://academic.oup.com/ps/article-abstract/85/7/1285/1507618,,
"RM Leach Jr, MP Richards, CA Praul, BC Ford, ...",Investigation of the insulin-like growth factor system in the avian epiphyseal growth plate,2007,Domestic animal …,Elsevier,https://www.sciencedirect.com/science/article/pii/S0739724006000646,,
PW Trail,Avian mortality at oil pits in the United States: a review of the problem and efforts for its solution,2006,Environmental management,Springer,https://link.springer.com/article/10.1007/s00267-005-0201-7,,
"W Denk, DW Piston, WW Webb",Multi-photon molecular excitation in laser-scanning microscopy,2006,Handbook of Biological Confocal …,Springer,https://link.springer.com/chapter/10.1007/978-0-387-45524-2_28,,
V Brach,The functional significance of the avian pecten: a review,1977,The Condor,JSTOR,https://www.jstor.org/stable/1368009,,
"Z Grajcar, J Lilly, K Payne",System and method of enhancing reproduction in avian,2017,"US Patent 9,844,210",Google Patents,https://patents.google.com/patent/US9844210B2/en,,
"A Synytsya, R Bleha, A Synytsya, R Pohl, ...",Mekabu fucoidan: Structural complexity and defensive effects against avian influenza A viruses,2014,Carbohydrate …,Elsevier,https://www.sciencedirect.com/science/article/pii/S0144861714005025,,
CI Bocetti,Cruise ships as a source of avian mortality during fall migration,2011,The Wilson Journal of Ornithology,wjoonline.org,http://www.wjoonline.org/doi/abs/10.1676/09-168.1,,
"N Chakarov, JFW Greiner, S Hauser, D Schuetzmann, ...",Label-free enrichment of avian Leucocytozoon using flow cytometric sorting,2012,Parasitology,cambridge.org,https://www.cambridge.org/core/journals/parasitology/article/labelfree-enrichment-of-avian-leucocytozoon-using-flow-cytometric-sorting/7ADC39B58539FADED6319890421D03B1,,
"SL Erlandsen, EM Rasch",… content of trophozoites and cysts of Giardia lamblia by microdensitometric quantitation of Feulgen staining and examination by laser scanning confocal microscopy.,1994,Journal of Histochemistry & …,journals.sagepub.com,https://journals.sagepub.com/doi/abs/10.1177/42.11.7930524,,
"CL Greenfield, FS Sanders, RR Dietert",Detection of avian macrophages with concanavalin A,1988,Avian Pathology,Taylor & Francis,https://www.tandfonline.com/doi/abs/10.1080/03079458808436503,,
"Y Ha, DJ Stevens, JJ Skehel, DC Wiley",H5 avian and H9 swine influenza virus haemagglutinin structures: possible origin of influenza subtypes,2002,The EMBO journal,emboj.embopress.org,http://emboj.embopress.org/content/21/5/865.abstract,,
"C Vizler, T Nagy, E Kusz, H Glavinas, ...",Flow cytometric cytotoxicity assay for measuring mammalian and avian NK cell activity,2002,Cytometry: The Journal …,Wiley Online Library,https://onlinelibrary.wiley.com/doi/abs/10.1002/cyto.10066,,
"DG Jay, T Sakurai",Chromophore-assisted laser inactivation (CALI) to elucidate cellular mechanisms of cancer,1999,Biochimica et Biophysica Acta (BBA)-Reviews on …,Elsevier,https://www.sciencedirect.com/science/article/pii/S0304419X99000220,,
"LP Morera, NM Díaz, ME Guido",Horizontal cells expressing melanopsin x are novel photoreceptors in the avian inner retina,2016,Proceedings of the …,National Acad Sciences,https://www.pnas.org/content/113/46/13215.short,,
L Huelsewiesche,Compact vehicle for composting manure storage under high-rise avian houses,2004,"US Patent 6,820,358",Google Patents,https://patents.google.com/patent/US6820358B1/en,,
"PK Rastogi, L Pflug, R Délez",Recording the behaviour of an avian embryo using holography,1990,Optics & Laser Technology,Elsevier,https://www.sciencedirect.com/science/article/pii/003039929090110P,,
"K Svoboda, M Petroll, J Jester",Second harmonic signal analysis of whole embryonic avian corneas,2007,Microscopy and Microanalysis,cambridge.org,https://www.cambridge.org/core/journals/microscopy-and-microanalysis/article/second-harmonic-signal-analysis-of-whole-embryonic-avian-corneas/52564D1FB562E0F0B059B65DED5777F3,,
"LJ Simpson, AL Ross, D Szüts, CA Alviani, ...",RAD18‐independent ubiquitination of proliferating‐cell nuclear antigen in the avian cell line DT40,2006,EMBO …,embor.embopress.org,http://embor.embopress.org/content/7/9/927.abstract,,
"P Mehndiratta, WJ Walton, JT Hare, S Pulido, ...","Expression, purification, and characterization of avian Thy-1 from Lec1 mammalian and Tn5 insect cells",2004,Protein expression and …,Elsevier,https://www.sciencedirect.com/science/article/pii/S1046592803003413,,
"KE Crandell, BW Tobalske",Kinematics and aerodynamics of avian upstrokes during slow flight,2015,Journal of Experimental Biology,jeb.biologists.org,http://jeb.biologists.org/content/218/16/2518.short,,
"SH Chiou, WP Chang, HK Lin",A re-evaluation of the molecular size of duck ε-crystallin and its comparison with avian lactate dehydrogenases,1988,… et Biophysica Acta (BBA)-Protein Structure …,Elsevier,https://www.sciencedirect.com/science/article/pii/0167483888902889,,
"CE Ogburn, SN Austad, DJ Holmes, ...",Cultured renal epithelial cells from birds and mice: enhanced resistance of avian cells to oxidative stress and DNA damage,1998,The Journals of …,academic.oup.com,https://academic.oup.com/biomedgerontology/article-abstract/53A/4/B287/592661,,
"GM Hilton, W Cresswell, GD Ruxton",Intraflock variation in the speed of escape-flight response on attack by an avian predator,1999,Behavioral Ecology,academic.oup.com,https://academic.oup.com/beheco/article-abstract/10/4/391/2252325,,
"DW Roberson, JA Alosi, M Mercola, DA Cotanche",REST mRNA expression in normal and regenerating avian auditory epithelium,2002,Hearing research,Elsevier,https://www.sciencedirect.com/science/article/pii/S0378595502005129,,
"JT Bridgham, J Bobe, FW Goetz, AL Johnson",Conservation of death receptor-6 in avian and piscine vertebrates,2001,… and biophysical research …,Elsevier,https://www.sciencedirect.com/science/article/pii/S0006291X01950934,,
"PT Lakkakorpi, MH Helfrich, MA Horton, ...","Spatial organization of microfilaments and vitronectin receptor, alpha v beta 3, in osteoclasts. A study using confocal laser scanning microscopy",1993,Journal of Cell …,jcs.biologists.org,http://jcs.biologists.org/content/104/3/663.short,,
"R Minkoff, VR Rundus, SB Parker, EC Beyer, ...",Connexin expression in the developing avian cardiovascular system.,1993,Circulation …,Am Heart Assoc,https://www.ahajournals.org/doi/abs/10.1161/01.RES.73.1.71,,
"Y Guiqin, L Haiying",Effects of Chitosan on Immune Function of Avian Broilers [J],2004,China Poultry,en.cnki.com.cn,http://en.cnki.com.cn/Article_en/CJFDTOTAL-ZGJQ200421003.htm,,
"RG Shaughnessy, KG Meade, S Cahalane, ...",Innate immune gene expression differentiates the early avian intestinal response between Salmonella and Campylobacter,2009,Veterinary immunology …,Elsevier,https://www.sciencedirect.com/science/article/pii/S0165242709002050,,
"AL Johnson, JT Bridgham, L Bergeron, J Yuan",Characterization of the avian Ich-1 cDNA and expression of Ich-1L mRNA in the hen ovary,1997,Gene,Elsevier,https://www.sciencedirect.com/science/article/pii/S0378111997000681,,
RE Fitzpatrick,Laser resurfacing of rhytides,1997,Dermatologic clinics,Elsevier,https://www.sciencedirect.com/science/article/pii/S0733863505704526,,
"EK Harrington, GW Roddy, R West, ...",Parathyroid hormone/parathyroid hormone‐related peptide modulates growth of avian sternal cartilage via chondrocytic proliferation,2007,… Record: Advances in …,Wiley Online Library,https://onlinelibrary.wiley.com/doi/abs/10.1002/ar.20416,,
"…, A Kellerer-Pirklbauer, M Avian, ...","Terrestrial laser scanning for glacier monitoring: a comparison to standard geodetic and photogrammetric methods, and documentation of the glacier …",2007,Proceedings of the …,graz.pure.elsevier.com,https://graz.pure.elsevier.com/de/publications/terrestrial-laser-scanning-for-glacier-monitoring-a-comparison-to,,
"Y Ma, J Sun, L Gu, H Bao, Y Zhao, ...",Annexin A2 (ANXA2) interacts with nonstructural protein 1 and promotes the replication of highly pathogenic H5N1 avian influenza virus,2017,BMC …,bmcmicrobiol.biomedcentral.com,https://bmcmicrobiol.biomedcentral.com/articles/10.1186/s12866-017-1097-0,,
"H Ming, M Wang, X Zhang, H Yin",Determination of subgroup J avian Leukosis virus by surface Plasmon resonance Immunosensor,2014,Analytical Letters,Taylor & Francis,https://www.tandfonline.com/doi/abs/10.1080/00032719.2013.858259,,
"N Raffaelli, RM Scaife, DL Purich",ADPRibosylation of chicken red cell tubulin and inhibition of microtubule self-assembly in vitro by the NAD+-dependent avian ADPRibosyl transferase,1992,Biochemical and biophysical research …,Elsevier,https://www.sciencedirect.com/science/article/pii/0006291X92912099,,
"NE Busch, AH Brush",Avian feather keratins: molecular aspects of structural heterogeneity,1979,Journal of Experimental Zoology,Wiley Online Library,https://onlinelibrary.wiley.com/doi/abs/10.1002/jez.1402100105,,
"SR Copeland, M Sponheimer, JA Lee-Thorp, ...",Strontium isotope ratios in fossil teeth from South Africa: assessing laser ablation MC-ICP-MS analysis and the extent of diagenesis,2010,Journal of …,Elsevier,https://www.sciencedirect.com/science/article/pii/S0305440310000087,,
"H Wu, Z He, J Tang, X Li, H Cao, Y Wang, SJ Zheng",A critical role of LAMP-1 in avian reovirus P10 degradation associated with inhibition of apoptosis and virus release,2016,Archives of virology,Springer,https://link.springer.com/article/10.1007/s00705-015-2731-5,,
"DJ Jagger, R Nickel, A Forge",Gap junctional coupling is essential for epithelial repair in the avian cochlea,2014,Journal of Neuroscience,Soc Neuroscience,http://www.jneurosci.org/content/34/48/15851.short,,
"S Chiocca, R Kurzbauer, G Schaffner, A Baker, ...",The complete DNA sequence and genomic organization of the avian adenovirus CELO.,1996,Journal of …,Am Soc Microbiol,https://jvi.asm.org/content/70/5/2939.short,,
"A Tiwari, DP Patnayak, Y Chander, SM Goyal",Permissibility of different cell types for the growth of avian metapneumovirus,2006,Journal of virological …,Elsevier,https://www.sciencedirect.com/science/article/pii/S016609340600276X,,
"Y Sugishita, M Watanabe, SA Fisher",Role of myocardial hypoxia in the remodeling of the embryonic avian cardiac outflow tract,2004,Developmental biology,Elsevier,https://www.sciencedirect.com/science/article/pii/S0012160603007280,,
"U Sayeed-Shah, MJ Mann, J Martin, S Grachev, ...",Complete reversal of ischemic wall motion abnormalities by combined use of gene therapy with transmyocardial laser revascularization,1998,The Journal of thoracic …,Elsevier,https://www.sciencedirect.com/science/article/pii/S0022522398004401,,
"F Pirotti, S Grigolato, E Lingua, T Sitzia, ...",Laser scanner applications in forest and environmental sciences.,2012,Italian Journal of …,academia.edu,http://www.academia.edu/download/11454159/Pirotti%20et%20al.%20(2012).pdf,,
"H Wilson, C Rawlings, K Latimer, A Strunk, ...",Comparison of the cavitron ultrasonic surgical aspirator and CO2 laser for lipoma resection in budgerigars (Melopsittacus undulatus),2004,Journal of Avian …,BioOne,https://bioone.org/journals/Journal-of-Avian-Medicine-and-Surgery/volume-18/issue-2/02-021/Comparison-of-the-Cavitron-Ultrasonic-Surgical-Aspirator-and-COsub2-sub/10.1647/02-021.short,,
AM Fudge,Clinical application of laser flow cytometry to avian hematologic analysis,1995,"Proc Assoc Avian Vet, Philadelphia, PA",,,,
"G Bujacz, M Jaskolski, J Alexandratos, ...",High-resolution structure of the catalytic domain of avian sarcoma virus integrase,1995,Journal of molecular …,Elsevier,https://www.sciencedirect.com/science/article/pii/S0022283685705566,,
"TY Li, BH Liu, YC Chen",Characterization of Aspergillus spores by matrix‐assisted laser desorption/ionization time‐of‐flight mass spectrometry,2000,Rapid Communications in Mass …,Wiley Online Library,https://onlinelibrary.wiley.com/doi/abs/10.1002/1097-0231(20001230)14:24%3C2393::AID-RCM178%3E3.0.CO;2-9,,
"ML Baird, TIJ Smith, WE Jenkins",Evaluation of control techniques for avian predators of pond reared fishes,1995,… Conference Southeastern Association of Fish and …,,,,
JK LAUBER,Three avian eye enlargement protcols as myopia models: effects of pharmacological intervention,1991,Journal of Ocular Pharmacology and Therapeutics,liebertpub.com,https://www.liebertpub.com/doi/abs/10.1089/jop.1991.7.65,,
"R Cabo, A Gálvez, R Laurà, I San José, ...",Immunohistochemical detection of the putative mechanoproteins ASIC2 and TRPV4 in avian Herbst sensory corpuscles,2013,… Record: Advances in …,Wiley Online Library,https://onlinelibrary.wiley.com/doi/abs/10.1002/ar.22615,,
"Z Zhang, W Lin, X Li, H Cao, Y Wang, SJ Zheng",Critical role of eukaryotic elongation factor 1 alpha 1 (EEF1A1) in avian reovirus sigma-C-induced apoptosis and inhibition of viral growth,2015,Archives of virology,Springer,https://link.springer.com/article/10.1007/s00705-015-2403-5,,
"Y Ha, DJ Stevens, JJ Skehel, DC Wiley",X-ray structure of the hemagglutinin of a potential H3 avian progenitor of the 1968 Hong Kong pandemic influenza virus☆,2003,Virology,Elsevier,https://www.sciencedirect.com/science/article/pii/S0042682203000680,,
"ME De Stefano, E Mugnaini",Fine structure of the choroidal coat of the avian eye,1997,Anatomy and embryology,Springer,https://link.springer.com/article/10.1007/s004290050060,,
"T Ito, Y Atoji",Tectothalamic inhibitory projection neurons in the avian torus semicircularis,2016,Journal of Comparative Neurology,Wiley Online Library,https://onlinelibrary.wiley.com/doi/abs/10.1002/cne.23979,,
"WI Muir, AJ Husband, WL Bryden",Dietary supplementation with vitamin E modulates avian intestinal immunity,2002,British Journal of Nutrition,cambridge.org,https://www.cambridge.org/core/journals/british-journal-of-nutrition/article/dietary-supplementation-with-vitamin-e-modulates-avian-intestinal-immunity/2C9D41D0DB99F65084C02A05084E0DC6,,
RR Patil,Avian flu: examining role of ducks in Indian context,2010,Indian journal of community medicine: official …,ncbi.nlm.nih.gov,https://www.ncbi.nlm.nih.gov/pmc/articles/PMC2940171/,,
"JM Perez-Pomares, A Phelps, M Sedmerova, ...",Experimental studies on the spatiotemporal expression of WT1 and RALDH2 in the embryonic avian heart: a model for the regulation of myocardial and valvuloseptal …,2002,Developmental …,Elsevier,https://www.sciencedirect.com/science/article/pii/S0012160602907062,,
"Y Gu, N Dong, A Shan, Q Ma, J Li, ...",Antitumor effect of the antimicrobial peptide GLI13-8 derived from domain of the avian β-defensin-4,2013,Acta Biochim Biophys …,academic.oup.com,https://academic.oup.com/abbs/article-abstract/45/11/904/1103,,
"MGR Vollstädt, SW Ferger, A Hemp, ...","Direct and indirect effects of climate, human disturbance and plant traits on avian functional diversity",2017,Global ecology and …,Wiley Online Library,https://onlinelibrary.wiley.com/doi/abs/10.1111/geb.12606,,
"T Daidoji, Y Watanabe, MS Ibrahim, M Yasugi, ...",Avian influenza virus infection of immortalized human respiratory epithelial cells depends upon a delicate balance between hemagglutinin acid stability and …,2015,Journal of Biological …,ASBMB,http://www.jbc.org/content/290/17/10627.short,,
"KS Smallwood, DA Bell, SA Snyder, ...",Novel scavenger removal trials increase wind turbine—caused avian fatality estimates,2010,The Journal of …,Wiley Online Library,https://onlinelibrary.wiley.com/doi/pdf/10.2193/2009-266,,
WJ KUENZEL,"The search for deep encephalic photoreceptors within the avian brain, using gonadal development as a primary indicator",1993,Poultry science,academic.oup.com,https://academic.oup.com/ps/article-abstract/72/5/959/1571629,,
"ME Warchol, RA Schwendener, K Hirose",Depletion of resident macrophages does not alter sensory regeneration in the avian cochlea,2012,PloS one,journals.plos.org,https://journals.plos.org/plosone/article?id=10.1371/journal.pone.0051574,,
"T Lin, G Wang, A Li, Q Zhang, C Wu, R Zhang, Q Cai, ...",The hemagglutinin structure of an avian H1N1 influenza A virus,2009,Virology,Elsevier,https://www.sciencedirect.com/science/article/pii/S0042682209003705,,
"CJ Wei, L Xu, WP Kong, W Shi, K Canis, ...",Comparative efficacy of neutralizing antibodies elicited by recombinant hemagglutinin proteins from avian H5N1 influenza virus,2008,Journal of …,Am Soc Microbiol,https://jvi.asm.org/content/82/13/6200.short,,
"S Munir, JM Sharma, V Kapur",Transcriptional response of avian cells to infection with Newcastle disease virus,2005,Virus research,Elsevier,https://www.sciencedirect.com/science/article/pii/S0168170204002837,,
"A Borodavka, J Ault, PG Stockley, ...",Evidence that avian reovirus σNS is an RNA chaperone: implications for genome segment assortment,2015,Nucleic acids …,academic.oup.com,https://academic.oup.com/nar/article-abstract/43/14/7044/2902884,,
"G Rudner, M Katar, H Maisel",Enolase in the avian and turtle lens,1990,Current eye research,Taylor & Francis,https://www.tandfonline.com/doi/abs/10.3109/02713689008995200,,
"I Flamme, M Messerli, W Risau, M Jacob, ...",Vascular growth in the extraembryonic mesoderm of avian embryos,1992,… and Differentiation of …,Springer,https://link.springer.com/chapter/10.1007/978-1-4615-3458-7_26,,
"A Rivero, S Gandon",Evolutionary ecology of avian malaria: past to present,2018,Trends in parasitology,Elsevier,https://www.sciencedirect.com/science/article/pii/S1471492218301223,,
"HJ Liu, LC Kuo, YC Hu, MH Liao, YY Lien",Development of an ELISA for detection of antibodies to avian reovirus in chickens,2002,Journal of Virological Methods,Elsevier,https://www.sciencedirect.com/science/article/pii/S0166093402000101,,
"J Kim, JH Kwon, J Jang, H Lee, S Kim, YK Hahn, ...",Rapid and background-free detection of avian influenza virus in opaque sample using NIR-to-NIR upconversion nanoparticle-based lateral flow immunoassay …,2018,Biosensors and …,Elsevier,https://www.sciencedirect.com/science/article/pii/S0956566318303075,,
"M Lever, C Theiss, G Morosan-Puopolo, ...",Thymosin β4 overexpression regulates neuron production and spatial distribution in the developing avian optic tectum,2017,Histochemistry and cell …,Springer,https://link.springer.com/article/10.1007/s00418-016-1529-1,,
"V Berry, H Rathod, LB Pulman, ...",Immunofluorescent evidence for the abundance of focal adhesion kinase in the human and avian osteoclasts and its down regulation by calcitonin,1994,Journal of …,joe.bioscientifica.com,https://joe.bioscientifica.com/view/journals/joe/141/2/joe_141_2_026.xml,,
"HE Hendin, S Pillet, AN Lara, CY Wu, N Charland, ...",Plant-made virus-like particle vaccines bearing the hemagglutinin of either seasonal (H1) or avian (H5) influenza have distinct patterns of interaction with human …,2017,Vaccine,Elsevier,https://www.sciencedirect.com/science/article/pii/S0264410X17303754,,
"FD Jackson, DJ Varricchio, ...",Avian eggs from the Eocene Willwood and Chadron formations of Wyoming and Nebraska,2013,Journal of Vertebrate …,Taylor & Francis,https://www.tandfonline.com/doi/abs/10.1080/02724634.2013.769445,,
"S Luck, V Choh",Effects of a myosin light chain kinase inhibitor on the optics and accommodation of the avian crystalline lens,2011,Molecular vision,ncbi.nlm.nih.gov,https://www.ncbi.nlm.nih.gov/pmc/articles/PMC3209428/,,
"MJ Korn, SJ Koppel, LH Li, D Mehta, ...",Astrocyte‐secreted factors modulate the developmental distribution of inhibitory synapses in nucleus laminaris of the avian auditory brainstem,2012,Journal of …,Wiley Online Library,https://onlinelibrary.wiley.com/doi/abs/10.1002/cne.22786,,
"EJ Sanders, N Hu, S Prasad",Guidance of filopodial extension by fibronectin-rich extracellular matrix fibrils during avian gastrulation. A study using confocal microscopy.,2004,International Journal of Developmental …,ijdb.ehu.es,http://www.ijdb.ehu.es/web/paper.php?doi=7779691,,
"KG Weyl, RM Dougherty",Contact transmission of avian leukosis virus,1977,Journal of the National Cancer …,academic.oup.com,https://academic.oup.com/jnci/article-abstract/58/4/1019/908475,,
"RWY Chan, R Karamanska, ...",Infection of swine ex vivo tissues with avian viruses including H7N9 and correlation with glycomic analysis,2013,Influenza and other …,Wiley Online Library,https://onlinelibrary.wiley.com/doi/abs/10.1111/irv.12144,,
"RM Markosyan, P Bates, FS Cohen, GB Melikyan",A study of low pH-induced refolding of Env of avian sarcoma and leukosis virus into a six-helix bundle,2004,Biophysical journal,Elsevier,https://www.sciencedirect.com/science/article/pii/S0006349504737960,,
"OV Ulianova, AM Lyapina, IA Subbotina, ...",Study of statistical properties of GB-speckles coding the nucleotide sequences of the target genes of Avian Influenza Virus,2019,… Fall Meeting 2018 …,spiedigitallibrary.org,https://www.spiedigitallibrary.org/conference-proceedings-of-spie/11065/110650P/Study-of-statistical-properties-of-GB-speckles-coding-the-nucleotide/10.1117/12.2523119.short,,
"G Kukolj, RA Katz, AM Skalka",Characterization of the nuclear localization signal in the avian sarcoma virus integrase,1998,Gene,Elsevier,https://www.sciencedirect.com/science/article/pii/S0378111998001693,,
"LY Zhang, S Lv, SC Wu, X Guo, F Xia, XR Hu, ...",Inhibitory effects of α-cyperone on adherence and invasion of avian pathogenic Escherichia coli O78 to chicken type II pneumocytes,2014,Veterinary immunology …,Elsevier,https://www.sciencedirect.com/science/article/pii/S0165242714000415,,
"RB Truscott, WE Inniss",Studies on a lesion-inducing factor of avian strains of Escherichia coli,1967,Canadian Journal of Microbiology,NRC Research Press,https://www.nrcresearchpress.com/doi/abs/10.1139/m67-002,,
"WL THU, CH WANG",Phylogenetic analysis of subgroup J avian leucosis virus from broiler and native chickens in Taiwan during 2000-2002,2003,Journal of veterinary medical science,jstage.jst.go.jp,https://www.jstage.jst.go.jp/article/jvms/65/3/65_3_325/_article/-char/ja/,,
T Parrott-Nenezian,Using the diode laser in avian endoscopic surgery,2000,Proc Annu Conf Assoc Avian Vet,,,,
"JI Matsui, EC Oesterle, JS Stone, EW Rubel",Characterization of damage and regeneration in cultured avian utricles,2000,Journal of the Association for …,Springer,https://link.springer.com/article/10.1007/s101620010005,,
"NW Scholes, MJ Gutnick",Relative activity of psychotoxic drugs on the avian optic lobe,1970,European journal of pharmacology,Elsevier,https://www.sciencedirect.com/science/article/pii/0014299970900804,,
JE Malcolm,The avian egg and the retina,1973,Annals of the Royal College of Surgeons of England,ncbi.nlm.nih.gov,https://www.ncbi.nlm.nih.gov/pmc/articles/PMC2388234/,,
"TM Harms, SJ Dinsmore",Spatial scale matters when modeling avian co‐occurrence,2016,Ecosphere,Wiley Online Library,https://esajournals.onlinelibrary.wiley.com/doi/abs/10.1002/ecs2.1288,,
"M Jacob, B Christ, HJ Jacob",The migration of myogenic cells from the somites into the leg region of avian embryos,1979,Anatomy and embryology,Springer,https://link.springer.com/article/10.1007/BF00304995,,
"X WANG, H CHEN",Avian influenza and public health [J],2005,Basic Medical Sciences and Clinics,en.cnki.com.cn,http://en.cnki.com.cn/Article_en/CJFDTOTAL-JCYL200512000.htm,,
KE Bartels,Lasers in medicine and surgery,2002,Veterinary Clinics: Small Animal Practice,vetsmall.theclinics.com,https://www.vetsmall.theclinics.com/article/S0195-5616(02)00016-5/abstract,,
"ADA Lounis, D Soubieux, W Klapper, ...","Induction of telomerase activity in avian lymphoblastoid cell line transformed by Marek's disease virus, MDCC-MSB1",2004,Veterinary …,journals.sagepub.com,https://journals.sagepub.com/doi/abs/10.1354/vp.41-4-405,,
"LM Gerlach, MR Hutson, JA Germiller, ...","Addition of the BMP4 antagonist, noggin, disrupts avian inner ear development",2000,…,dev.biologists.org,http://dev.biologists.org/content/127/1/45.short,,
"J Girdlestone, JA Weston",Identification of early neuronal subpopulations in avian neural crest cell cultures,1985,Developmental biology,Elsevier,https://www.sciencedirect.com/science/article/pii/0012160685904555,,
"W Chen, Y Zhong, R Su, H Qi, W Deng, Y Sun, ...",N-glycan profiles in H9N2 avian influenza viruses from chicken eggs and human embryonic lung fibroblast cells,2017,Journal of virological …,Elsevier,https://www.sciencedirect.com/science/article/pii/S0166093417301556,,
"A Fabre, C Dupin, F Bénézit, J Goret, ...",Opportunistic pulmonary Bordetella hinzii infection after avian exposure,2015,Emerging infectious …,ncbi.nlm.nih.gov,https://www.ncbi.nlm.nih.gov/pmc/articles/PMC4672423/,,
"JE Dennis, DA Carrino, K Yamashita, AI Caplan",Monoclonal antibodies to mineralized matrix molecules of the avian eggshell,2000,Matrix Biology,Elsevier,https://www.sciencedirect.com/science/article/pii/S0945053X00001189,,
"J Coleman, S Eaton, G Merkel, AM Skalka, ...",Characterization of the self association of avian sarcoma virus integrase by analytical ultracentrifugation,1999,Journal of Biological …,ASBMB,http://www.jbc.org/content/274/46/32842.short,,
"EM Sorenson, DG El-Bogdadi, Y Nong, VA Chiappinelli",α7-Containing nicotinic receptors are segregated to the somatodendritic membrane of the cholinergic neurons in the avian nucleus semilunaris,2001,Neuroscience,Elsevier,https://www.sciencedirect.com/science/article/pii/S0306452200005534,,
FA Miles,Centrifugal control of the avian retina. IV. Effects of reversible cold block of the isthmo-optic tract on the receptive field properties of cells in the retina and isthmo-optic …,1972,Brain Research,Elsevier,https://www.sciencedirect.com/science/article/pii/0006899372901746,,
"JR Usherwood, TL Hedrick, ...",The aerodynamics of avian take-off from direct pressure measurements in Canada geese (Branta canadensis),2003,Journal of Experimental …,jeb.biologists.org,http://jeb.biologists.org/content/206/22/4051.short,,
"R Lakshminarayanan, JS Joseph, RM Kini, ...","Structure− Function Relationship of Avian Eggshell Matrix Proteins: A Comparative Study of Two Major Eggshell Matrix Proteins, Ansocalcin and OC-17",2005,…,ACS Publications,https://pubs.acs.org/doi/full/10.1021/bm049423+,,
"KA Lee, LB Martin, MC Wikelski","Responding to inflammatory challenges is less costly for a successful avian invader, the house sparrow (Passer domesticus), than its less-invasive congener",2005,Oecologia,Springer,https://link.springer.com/article/10.1007/s00442-005-0113-5,,
"UB Aamir, U Wernery, N Ilyushina, RG Webster",Characterization of avian H9N2 influenza viruses from United Arab Emirates 2000 to 2003,2007,Virology,Elsevier,https://www.sciencedirect.com/science/article/pii/S0042682206007938,,
PT Marshall,Apparatus and method for rotating avian enclosures,2006,"US Patent 6,988,466",Google Patents,https://patents.google.com/patent/US6988466B2/en,,
"M Cazorla, GM Wolfe, SA Bailey, ...",A new airborne laser-induced fluorescence instrument for in situ detection of formaldehyde throughout the troposphere and lower stratosphere,2015,Atmospheric …,atmos-meas-tech.net,https://www.atmos-meas-tech.net/8/541/2015/,,
"D Athanasiadou, W Jiang, D Goldbaum, ...","Nanostructure, osteopontin, and mechanical properties of calcitic avian eggshell",2018,Science …,advances.sciencemag.org,http://advances.sciencemag.org/content/4/3/eaar3219.abstract,,
JMV Rayner,Form and function in avian flight,1988,Current ornithology,Springer,https://link.springer.com/chapter/10.1007/978-1-4615-6787-5_1,,
"Y Bao, Z Zhai, S Wang, J Ma, W Zhang, C Lu",Chaperonin GroEL: a novel phylogenetically conserved protein with strong immunoreactivity of Avian Pathogenic Escherichia coli isolates from duck identified by …,2013,Vaccine,Elsevier,https://www.sciencedirect.com/science/article/pii/S0264410X13004830,,
"G Morosan-Puopolo, A Balakrishnan-Renuka, F Yusuf, ...",Wnt11 is required for oriented migration of dermogenic progenitor cells from the dorsomedial lip of the avian dermomyotome,2014,PloS one,journals.plos.org,https://journals.plos.org/plosone/article?id=10.1371/journal.pone.0092679,,
"C Saponaro, A Cianciulli, R Calvello, ...",First identification of Toll-like receptor-4 in avian brain: evolution of lipopolysaccharide recognition and inflammation-dependent responses,2011,…,Taylor & Francis,https://www.tandfonline.com/doi/abs/10.3109/08923971003739244,,
"VV Lukashov, J Goudsmit",Evolutionary relationships among parvoviruses: virus-host coevolution among autonomous primate parvoviruses and links between adeno-associated and avian …,2001,Journal of virology,Am Soc Microbiol,https://jvi.asm.org/content/75/6/2729.short,,
"S Priolo, JG Sivak, EL Irving, ...",Effect of age and experimentally-induced ametropia on the optics and morphology of the avian crystalline lens,1999,Vision Science and its …,osapublishing.org,https://www.osapublishing.org/viewmedia.cfm?uri=VSIA-1999-SaB2&seq=0,,
"AA Husseiny, O ABDALLAH, FB Thigpen, ...",Active non-lethal avian denial infrasound systems and methods of avian denial,2018,US Patent App. 10 …,Google Patents,https://patents.google.com/patent/US10045525B2/en,,
"A Göhler, C Büchner, S André, S Doose, H Kaltner, ...",Analysis of homodimeric avian and human galectins by two methods based on fluorescence spectroscopy: Different structural alterations upon oxidation and ligand …,2012,Biochimie,Elsevier,https://www.sciencedirect.com/science/article/pii/S0300908412003100,,
"DF Mott, MW Brunson",A historical perspective of catfish production in the southeast in relation to avian predation,1995,,digitalcommons.unl.edu,https://digitalcommons.unl.edu/ewdcc7/24/,,
"K Chmel, J Riegert, L Paul, V Novotný",Vertical stratification of an avian community in New Guinean tropical rainforest,2016,Population ecology,Wiley Online Library,https://onlinelibrary.wiley.com/doi/pdf/10.1007/s10144-016-0561-2,,
"JR Thomas, JJ Polin, K Sreenath, V Kumar",Draft: Avian-inspired grasping for quadrotor micro UAVs,2013,Proc. ASME 2013 …,jtwebs.net,http://www.jtwebs.net/wp-content/uploads/2013/03/idetc2013.pdf,,
"SH Stoleson, KJ Kirschbaum, J Frank, CJ Atwood","Integrating GPS, GIS, and avian call-response surveys using Pocket PCs",2004,Wildlife Society Bulletin,BioOne,https://bioone.org/journals/Wildlife-Society-Bulletin/volume-32/issue-4/0091-7648(2004)032[1309:FTFIGG]2.0.CO;2/Integrating-GPS-GIS-and-avian-call-response-surveys-using-Pocket/10.2193/0091-7648(2004)032[1309:FTFIGG]2.0.CO;2.full,,
"PA Rupp, A Czirók, CD Little",Novel approaches for the study of vascular assembly and morphogenesis in avian embryos,2003,Trends in cardiovascular medicine,Elsevier,https://www.sciencedirect.com/science/article/pii/S105017380300118X,,
W Hodos,Minimization of motion smear: an approach to reducing avian collisions with wind turbines,2003,"US Patent 6,623,243",Google Patents,https://patents.google.com/patent/US6623243B1/en,,
"LL Powell, NJ Cordeiro, JA Stratford",Ecology and conservation of avian insectivores of the rainforest understory: A pantropical perspective,2015,Biological Conservation,Elsevier,https://www.sciencedirect.com/science/article/pii/S0006320715001366,,
LM Chiappe,Early avian evolution: roundtable report,1999,Smithsonian Contributions to Paleobiology,repository.si.edu,https://repository.si.edu/bitstream/handle/10088/2005/SCtP-0089-Lo_res.pdf?sequence=2&isAllowed=y#page=345,,
"RL Brooks, DI Bounous, CB Andreasen",Functional comparison of avian heterophils with human and canine neutrophils,1996,Comparative Haematology …,Springer,https://link.springer.com/article/10.1007/BF00368459,,
"R Takano, M Kiso, M Igarashi, QM Le, ...",Molecular mechanisms underlying oseltamivir resistance mediated by an I117V substitution in the neuraminidase of subtype H5N1 avian influenza A viruses,2012,The Journal of …,academic.oup.com,https://academic.oup.com/jid/article-abstract/207/1/89/874396,,
"Q Wang, Y Gao, X Ji, X Qi, L Qin, H Gao, Y Wang, ...",Differential expression of microRNAs in avian leukosis virus subgroup J-induced tumors,2013,Veterinary …,Elsevier,https://www.sciencedirect.com/science/article/pii/S0378113512005627,,
"DS Petersen, N Kreuter, L Heepe, S Büsse, ...","Holding tight to feathers–structural specializations and attachment properties of the avian ectoparasite Crataerina pallida (Diptera, Hippoboscidae)",2018,Journal of …,jeb.biologists.org,http://jeb.biologists.org/content/221/13/jeb179242.abstract,,
"D Hertford, J Gurtowski, E Lewis",Fatigue characteristics of avian leg tendons,1980,Bioengineering,Elsevier,https://www.sciencedirect.com/science/article/pii/B978008026000650010X,,
"Z Grajcar, J Lilly, K Payne",System and method of enhancing reproduction in avian,2018,"US Patent App. 10/104,875",Google Patents,https://patents.google.com/patent/US10104875B2/en,,
"A Yang, L Wei, W Zhao, Y Xu, Z Rao","Expression, crystallization and preliminary X-ray diffraction analysis of the N-terminal domain of nsp2 from avian infectious bronchitis virus",2009,Acta Crystallographica Section …,scripts.iucr.org,https://scripts.iucr.org/cgi-bin/paper?fw5224,,
GL Powers,Combined ventilator and feeder for avian,1976,"US Patent 3,942,479",Google Patents,https://patents.google.com/patent/US3942479A/en,,
"ZL Zhang, YX Tang, WT Xue, JLLZ Liu, ...",Study on expression of avian influenza virus hemagglutinin (H5N1) gene in Lotus corniculatus,2008,Scientia Agricultural …,en.cnki.com.cn,http://en.cnki.com.cn/Article_en/CJFDTOTAL-ZNYK200801042.htm,,
"KE Sieving, MF Willson",Nest predation and avian species diversity in northwestern forest understory,1998,Ecology,Wiley Online Library,https://esajournals.onlinelibrary.wiley.com/doi/abs/10.1890/0012-9658(1998)079%5B2391:NPAASD%5D2.0.CO%3B2,,
"M Logan, C Tabin",Targeted gene misexpression in chick limb buds using avian replication-competent retroviruses,1998,Methods,Elsevier,https://www.sciencedirect.com/science/article/pii/S1046202398905953,,
"MJ Sekellick, PI Marcus, AF Ferrandino",Recombinant avian type i interferon,2000,"US Patent 6,020,465",Google Patents,https://patents.google.com/patent/US6020465A/en,,
"U Hellman, R Bhikhabhai",… peptides using post‐source decay on a matrix‐assisted laser desorption/ionization time‐of‐flight mass spectrometer equipped with a variable voltage reflector,2002,Rapid communications in mass …,Wiley Online Library,https://onlinelibrary.wiley.com/doi/abs/10.1002/rcm.805,,
"A Partyka, E Łukaszewicz, W Niżański, J Twardoń",Detection of lipid peroxidation in frozen-thawed avian spermatozoa using C11-BODIPY581/591,2011,Theriogenology,Elsevier,https://www.sciencedirect.com/science/article/pii/S0093691X11000033,,
LL Wolf,Species relationships in the avian genus Aimophila,1977,Ornithological monographs,JSTOR,https://www.jstor.org/stable/40166744,,
"K Khantasup, P Kopermsub, K Chaichoun, ...",Targeted small interfering RNA-immunoliposomes as a promising therapeutic agent against highly pathogenic Avian Influenza A (H5N1) virus infection,2014,Antimicrobial agents …,Am Soc Microbiol,https://aac.asm.org/content/58/5/2816.short,,
"P Meekangvan, AA Barhorst, TD Burton, ...",Nonlinear dynamical model and response of avian cranial kinesis,2006,Journal of Theoretical …,Elsevier,https://www.sciencedirect.com/science/article/pii/S0022519305003668,,
"M Horvat-Gordon, F Yu, D Burns, RM Leach Jr",Ovocleidin (OC 116) is present in avian skeletal tissues,2008,Poultry science,academic.oup.com,https://academic.oup.com/ps/article-abstract/87/8/1618/1539935,,
"PB Antin, T Yatskievych, ...",Regulation of avian precardiac mesoderm development by insulin and insulin‐like growth factors,1996,Journal of cellular …,Wiley Online Library,https://onlinelibrary.wiley.com/doi/abs/10.1002/(SICI)1097-4652(199607)168:1%3C42::AID-JCP6%3E3.0.CO;2-8,,
"HW Hsu, HY Su, PH Huang, LH Lee, HJ Liu",Sequence and phylogenetic analysis of P10-and P17-encoding genes of avian reovirus,2005,Avian diseases,aaapjournals.info,http://www.aaapjournals.info/doi/abs/10.1637/7264-081904R1,,
"M Kvaratskhelia, PK Clark, S Hess, DC Melder, ...",Identification of glycosylation sites in the SU component of the avian sarcoma/leukosis virus envelope glycoprotein (subgroup A) by mass spectrometry,2004,Virology,Elsevier,https://www.sciencedirect.com/science/article/pii/S0042682204003708,,
DR Mader,Laser surgery for avian and exotic pets,2005,Vet Pract News,,,,
"SL Melvin, JW Webb",Differences in the avian communities of natural and createdSpartina alterniflora salt marshes,1998,Wetlands,Springer,https://link.springer.com/article/10.1007/BF03161443,,
"L Yang, S You, L Zhang, T Yang, P Li","Lu. J,“Noninvasive vasculature detection using laser speckle imaging in avian embryos through intact egg in early incubation stage,” Biomed",2013,Opt. Express,,,,
"JL Briot, P Bataille",A new laser equipment designed for avian dispersal in airport environment,2003,"International Birdstrike Committee, Warsow",,,,
"SW Kang, A Thayananuphat, T Bakken, ...",Dopamine-melatonin neurons in the avian hypothalamus controlling seasonal reproduction,2007,Neuroscience,Elsevier,https://www.sciencedirect.com/science/article/pii/S0306452207010950,,
"L Kannan, R Liyanage, J Lay Jr, ...",Identification and structural characterization of avian beta-defensin 2 peptides from pheasant and quail,2013,J Proteomics …,researchgate.net,https://www.researchgate.net/profile/Balamurugan_Packialakshmi/publication/250308988_Identification_and_Characterization_of_Pheasant_and_Quail_Avian_Beta_Defensin_2/links/5657d1a508ae4988a7b583b0.pdf,,
"MZ Shabbir, RH Nissly, A Ahad, M Rabbani, ...",Complete genome sequences of three related avian avulavirus 1 isolates from poultry farmers in Pakistan,2018,Genome …,Am Soc Microbiol,https://mra.asm.org/content/6/18/e00361-18.short,,
"Z Zhou, FZZ Li",A new Lower Cretaceous bird from China and tooth reduction in early avian evolution,2009,Proceedings of the Royal Society B …,royalsocietypublishing.org,https://royalsocietypublishing.org/doi/abs/10.1098/rspb.2009.0885,,
"DH Lee, JH Kim, SS Yuk, JH Kwon, H Cho, SY Hwang, ...",Rapid hemagglutinin subtyping of novel avian-origin influenza A (H7N9) virus using a diagnostic microarray,2014,BioChip Journal,Springer,https://link.springer.com/article/10.1007/s13206-014-8109-z,,
"L Terracio, DG Simpson, L Hilenski, ...",Distribution of vinculin in the Z‐disk of striated muscle: Analysis by laser scanning confocal microscopy,1990,Journal of cellular …,Wiley Online Library,https://onlinelibrary.wiley.com/doi/abs/10.1002/jcp.1041450112,,
"XL Hermo-Parrado, P Guardado-Calvo, ...",Crystallization of the avian reovirus double-stranded RNA-binding and core protein σA,2007,… Section F: Structural …,scripts.iucr.org,https://scripts.iucr.org/cgi-bin/paper?ll5111,,
D Kunec,Proteomics applied to avian herpesviruses,2013,Avian diseases,aaapjournals.info,http://www.aaapjournals.info/doi/abs/10.1637/10483-010413-Reg.1,,
"S Thongratsakul, T Songserm, C Poolkhet, ...",Determination of N-Linked Sialyl-Sugar Chains in the Lungs of Domestic Cats and Dogs in Thailand Susceptible to the Highly Pathogenic Avian Influenza Virus (H5N1 …,2009,Open …,benthamopen.com,https://benthamopen.com/ABSTRACT/TOGLYJ-2-28,,
"SM Lohr, SA Gauthreaux, JC Kilgo",Importance of coarse woody debris to avian communities in loblolly pine forests,2002,Conservation Biology,Wiley Online Library,https://onlinelibrary.wiley.com/doi/abs/10.1046/j.1523-1739.2002.01019.x,,
KKH Lee,Translocation of fibronectin-coated and uncoated latex beads in avian embryonic limb buds,1991,Anatomy and embryology,Springer,https://link.springer.com/article/10.1007/BF00942580,,
"W Pope, SA Enam, N Bawa, BE Miller, ...",Phosphorylated tau epitope of Alzheimer's disease is coupled to axon development in the avian central nervous system,1993,Experimental …,Elsevier,https://www.sciencedirect.com/science/article/pii/S0014488683710447,,
"KM Breiner, S Urban, H Schaller","Carboxypeptidase D (gp180), a Golgi-resident protein, functions in the attachment and entry of avian hepatitis B viruses",1998,Journal of virology,Am Soc Microbiol,https://jvi.asm.org/content/72/10/8098.short,,
"Y LIU, H WEI, F HUANG, Y LI, X WEI, ...",Biological Characteristic of A Duck-derived H9 Subtype Avian Influenza Virus [J],2007,Acta Agriculturae …,en.cnki.com.cn,http://en.cnki.com.cn/Article_en/CJFDTOTAL-JXNY200709031.htm,,
"M Joshi, PP Bakre, P Bhatnagar",Avian guano: A non-destructive biomonitoring tool for organic pollutants in environment,2013,Ecological indicators,Elsevier,https://www.sciencedirect.com/science/article/pii/S1470160X12002725,,
"SV Edwards, S Birks, RT Brumfield, R Hanner, ...",Future of avian genetic resources collections: archives of evolutionary and environmental history,2005,The Auk,academic.oup.com,https://academic.oup.com/auk/article-abstract/122/3/979/5147591,,
"E Bollmann, R Sailer, C Briese, J Stötter, ...",Potential of airborne laser scanning for geomorphologic feature and process detection and quantifications in high alpine mountains,2011,Zeitschrift für …,ingentaconnect.com,https://www.ingentaconnect.com/content/schweiz/zfgs/2011/00000055/00000002/art00006,,
"M Martínez, MJ Muñoz, A De la Torre, B Martínez, ...",Risk assessment applied to Spain's prevention strategy against highly pathogenic avian influenza virus H5N1,2007,Avian …,aaapjournals.info,http://www.aaapjournals.info/doi/abs/10.1637/7622-042606R1.1,,
"J Van De Water, L Haapanen, R Boyd, ...",Identification of T cells in early dermal lymphocytic infiltrates in avian scleroderma,1989,… : Official Journal of …,Wiley Online Library,https://onlinelibrary.wiley.com/doi/abs/10.1002/anr.1780320813,,
"J Li, W Shen, M Liao, M Bartlam",Preliminary crystallographic analysis of avian infectious bronchitis virus main protease,2007,Acta Crystallographica Section F …,scripts.iucr.org,https://scripts.iucr.org/cgi-bin/paper?pu5171,,
"HC Gunga, T Suthau, A Bellmann, A Friedrich, ...",Body mass estimations for Plateosaurus engelhardti using laser scanning and 3D reconstruction methods,2007,…,Springer,https://link.springer.com/article/10.1007/s00114-007-0234-2,,
"LN Ding, K Isobe, T Yoshida, K Kawashima, ...",Induction of high-grade anti-tumor immunity by use of a recombinant H-2Kb/avian erythroblastosis virus erbB gene transfectant,1990,Cancer Immunology …,Springer,https://link.springer.com/article/10.1007/BF01742375,,
"M Avian, A Bauer, GK Lieb",Monitoring modification of alpine environments: new techniques and perspectives,2005,3rd symposium of the Hohe Tauern National …,zobodat.at,http://www.zobodat.at/pdf/NP-Hohe-Tauern-Conference_3_0015-0018.pdf,,
"S Omori, Y Sato, H Toda, K Sasaki, T Isobe, ...",Use of flow cytometry to separate Leucocytozoon caulleryi gametocytes from avian blood,2010,Parasitology,cambridge.org,https://www.cambridge.org/core/journals/parasitology/article/use-of-flow-cytometry-to-separate-leucocytozoon-caulleryi-gametocytes-from-avian-blood/F490D4F6D32BCB7C16D100AC0A7F5167,,
"G Veit, U Hansen, DR Keene, P Bruckner, ...",Collagen XII interacts with avian tenascin-X through its NC3 domain,2006,Journal of biological …,ASBMB,http://www.jbc.org/content/281/37/27461.short,,
"M Dallimer, AMJ Skinner, ZG Davies, ...",Multiple habitat associations: the role of offsite habitat in determining onsite avian density and species richness,2012,…,Wiley Online Library,https://onlinelibrary.wiley.com/doi/abs/10.1111/j.1600-0587.2011.07040.x,,
RE Phillips,Evoked potential study of connections of avian archistriatum and caudal neostriatum,1966,Journal of Comparative Neurology,Wiley Online Library,https://onlinelibrary.wiley.com/doi/abs/10.1002/cne.901270106,,
"T Cantrell, A Wooten",Method of fertilizing an avian egg in the shell,2003,"US Patent 6,573,097",Google Patents,https://patents.google.com/patent/US6573097B2/en,,
"X Wang, RL Nudds, GJ Dyke",The primary feather lengths of early birds with respect to avian wing shape evolution,2011,Journal of Evolutionary Biology,Wiley Online Library,https://onlinelibrary.wiley.com/doi/abs/10.1111/j.1420-9101.2011.02253.x,,
PT Marshall,Apparatus and method for rotating avian enclosures,2006,"US Patent 7,117,819",Google Patents,https://patents.google.com/patent/US7117819B2/en,,
M Kubiak,Avian analgesia,2016,Companion Animal,magonlinelibrary.com,https://www.magonlinelibrary.com/doi/abs/10.12968/coan.2016.21.8.480,,
"G Fournié, E Høg, T Barnett, DU Pfeiffer, ...","A systematic review and meta-analysis of practices exposing humans to avian influenza viruses, their prevalence, and rationale",2017,The American journal of …,ASTMH,https://www.ajtmh.org/content/journals/10.4269/ajtmh.17-0014,,
JE Grimes,Avian chlamydiosis,1994,"Handbook of Zoonoses. CRC Press, Boca Raton …",books.google.com,https://books.google.com/books?hl=en&lr=&id=wcE1AR_CLy8C&oi=fnd&pg=PA389&dq=avian+(laser+OR+strobe+OR+flash+OR+flare+OR+flaring+OR+reflector)&ots=7CB2yUwBaL&sig=YNLzvrpKaQ7X5UKg1NBfUqyleMk,,
"M Mellata, JT Maddux, T Nam, N Thomson, H Hauser, ...",New insights into the bacterial fitness-associated mechanisms revealed by the characterization of large plasmids of an avian pathogenic E. coli,2012,PLoS …,journals.plos.org,https://journals.plos.org/plosone/article?id=10.1371/journal.pone.0029481,,
"S Kimel, LO Svaasand, ...",Influence of wavelength on response to laser photothermolysis of blood vessels: implications for port wine stain laser therapy,2003,… Society for Laser …,Wiley Online Library,https://onlinelibrary.wiley.com/doi/abs/10.1002/lsm.10224,,
"W Chiang, T Byrem, H Zhang, G Strasburg",Binding property of avian skeletal muscle ryanodine receptor isoforms with dihydropyridine receptor and calmodulin,2007,Journal of muscle research …,Springer,https://link.springer.com/article/10.1007/s10974-007-9106-9,,
"MTK Mulari, L Patrikainen, T Kaisto, K Metsikkö, ...",The architecture of microtubular network and Golgi orientation in osteoclasts—major differences between avian and mammalian species,2003,Experimental cell …,Elsevier,https://www.sciencedirect.com/science/article/pii/S0014482703000338,,
"JM Gilbert, P Bates, HE Varmus, JM White",The receptor for the subgroup A avian leukosis-sarcoma viruses binds to subgroup A but not to subgroup C envelope glycoprotein.,1994,Journal of virology,Am Soc Microbiol,https://jvi.asm.org/content/68/9/5623.short,,
"CN Niebuhr, I Blasco-Costa",Improving detection of avian malaria from host blood: a step towards a standardised protocol for diagnostics,2016,Parasitology research,Springer,https://link.springer.com/article/10.1007/s00436-016-5157-4,,
"TR Henderson, DM Dacus, RF Henderson",Deuterium isotope effects on histone synthesis in avian erythroblasts,1967,Archives of Biochemistry and …,Elsevier,https://www.sciencedirect.com/science/article/pii/0003986167901658,,
"H Shi, L Sun, S Chen, J LU, X LIU",Analysis of Genes Affecting the Replication Property of H9N2 Avian Influenza A Viruses,2008,ACTA VETERINARIA ET …,en.cnki.com.cn,http://en.cnki.com.cn/Article_en/CJFDTOTAL-XMSY200802013.htm,,
"HR Thacore, PK Kibler, MS Hudecki, ...",Early abnormal development of calmodulin gene expression and calmodulin-resistant Ca2+-ATPase activity in avian dystrophic muscle,1988,Biochemical and …,Elsevier,https://www.sciencedirect.com/science/article/pii/S0006291X88805229,,
"MS Hirsch, K Chang, WWY Kao, ...",Intracellular distribution of type II collagen mRNA and prolyl 4‐hydroxylase in embryonic avian corneal epithelia,1996,… Anatomical Record: An …,Wiley Online Library,https://onlinelibrary.wiley.com/doi/abs/10.1002/(SICI)1097-0185(199601)244:1%3C1::AID-AR1%3E3.0.CO;2-7,,
"PJ Sharp, N Ciccone",The gonadotrophin releasing hormone neurone: key to avian reproductive function,2005,Functional avian endocrinology,books.google.com,https://books.google.com/books?hl=en&lr=&id=kH0wsC7SxwIC&oi=fnd&pg=PA59&dq=avian+(laser+OR+strobe+OR+flash+OR+flare+OR+flaring+OR+reflector)&ots=8oPnSphKbF&sig=EKdlvi78UbtbkHxggMnxExLTCWQ,,
"TE Ogden, RM Wylie",Avian retina. I. Microelectrode depth and marking studies of local ERG.,1971,Journal of neurophysiology,physiology.org,https://www.physiology.org/doi/abs/10.1152/jn.1971.34.3.357,,
"KP Lim, HY Xu, DX Liu",Physical interaction between the membrane (M) and envelope (E) proteins of the coronavirus avian infectious bronchitis virus (IBV),2001,The Nidoviruses,Springer,https://link.springer.com/chapter/10.1007/978-1-4615-1325-4_88,,
"XJWBX Yiming, WHWLZ Kunxi",Detection of Avian! Nephropathogenic Infectious Bronchitis Virus from Praffin embeded Tissue Sections by Hyperimmune Serum based Indirect Immunoperoxidase …,1999,CHINESE JOURNAL OF …,en.cnki.com.cn,http://en.cnki.com.cn/Article_en/CJFDTOTAL-ZGSY908.001.htm,,
"PL Rybarczyk, D Mahato, SP Wolfe, ...",Methods for Rapidly and Accurately Locating Avian Egg Blastoderms,2008,US Patent App. 12 …,Google Patents,https://patents.google.com/patent/US20080289578A1/en,,
"JP Lawrence, M Mahony, BP Noonan",Differential responses of avian and mammalian predators to phenotypic variation in Australian Brood Frogs,2018,PloS one,journals.plos.org,https://journals.plos.org/plosone/article?id=10.1371/journal.pone.0195446,,
"SA Kim, KM Byun, K Kim, SM Jang, K Ma, Y Oh, ...",Surface-enhanced localized surface plasmon resonance biosensing of avian influenza DNA hybridization using subwavelength metallic nanoarrays,2010,…,iopscience.iop.org,https://iopscience.iop.org/article/10.1088/0957-4484/21/35/355503,,
"MFD Notter, PC Balduzzi",Cytoskeletal changes induced by two avian sarcoma viruses: UR2 and Rous sarcoma virus,1984,Virology,Elsevier,https://www.sciencedirect.com/science/article/pii/0042682284902472,,
"J Wang, C Tang, Q Wang, R Li, Z Chen, X Han, ...",Apoptosis induction and release of inflammatory cytokines in the oviduct of egg-laying hens experimentally infected with H9N2 avian influenza virus,2015,Veterinary …,Elsevier,https://www.sciencedirect.com/science/article/pii/S0378113515001509,,
"Q Liu, G Hobom",Evidence for translation of VP3 of avian polyomavirus BFDV by leaky ribosomal scanning,2000,Archives of virology,Springer,https://link.springer.com/article/10.1007/s007050050032,,
"R Ventim, JA Ramos, H Osório, RJ Lopes, ...",Avian malaria infections in western European mosquitoes,2012,Parasitology …,Springer,https://link.springer.com/article/10.1007/s00436-012-2880-3,,
"C Hearn, D Newgreen",Lumbo‐sacral neural crest contributes to the avian enteric nervous system independently of vagal neural crest,2000,Developmental Dynamics,Wiley Online Library,https://stemcellsjournals.onlinelibrary.wiley.com/doi/pdf/10.1002/1097-0177%28200007%29218%3A3%3C525%3A%3AAID-DVDY1003%3E3.0.CO%3B2-7,,
"A Partyka, E Łukaszewicz, W Niżański",Lipid peroxidation and antioxidant enzymes activity in avian semen,2012,Animal reproduction science,Elsevier,https://www.sciencedirect.com/science/article/pii/S0378432012002205,,
"C Cao, R Dhumpa, DD Bang, Z Ghavifekr, J Høgberg, ...",Detection of avian influenza virus by fluorescent DNA barcode-based immunoassay with sensitivity comparable to PCR,2010,Analyst,pubs.rsc.org,https://pubs.rsc.org/en/content/articlehtml/2010/an/b916821b,,
"JA Morrison, R McLennan, LA Wolfe, MM Gogol, ...",Single-cell transcriptome analysis of avian neural crest migration reveals signatures of invasion and molecular transitions,2017,Elife,cdn.elifesciences.org,https://cdn.elifesciences.org/articles/28415/elife-28415-v2.pdf,,
"S Pleschka, M Stein, R Schoop, ...","Anti-viral properties and mode of action of standardized Echinacea purpurea extract against highly pathogenic avian influenza virus (H5N1, H7N7) and swine …",2009,Virology …,virologyj.biomedcentral.com,https://virologyj.biomedcentral.com/articles/10.1186/1743-422X-6-197,,
"B Ferguson, HV Care",Avian and Exotic Animal Acupuncture,2007,National Wildlife Rehabilitation Association …,awrc.org.au,https://www.awrc.org.au/uploads/5/8/6/6/5866843/ferguson_bruce_acupuncture_for_wildlife.pdf,,
"K Ukena, T Tachibana, E Iwakoshi-Ukena, ...","Identification, localization, and function of a novel avian hypothalamic neuropeptide, 26RFa, and its cognate receptor, G protein-coupled receptor-103",2010,…,academic.oup.com,https://academic.oup.com/endo/article-abstract/151/5/2255/2456606,,
"P Zhang, JG Wang, JY Wan, WQ Liu",Screening efficient siRNAs in vitro as the candidate genes for chicken anti-avian influenza virus H5N1 breeding,2010,Molecular biology,Springer,https://link.springer.com/article/10.1134/S0026893310010061,,
"SS Cloud, HS Lillehoj, JK Rosenberger",Immune dysfunction following infection with chicken anemia agent and infectious bursal disease virus. I. Kinetic alterations of avian lymphocyte subpopulations,1992,Veterinary immunology and …,Elsevier,https://www.sciencedirect.com/science/article/pii/016524279290174O,,
RD Ness,Laser therapy in avian patients,2015,Proceedings of the Association of Avian Veterinarians …,,,,
"DS Farner, BK Follett",Light and other environmental factors affecting avian reproduction,1966,Journal of animal science,academic.oup.com,https://academic.oup.com/jas/article-abstract/25/suppl/90/4780504,,
"CL Amundson, JA Royle, ...",A hierarchical model combining distance sampling and time removal to estimate detection probability during avian point counts,2014,The Auk: Ornithological …,academic.oup.com,https://academic.oup.com/auk/article-abstract/131/4/476/5149376,,
"JA Liu, Y Rao, MPL Cheung, MN Hui, MH Wu, ...",Asymmetric localization of DLC1 defines avian trunk neural crest polarity for directional delamination and migration,2017,Nature …,nature.com,https://www.nature.com/articles/s41467-017-01107-0,,
"MJ Sekellick, PI Marcus, AF Ferrandino",Nucleic acids encoding avian interferon (IFN) proteins and recombinant methods using them,1997,"US Patent 5,641,656",Google Patents,https://patents.google.com/patent/US5641656A/en,,
"K Stockert, B Schneider, G Porenta, ...","Laser acupuncture and probiotics in school age children with asthma: a randomized, placebo‐controlled pilot study of therapy guided by principles of Traditional …",2007,Pediatric allergy and …,Wiley Online Library,https://onlinelibrary.wiley.com/doi/abs/10.1111/j.1399-3038.2006.00493.x,,
"MM Vasheghani, M Bayat, F Rezaei, ...",Effect of low-level laser therapy on mast cells in second-degree burns in rats,2008,… and laser surgery,liebertpub.com,https://www.liebertpub.com/doi/abs/10.1089/pho.2007.2103,,
"AM Levy, O Gilad, L Xia, Y Izumiya, ...",Marek's disease virus Meq transforms chicken cells via the v-Jun transcriptional cascade: a converging transforming pathway for avian oncoviruses,2005,Proceedings of the …,National Acad Sciences,https://www.pnas.org/content/102/41/14831.short,,
"MJ Korn, SJ Koppel, KS Cramer",Astrocyte-secreted factors modulate a gradient of primary dendritic arbors in nucleus laminaris of the avian auditory brainstem,2011,PloS one,journals.plos.org,https://journals.plos.org/plosone/article?id=10.1371/journal.pone.0027383,,
"S Aberkane, F Compain, O Barraud, ...",Non-O1/non-O139 Vibrio cholerae avian isolate from France cocarrying the blaVIM-1 and blaVIM-4 genes,2015,Antimicrobial agents …,Am Soc Microbiol,https://aac.asm.org/content/59/10/6594.short,,
"A Glad, LH Crampton","Local prevalence and transmission of avian malaria in the Alakai Plateau of Kauai, Hawaii, USA",2015,Journal of Vector Ecology,Wiley Online Library,https://onlinelibrary.wiley.com/doi/abs/10.1111/jvec.12157,,
"K Jones, N Johnson, S Yang, J Stokes, W Smith, ...",Investigations into outbreaks of black fly attacks and subsequent avian haemosporidians in backyard-type poultry and other exposed avian species,2014,Avian …,aaapjournals.info,http://www.aaapjournals.info/doi/abs/10.1637/10867-052114-Reg.1,,
"HJ Liu, JJ Giambrone, BL Nielsen",Molecular characterization of avian reoviruses using nested PCR and nucleotide sequence analysis,1997,Journal of virological methods,Elsevier,https://www.sciencedirect.com/science/article/pii/S016609349702199X,,
"BF Blackwell, TL DeVault, TW Seamans, ...",Exploiting avian vision with aircraft lighting to reduce bird strikes,2012,Journal of Applied …,Wiley Online Library,https://onlinelibrary.wiley.com/doi/pdf/10.1111/j.1365-2664.2012.02165.x,,
"HB Vuong, CD Canham, DM Fonseca, D Brisson, ...",Occurrence and transmission efficiencies of Borrelia burgdorferi ospC types in avian and mammalian wildlife,2014,"Infection, Genetics and …",Elsevier,https://www.sciencedirect.com/science/article/pii/S1567134813004541,,
"HY Xu, KP Lim, S Shen, DX Liu",… identification and characterization of novel intermediate and mature cleavage products released from the ORF 1b region of the avian coronavirus infectious bronchitis …,2001,Virology,Elsevier,https://www.sciencedirect.com/science/article/pii/S0042682201910980,,
"NS Karabasanavar, SP Singh, SN Shebannavar, ...",Identification of avian species using polymerase chain reaction and sequence analysis of mitochondrial 12S rRNA gene,2010,Veterinarski …,hrcak.srce.hr,https://hrcak.srce.hr/index.php?id_clanak_jezik=93152&show=clanak,,
"JGB Dijk, BJ Hoye, JH Verhagen, ...",Juveniles and migrants as drivers for seasonal epizootics of avian influenza virus,2014,Journal of Animal …,Wiley Online Library,https://onlinelibrary.wiley.com/doi/pdf/10.1111/1365-2656.12131,,
"JC Rapp, L Christmann",Production of a transgenic avian by cytoplasmic injection,2007,"US Patent 7,312,374",Google Patents,https://patents.google.com/patent/US7312374B2/en,,
"JS Stone, EW Rubel",Delta1 expression during avian hair cell regeneration,1999,Development,dev.biologists.org,http://dev.biologists.org/content/126/5/961.short,,
"MS Andersson, A Ödeen, O Håstad",A partly coverable badge signalling avian virus resistance,2006,Acta Zoologica,Wiley Online Library,https://onlinelibrary.wiley.com/doi/abs/10.1111/j.1463-6395.2006.00222.x,,
"DW Roberson, JA Alosi, ...",Direct transdifferentiation gives rise to the earliest new hair cells in regenerating avian auditory epithelium,2004,Journal of neuroscience …,Wiley Online Library,https://onlinelibrary.wiley.com/doi/abs/10.1002/jnr.20271,,
"C Moreau, P Caldarelli, D Rocancourt, J Roussel, ...",Timed collinear activation of Hox genes during gastrulation controls the avian forelimb position,2019,Current Biology,Elsevier,https://www.sciencedirect.com/science/article/pii/S0960982218314751,,
BR Moore,Avian movement imitation and a new form of mimicry: tracing the evolution of a complex form of learning,1992,Behaviour,JSTOR,https://www.jstor.org/stable/4535050,,
"TA Iezhova, M Dodge, RNM Sehgal, TB Smith, ...","New avian Haemoproteus species (Haemosporida: Haemoproteidae) from African birds, with a critique of the use of host taxonomic information in hemoproteid …",2011,Journal of …,BioOne,https://bioone.org/journals/Journal-of-Parasitology/volume-97/issue-4/GE-2709.1/New-Avian-span-classgenus-speciesHaemoproteus-span-Species-Haemosporida--Haemoproteidae/10.1645/GE-2709.1.short,,
"J McLaughlin, RB McGhee","Changes in the neutral glycosyl ceramides of duck erythrocytes during infection with the avian malaria parasite, PlasmodiumLophurae",1972,Life Sciences,Elsevier,https://www.sciencedirect.com/science/article/pii/0024320572902470,,
"S Andersson-Engels, A Brun, E Kjellén, ...",Identification of brain tumours in rats using laser-induced fluorescence and haematoporphyrin derivative,1989,Lasers in Medical …,Springer,https://link.springer.com/article/10.1007/BF02032454,,
"JY Lee, W Jeong, JH Kim, J Kim, FW Bazer, JY Han, ...",Distinct expression pattern and post-transcriptional regulation of cell cycle genes in the glandular epithelia of avian ovarian carcinomas,2012,PLoS …,journals.plos.org,https://journals.plos.org/plosone/article?id=10.1371/journal.pone.0051592,,
"S Kharin, N Antonova, D Shmakov",Activation pattern of the avian left ventricle during ventricular pacing,2007,The Anatolian Journal of …,go.galegroup.com,https://go.galegroup.com/ps/i.do?id=GALE%7CA168197948&sid=googleScholar&v=2.1&it=r&linkaccess=abs&issn=13028723&p=HRCA&sw=w,,
"W Schrödl, T Heydel, VU Schwartze, ...",Direct analysis and identification of pathogenic Lichtheimia species by matrix-assisted laser desorption ionization–time of flight analyzer-mediated mass spectrometry,2012,Journal of clinical …,Am Soc Microbiol,https://jcm.asm.org/content/50/2/419.short,,
"HC Chaung, LT Cheng, LH Hung, PC Tsai, ...",Salmonella flagellin enhances mucosal immunity of avian influenza vaccine in chickens,2012,Veterinary …,Elsevier,https://www.sciencedirect.com/science/article/pii/S0378113511006547,,
"J Liu, T Wei, J Kwang",Avian encephalomyelitis virus induces apoptosis via major structural protein VP3,2002,Virology,Elsevier,https://www.sciencedirect.com/science/article/pii/S0042682202914820,,
VCP Choh,A physiological model to measure optical and biophysical changes during avian accommodation,2001,,uwspace.uwaterloo.ca,https://uwspace.uwaterloo.ca/bitstream/handle/10012/671/NQ65228.pdf?sequence=1,,
"LJL Xiufan, SWZPW Dongping",Genetic Characterization of the Entire Genome of an H9N2 Avian Influenza Virus A/Chicken/Shanghai/F/98 [J],2003,Acta Microbiologica Sinica,en.cnki.com.cn,http://en.cnki.com.cn/Article_en/CJFDTOTAL-WSXB200304005.htm,,
"X Ma, F Charron, GJ Cole, PE Savard, ...",The developmentally regulated avian protein IFAPa-400 is transitin,1998,Developmental brain …,Elsevier,https://www.sciencedirect.com/science/article/pii/S0165380698000625,,
"TP Kelder, R Vicente-Steijn, RE Poelmann, ...",The avian embryo to study development of the cardiac conduction system,2016,Differentiation,Elsevier,https://www.sciencedirect.com/science/article/pii/S0301468116300068,,
VL Grunkemeyer,Avian integumentary wound healing and management techniques,2011,ASSOCIATION OF AVIAN VETERINARIANS,Citeseer,http://citeseerx.ist.psu.edu/viewdoc/download?doi=10.1.1.456.2370&rep=rep1&type=pdf#page=135,,
"K Ninpan, O Suptawiwat, C Boonarkart, ...",Mutations in matrix protein 1 and nucleoprotein caused human-specific defects in nuclear exportation and viral assembly of an avian influenza H7N1 virus,2017,Virus research,Elsevier,https://www.sciencedirect.com/science/article/pii/S0168170216307717,,
"J Verhaal, JA Kirsch, I Vlachos, ...",Lateralized reward‐related visual discrimination in the avian entopallium,2012,European Journal of …,Wiley Online Library,https://onlinelibrary.wiley.com/doi/abs/10.1111/j.1460-9568.2012.08049.x,,
"MF HUMPHREY, YI Chu, K MANN, ...",Retinal GFAP and bFGF expression after multiple argon laser photocoagulation injuries assessed by both immunoreactivity and mRNA levels,1997,Experimental eye …,Elsevier,https://www.sciencedirect.com/science/article/pii/S0014483596902195,,
EM Stephenson,Locomotory invasion of human cervical epithelium and avian fibroblasts by HeLa cells in vitro,1982,Journal of cell science,jcs.biologists.org,http://jcs.biologists.org/content/57/1/293.short,,
"R Griffiths, PWH Holland",A novel avian W chromosome DNA repeat sequence in the lesser black-backed gull (Larus fuscus),1990,Chromosoma,Springer,https://link.springer.com/article/10.1007/BF01731699,,
"RN Felice, A Goswami",Developmental origins of mosaic evolution in the avian cranium,2018,Proceedings of the National …,National Acad Sciences,https://www.pnas.org/content/115/3/555?collection=&utm_source=TrendMD&utm_medium=cpc&utm_campaign=Proc_Natl_Acad_Sci_U_S_A_TrendMD_0,,
"L Xu, L Bao, W Deng, H Zhu, T Chen, ...",The mouse and ferret models for studying the novel avian-origin human influenza A (H7N9) virus,2013,Virology …,virologyj.biomedcentral.com,https://virologyj.biomedcentral.com/articles/10.1186/1743-422X-10-253,,
"R Karunarathna, S Popowich, M Wawryk, ...",… of Enterococcal Infection in Nonviable Broiler Chicken Embryos in Western Canadian Hatcheries as Detected by Matrix-Assisted Laser Desorption/Ionization-Time-of …,2017,Avian …,aaapjournals.info,http://www.aaapjournals.info/doi/abs/10.1637/11678-052317-Reg.1,,
"M Zhu, X Ma, X Cui, J Zhou, C Li, L Huang, Y Shang, ...",Inhibition of avian tumor virus replication by CCCH-type zinc finger antiviral protein,2017,Oncotarget,ncbi.nlm.nih.gov,https://www.ncbi.nlm.nih.gov/pmc/articles/PMC5601699/,,
"H Jin-gui, Y LI, X ZHANG",Progress in Research on Vaccine against Avian Coccidiosis [J],2011,Chinese Journal of Biologicals,en.cnki.com.cn,http://en.cnki.com.cn/Article_en/CJFDTOTAL-SWZP201108031.htm,,
"HJ Liu, LH Lee, HW Hsu, LC Kuo, MH Liao",Molecular evolution of avian reovirus:: evidence for genetic diversity and reassortment of the S-class genome segments and multiple cocirculating lineages,2003,Virology,Elsevier,https://www.sciencedirect.com/science/article/pii/S004268220300415X,,
"CK Thompson, J Meitzen, K Replogle, J Drnevich, ...",Seasonal changes in patterns of gene expression in avian song control brain regions,2012,PloS one,journals.plos.org,https://journals.plos.org/plosone/article?id=10.1371/journal.pone.0035119,,
"SA Grigoryev, VO Solovieva, KS Spirin, ...",A novel nonhistone protein (MENT) promotes nuclear collapse at the terminal stage of avian erythropoiesis,1992,Experimental cell …,Elsevier,https://www.sciencedirect.com/science/article/pii/001448279290379M,,
"A da Silva Jr, U Kawazoe, FFT Freitas, MSV Gatti, ...",Avian anticoccidial activity of a novel membrane-interactive peptide selected from phage display libraries,2002,Molecular and …,Elsevier,https://www.sciencedirect.com/science/article/pii/S016668510100439X,,
"DK Trask, MT Muller",Biochemical characterization of topoisomerase I purified from avian erythrocytes,1983,Nucleic acids research,academic.oup.com,https://academic.oup.com/nar/article-abstract/11/9/2779/1006501,,
SP Wolfe,Methods for manipulating air cells within avian eggs,2006,"US Patent 7,089,879",Google Patents,https://patents.google.com/patent/US7089879B2/en,,
"CE Swift, KT Vierling, AT Hudak, ...","Relationships among vegetation structure, canopy composition, and avian richness patterns across an aspen-conifer forest gradient",2017,Canadian Journal of …,Taylor & Francis,https://www.tandfonline.com/doi/abs/10.1080/07038992.2017.1317205,,
"A Reiner, JT Erichsen, JB Cabot, C Evinger, ...",Neurotransmitter organization of the nucleus of Edinger–Westphal and its projection to the avian ciliary ganglion,1991,Visual …,cambridge.org,https://www.cambridge.org/core/journals/visual-neuroscience/article/neurotransmitter-organization-of-the-nucleus-of-edingerwestphal-and-its-projection-to-the-avian-ciliary-ganglion/4947181B2CF36CEE83063B6ABC29AE16,,
JK LAUBER,Avian models for experimental myopia,1991,Journal of Ocular Pharmacology and Therapeutics,liebertpub.com,https://www.liebertpub.com/doi/abs/10.1089/jop.1991.7.259,,
"DF Stern, L Burgess, BM Sefton",Structural analysis of virion proteins of the avian coronavirus infectious bronchitis virus.,1982,Journal of virology,Am Soc Microbiol,https://jvi.asm.org/content/42/1/208.short,,
"C Van Riper III, KL Paxton, C O'Brien, ...",Rethinking Avian Response to Tamarix on the Lower Colorado River: A Threshold Hypothesis,2008,Restoration …,Wiley Online Library,https://onlinelibrary.wiley.com/doi/abs/10.1111/j.1526-100X.2007.00354.x,,
"B Nerlich, C Halliday",Avian flu: the creation of expectations in the interplay between science and the media,2007,Sociology of health & illness,Wiley Online Library,https://onlinelibrary.wiley.com/doi/abs/10.1111/j.1467-9566.2007.00517.x,,
"B Kerwin, E Bandman",Assembly of avian skeletal muscle myosins: evidence that homodimers of the heavy chain subunit are the thermodynamically stable form.,1991,The Journal of cell biology,jcb.rupress.org,http://jcb.rupress.org/content/113/2/311.abstract,,
"PGH Clarke, M Gyger, S Catsicas",A centrifugally controlled circuit in the avian retina and its possible role in visual attention switching,1996,Visual neuroscience,cambridge.org,https://www.cambridge.org/core/journals/visual-neuroscience/article/centrifugally-controlled-circuit-in-the-avian-retina-and-its-possible-role-in-visual-attention-switching/0B059B226A45B802A8157DF100259297,,
PY Lwigale,Embryonic origin of avian corneal sensory nerves,2001,Developmental biology,Elsevier,https://www.sciencedirect.com/science/article/pii/S0012160601904506,,
"B Glick, P Madyastha, B Koger, MF LaVia",The use of Ficoll-Hypaque double density gradients in the separation of avian granulocytes from other cell types for the purpose of cell flow cytometric analysis,1985,Developmental & Comparative …,Elsevier,https://www.sciencedirect.com/science/article/pii/0145305X85900102,,
E Videvall,Genomic Advances in Avian Malaria Research,2019,Trends in parasitology,Elsevier,https://www.sciencedirect.com/science/article/pii/S1471492218302733,,
"PG McGuire, RW Orkin",Urokinase activity in the developing avian heart: a spatial and temporal analysis,1992,Developmental dynamics,Wiley Online Library,https://onlinelibrary.wiley.com/doi/abs/10.1002/aja.1001930105,,
"SR Bodnarenko, X Rojas, ...",Spatial organization of the retinal projection to the avian lentiform nucleus of the mesencephalon,1988,Journal of Comparative …,Wiley Online Library,https://onlinelibrary.wiley.com/doi/abs/10.1002/cne.902690310,,
J Gehring,Studies of avian collisions with communication towers: a quantification of fatalities at a self-supported Rescue 21 tower and a test of different tall tower lighting …,2010,,mnfi.anr.msu.edu,https://mnfi.anr.msu.edu/reports/MNFI-Report-2010-32.pdf,,
"M Iwabuchi, K Ui‐Tei, K Yamada, ...",Molecular cloning and characterization of avian bombesin‐like peptide receptors: new tools for investigating molecular basis for ligand selectivity,2003,British journal of …,Wiley Online Library,https://onlinelibrary.wiley.com/doi/pdf/10.1038/sj.bjp.0705282,,
"M Richardson, G Singh",Observations on the use of the avian chorioallantoic membrane (CAM) model in investigations into angiogenesis,2003,Current Drug Targets-Cardiovascular …,ingentaconnect.com,https://www.ingentaconnect.com/content/ben/cdtchd/2003/00000003/00000002/art00004,,
RB Burns,Plasma cells in the avian Harderian gland and the morphology of the gland in the rook,1975,Canadian journal of zoology,NRC Research Press,https://www.nrcresearchpress.com/doi/abs/10.1139/z75-151,,
"L Arendt-Nielsen, JC Nielsen, P Bjerring","Double-blind, placebo controlled comparison of paracetamol and paracetamol plus codeine—a quantitative evaluation by laser induced pain",1991,European journal of clinical …,Springer,https://link.springer.com/article/10.1007/BF00315203,,
"P Muyshondt, D De Greef, J Soons, ...",Determination of the Mechanical Properties in the Avian Middle Ear by Inverse Analysis,2014,Comsol …,repository.uantwerpen.be,https://repository.uantwerpen.be/docman/irua/f8437e/122263.pdf,,
"U Amin, SA Kamil, SA Shah, TA Dar, ...",Serotyping and prevalence of avian pathogenic Escherichia coli infection in broilers in Kashmir,2017,… Innovation Int J,thepharmajournal.com,http://www.thepharmajournal.com/archives/2017/vol6issue10/PartE/6-9-41-154.pdf,,
"AK Riau, RI Angunawela, SS Chaurasia, DT Tan, ...",Effect of different femtosecond laser-firing patterns on collagen disruption during refractive lenticule extraction,2012,Journal of Cataract & …,Elsevier,https://www.sciencedirect.com/science/article/pii/S0886335012007821,,
"JS Rhim, R Trimmer, RJ Huebner, ...",Differential susceptibility of human cells to transformation by murine and avian sarcoma viruses,1982,Proceedings of the …,journals.sagepub.com,https://journals.sagepub.com/doi/abs/10.3181/00379727-170-41441,,
"LQ Xu, XD Liu, L Sun, QQ Chen, H Yan, Y Liu, ...","A 700-year record of mercury in avian eggshells of Guangjin Island, South China Sea",2011,Environmental …,Elsevier,https://www.sciencedirect.com/science/article/pii/S0269749110005877,,
"LP Wang, RQ Geng, ZQ Liu",An effective strategy for species identification of avian meats using the mitochondrial 12S rRNA gene fragment,2015,Mitochondrial DNA,Taylor & Francis,https://www.tandfonline.com/doi/abs/10.3109/19401736.2013.845769,,
"LL Gamble, DJ Inman",A tale of two tails: developing an avian inspired morphing actuator for yaw control and stability,2018,Bioinspiration & biomimetics,iopscience.iop.org,https://iopscience.iop.org/article/10.1088/1748-3190/aaa51d/meta,,
"DB Mayo, JL Lankford, M Benedict, ...",Aeroelastic analysis of avian-based flexible flapping wings for micro air vehicles,2015,Journal of the American …,ingentaconnect.com,https://www.ingentaconnect.com/content/ahs/jahs/2015/00000060/00000003/art00002,,
"P Bacsich, IA Chisholm, A Gellert",The riddle of the pecten in the avian eye and the probable usefulness of the laser in the analysis of its function,1966,"… of comparative ophthalmology, Graham-Jones, O …",,,,
"JM Perez‐Pomares, R Carmona, ...",Contribution of mesothelium‐derived cells to liver sinusoids in avian embryos,2004,… dynamics: an official …,Wiley Online Library,https://onlinelibrary.wiley.com/doi/abs/10.1002/dvdy.10455,,
"RP Munjaal, JR Dedman, LK Misra",Elevation of calmodulin in avian muscular dystrophy,1985,Cell calcium,Elsevier,https://www.sciencedirect.com/science/article/pii/0143416085900235,,
E Northoff,New Avian Influenza Flare-Ups,2008,,"FAO Newsroom, Food and …",,,
"F Zhu, Q Zhang, Y Feng, Y Luo, ...",Compressed sensing identification approach for avian with inverse synthetic aperture lidar,2013,… and Laser …,"… Technology, PO Box 225-32 Tianjin …",,,
"CN Spottiswoode, M Wondafrash, ...",Rangeland degradation is poised to cause Africa's first recorded avian extinction,2009,Animal …,Wiley Online Library,https://onlinelibrary.wiley.com/doi/pdf/10.1111/j.1469-1795.2009.00246.x,,
"FM Tomley, O Sparagano","Spotlight on avian pathology: red mite, a serious emergent problem in layer hens",2018,,Taylor & Francis,https://www.tandfonline.com/doi/abs/10.1080/03079457.2018.1490493,,
"N Mendu, M Bland, S Wolfe, J Hebrank, ...",Methods for injecting avian eggs,2007,US Patent …,Google Patents,https://patents.google.com/patent/US7249569B2/en,,
AM Fudge,Avian complete blood count,2000,Laboratory Medicine: Avian and Exotic Pets …,,,,
"MRS Shapouri, M Arella, A Silim",Evidence for the multimeric nature and cell binding ability of avian reovirus σ3 protein,1996,Journal of General …,jgv.microbiologyresearch.org,https://jgv.microbiologyresearch.org/content/journal/jgv/10.1099/0022-1317-77-6-1203,,
J Oyekan,A vision-based terrain morphology estimation model inspired by the avian hippocampus,2015,Digital Communications and Networks,Elsevier,https://www.sciencedirect.com/science/article/pii/S2352864815000218,,
"W Ma, D Brenner, Z Wang, B Dauber, ...","The NS segment of an H5N1 highly pathogenic avian influenza virus (HPAIV) is sufficient to alter replication efficiency, cell tropism, and host range of an H7N1 HPAIV",2010,Journal of …,Am Soc Microbiol,https://jvi.asm.org/content/84/4/2122.short,,
JB Ponder,Avian Physiotherapy and reconditioning in a rehabilitation program,2011,… 32 nd Annual Conference of the Association of Avian …,Citeseer,http://citeseerx.ist.psu.edu/viewdoc/download?doi=10.1.1.456.2370&rep=rep1&type=pdf#page=165,,
"LB Matter, NL Barbieri, M Nordhoff, C Ewers, ...",Avian pathogenic Escherichia coli MT78 invades chicken fibroblasts,2011,Veterinary …,Elsevier,https://www.sciencedirect.com/science/article/pii/S0378113510003780,,
"Y Sun, C Li, Y Shu, X Ju, Z Zou, H Wang, S Rao, ...",Inhibition of autophagy ameliorates acute lung injury caused by avian influenza A H5N1 infection,2012,Sci. Signal …,stke.sciencemag.org,http://stke.sciencemag.org/content/5/212/ra16.abstract,,
"P Donner, T Bunte, I Greiser-Wilke, ...",Decreased DNA-binding ability of purified transformation-specific proteins from deletion mutants of the acute avian leukemia virus MC29,1983,Proceedings of the …,National Acad Sciences,https://www.pnas.org/content/80/10/2861.short,,
"SB Magle, KA Salamack, KR Crooks, ...",Effects of habitat fragmentation and black-tailed prairie dogs on urban avian diversity,2012,Biodiversity and …,Springer,https://link.springer.com/article/10.1007/s10531-012-0339-6,,
"ST Reddy, AW Stoker, ...",Expression of Rous sarcoma virus-derived retroviral vectors in the avian blastoderm: potential as stable genetic markers,1991,Proceedings of the …,National Acad Sciences,https://www.pnas.org/content/88/23/10505.short,,
"SM Bae, W Lim, W Jeong, J Kim, FW Bazer, ...",Expression and regulation of avian cathepsin L in the oviduct during molting,2014,General and comparative …,Elsevier,https://www.sciencedirect.com/science/article/pii/S0016648014001919,,
"AL Johnson, JT Bridgham, JP Witty, JL Tilly",Susceptibility of avian ovarian granulosa cells to apoptosis is dependent upon stage of follicle development and is related to endogenous levels of bcl-xlong gene …,1996,Endocrinology,academic.oup.com,https://academic.oup.com/endo/article-abstract/137/5/2059/2498767,,
"RL Davis, G Choi, T Kuiken, ...",The culture of primary duck endothelial cells for the study of avian influenza,2018,BMC …,bmcmicrobiol.biomedcentral.com,https://bmcmicrobiol.biomedcentral.com/articles/10.1186/s12866-018-1307-4,,
"V Lohr, A Rath, I Jordan, V Sandig, Y Genzel, ...",Avian Designer Cells AGE1.CR® as Candidates for MVA and Influenza Vaccine Production,2012,Proceedings of the 21st …,Springer,https://link.springer.com/chapter/10.1007/978-94-007-0884-6_102,,
"M Christy, MR Jisha, AR Kim, KS Nahm, ...",Lithium Insertion Behavior of Nanoscopic Co3O4 Prepared with Avian Egg Membrane as a Template,2011,Bulletin of the …,koreascience.or.kr,http://www.koreascience.or.kr/article/ArticleFullRecord.jsp?cn=JCGMCS_2011_v32n4_1204,,
"G Nagarajan, A Jurkevich, SW Kang, WJ Kuenzel","Diencephalic and septal structures containing the avian vasotocin receptor (V1aR) involved in the regulation of food intake in chickens, Gallus gallus",2016,Physiology & behavior,Elsevier,https://www.sciencedirect.com/science/article/pii/S0031938416304176,,
"G Nagarajan, A Jurkevich, SW Kang, ...",Anatomical and functional implications of corticotrophin‐releasing hormone neurones in a septal nucleus of the avian brain: an emphasis on glial‐neuronal interaction …,2017,Journal of …,Wiley Online Library,https://onlinelibrary.wiley.com/doi/abs/10.1111/jne.12494,,
S Redrobe,Treatment of avian liver disease,2000,Seminars in Avian and Exotic Pet Medicine,Elsevier,https://www.sciencedirect.com/science/article/pii/S1055937X00800195,,
"PJ Radtke, PV Bolstad",Laser point-quadrat sampling for estimating foliage-height profiles in broad-leaved forests,2001,Canadian Journal of Forest …,NRC Research Press,https://www.nrcresearchpress.com/doi/abs/10.1139/x00-182,,
"M Pokorná, M Giovannotti, L Kratochvíl, V Caputo, ...",Conservation of chromosomes syntenic with avian autosomes in squamate reptiles revealed by comparative chromosome painting,2012,Chromosoma,Springer,https://link.springer.com/article/10.1007/s00412-012-0371-z,,
"JGH Lee, I MacGregor‐Fors, PJ Yeh",Sunrise in the city: disentangling drivers of the avian dawn chorus onset in urban greenspaces,2017,Journal of avian biology,Wiley Online Library,https://onlinelibrary.wiley.com/doi/abs/10.1111/jav.01042,,
"H Zhou, G Wang, X Wang, Z Song, ...",Mineralized state of the avian influenza virus in the environment,2017,Angewandte Chemie,Wiley Online Library,https://onlinelibrary.wiley.com/doi/abs/10.1002/ange.201705769,,
"BM Ryals, RJ Dooling, E Westbrook, ML Dent, ...",Avian species differences in susceptibility to noise exposure,1999,Hearing research,Elsevier,https://www.sciencedirect.com/science/article/pii/S0378595599000222,,
"N Homayounfar, H Shoushtari, S Charkhkar, ...",Detection by reverse transcriptase-polymerase chain reaction and molecular characterization of avian metapneumovirus in chicken flocks in Iran,2015,Walia J,waliaj.com,"http://waliaj.com/wp-content/2015/Special%20Issue%203,%202015/33%202015-31-S3-pp.170-174.pdf",,
"W Zou, J Ke, A Zhang, M Zhou, Y Liao, ...",Proteomics analysis of differential expression of chicken brain tissue proteins in response to the neurovirulent H5N1 avian influenza virus infection,2010,Journal of proteome …,ACS Publications,https://pubs.acs.org/doi/abs/10.1021/pr100080x,,
"O Wellman-Labadie, S Lemaire, K Mann, ...",Antimicrobial activity of lipophilic avian eggshell surface extracts,2010,Journal of agricultural …,ACS Publications,https://pubs.acs.org/doi/abs/10.1021/jf101954g,,
"K Lau, Y Yang, G Cook, R Wyatt, H Nishimura",309 HORMONAL CONTROL OF AQUAPORIN 2 REQUIRES ADVANCED TUBULAR STRUCTURES IN AVIAN KIDNEYS.,2006,,jim.bmj.com,https://jim.bmj.com/content/54/1/S311.4.abstract,,
"R Gerstberger, E Simon",Neuromodulatory role of VIP in avian body fluid homeostasis,1989,Regulatory Peptides,Elsevier,,,
H Howard,Avian fossils from the marine Pleistocene of southern California,1949,The Condor,JSTOR,https://www.jstor.org/stable/1364838,,
"W Kubicki, R Walczak, K Kucharczyk, B Pająk, ...",Portable CGE-SSCP lab-in-a-suitcase instrument for rapid determination of pathogenicity of avian influenza virus,2015,Procedia …,Elsevier,https://www.sciencedirect.com/science/article/pii/S1877705815024212,,
"N Iaffaldano, MP Rosato, G Paventi, R Pizzuto, ...",The irradiation of rabbit sperm cells with He–Ne laser prevents their in vitro liquid storage dependent damage,2010,Animal reproduction …,Elsevier,https://www.sciencedirect.com/science/article/pii/S0378432009002620,,
"H Lethlean, WFD Van Dongen, K Kostoglou, ...",Joggers cause greater avian disturbance than walkers,2017,Landscape and Urban …,Elsevier,https://www.sciencedirect.com/science/article/pii/S0169204616302493,,
"NMS Van Den Akker, H Lie‐Venema, ...",Platelet‐derived growth factors in the developing avian heart and maturating coronary vasculature,2005,Developmental …,Wiley Online Library,https://currentprotocols.onlinelibrary.wiley.com/doi/pdf/10.1002/dvdy.20476,,
"J Song, H Feng, J Xu, D Zhao, J Shi, Y Li, ...",The PA protein directly contributes to the virulence of H5N1 avian influenza viruses in domestic ducks,2011,Journal of …,Am Soc Microbiol,https://jvi.asm.org/content/85/5/2180.short,,
"RO Prum, ER Dufresne, T Quinn, ...",Development of colour-producing β-keratin nanostructures in avian feather barbs,2009,Journal of the Royal …,royalsocietypublishing.org,https://royalsocietypublishing.org/doi/abs/10.1098/rsif.2008.0466.focus,,
"AA Husseiny, O Abdallah, FB Thigpen, ...",Active non-lethal avian denial infrasound systems and methods of avian denial,2014,US Patent App. 14 …,Google Patents,https://patents.google.com/patent/US20140185414A1/en,,
"A Mukprasirt, TJ Herald, DL Boyle, KD Rausch",Adhesion of rice flour-based batter to chicken drumsticks evaluated by laser scanning confocal microscopy and texture analysis,2000,Poultry Science,academic.oup.com,https://academic.oup.com/ps/article-abstract/79/9/1356/1581504,,
"V Sączyńska, A Bierczyńska-Krzysik, ...",Production of highly and broad-range specific monoclonal antibodies against hemagglutinin of H5-subtype avian influenza viruses and their differentiation by …,2018,Virology …,virologyj.biomedcentral.com,https://virologyj.biomedcentral.com/articles/10.1186/s12985-017-0886-2,,
"SM Lewis, CK Cratsley","Flash signal evolution, mate choice, and predation in fireflies",2008,Annu. Rev. Entomol.,annualreviews.org,https://www.annualreviews.org/doi/abs/10.1146/annurev.ento.53.103106.093346,,
"EA Paul, R Ilich",Modular injection system for avian embryos,1998,"US Patent App. 08/210,363",Google Patents,https://patents.google.com/patent/USRE35973E/en,,
"M Avian, A Kellerer-Pirklbauer, H Proske, R Wack, ...",Assessment of Landscape Changes using High Resolution LiDAR data: The Proglacial Area of Pasterze Glacier and the DGSD of Zintlwald as Recent …,2008,,researchgate.net,https://www.researchgate.net/profile/Michael_Avian/publication/228954263_Assessment_of_Landscape_Changes_using_High_Resolution_LiDAR_data_The_Proglacial_Area_of_Pasterze_Glacier_and_the_DGSD_of_Zintlwald_as_Recent/links/09e415114f5c646a66000000.pdf,,
"RD Hawkins, S Bashiardes, CA Helms, ...",Gene expression differences in quiescent versus regenerating hair cells of avian sensory epithelia: implications for human hearing and balance disorders,2003,Human molecular …,academic.oup.com,https://academic.oup.com/hmg/article-abstract/12/11/1261/555325,,
"JL Nowicki, R Takimoto, AC Burke",The lateral somitic frontier: dorso-ventral aspects of anterio-posterior regionalization in avian embryos,2003,Mechanisms of development,Elsevier,https://www.sciencedirect.com/science/article/pii/S092547730200415X,,
JD Haffner,A flapping wing model for avian formation flight,1977,,digitalcommons.uri.edu,https://digitalcommons.uri.edu/theses/738/,,
"A Krasikova, JL Barbero, E Gaginskaya",Cohesion proteins are present in centromere protein bodies associated with avian lampbrush chromosomes,2005,Chromosome Research,Springer,https://link.springer.com/article/10.1007/s10577-005-1005-6,,
"JJ DeStefano, LM Mallaber, PJ Fay, ...",Quantitative analysis of RNA cleavage during RNAdirected DNA synthesis by human immunodeficiency and avian myeloblastosis virus reverse transcriptases,1994,Nucleic acids …,academic.oup.com,https://academic.oup.com/nar/article-abstract/22/18/3793/1236585,,
"JL Boevé, C Müller",Defence effectiveness of easy bleeding sawfly larvae towards invertebrate and avian predators,2005,Chemoecology,Springer,https://link.springer.com/article/10.1007/s00049-005-0292-x,,
"B Hilje, S Stack, A Sánchez-Azofeifa",Lianas Abundance is Positively Related with the Avian Acoustic Community in Tropical Dry Forests,2017,Forests,mdpi.com,https://www.mdpi.com/1999-4907/8/9/311,,
"C Sauter, J Lindenmann, A Gerber, G Martz",Acute myeloblastic leukemia: Replication of avian influenza virus in human myeloblasts and first attempt at clinical application,1974,Investigation and Stimulation …,Springer,https://link.springer.com/chapter/10.1007/978-3-642-49284-6_66,,
"Z Zhu, Z Yao, X Shen, Z Chen, X Liu, ...",Oligothiophene compounds inhibit the membrane fusion between H5N1 avian influenza virus and the endosome of host cell,2017,European journal of …,Elsevier,https://www.sciencedirect.com/science/article/pii/S0223523417301137,,
"J ZHAO, Q WEI, H ZHAO",Research on an Airport Avian Information Monitoring System [J],2011,Radio Engineering,en.cnki.com.cn,http://en.cnki.com.cn/Article_en/CJFDTOTAL-WXDG201110008.htm,,
"GJ Won, DS Fudge, V Choh",The effects of actomyosin disruptors on the mechanical integrity of the avian crystalline lens,2015,Molecular vision,ncbi.nlm.nih.gov,https://www.ncbi.nlm.nih.gov/pmc/articles/PMC4316703/,,
"R Lindenbergh, P Pietrzyk",Change detection and deformation analysis using static and mobile laser scanning,2015,Applied Geomatics,Springer,https://link.springer.com/article/10.1007/s12518-014-0151-y,,
"J Zhou, GL Zhao, XM Wang, XS Du, S Su, CG Li, V Nair, ...",Synergistic viral replication of Marek's disease virus and avian leukosis virus subgroup J is responsible for the enhanced pathogenicity in the superinfection of …,2018,Viruses,mdpi.com,https://www.mdpi.com/1999-4915/10/5/271,,
"J Best, S Presslee, B Demarchi",The Avian Eggshell from Çatalhöyük,2015,,iris.unito.it,https://iris.unito.it/bitstream/2318/1627247/1/Avian%20Eggshell.pdf,,
"Z Wei_bo, LIU Zhong_hua, C Mei_cai, ...",Preparation of Monoclonal Antibodies Specific to Subtype H5N1 of Avian Influenza Virus [J],2004,Acta Laboratorium …,en.cnki.com.cn,http://en.cnki.com.cn/Article_en/CJFDTOTAL-ZGSD200404002.htm,,
"JVD Water, ME Gershwin, H Abplanalp, ...","Serial observations and definition of mononuclear cell infiltrates in avian scleroderma, an inherited fibrotic disease of chickens",1984,… : Official Journal of …,Wiley Online Library,https://onlinelibrary.wiley.com/doi/abs/10.1002/art.1780270712,,
"F Asimakopoulos, HE Varmus",Cell-Specific Transduction of Prdm1-Expressing Lineages Mediated by a Receptor for Avian Leukosis Virus Subgroup B,2009,Journal of virology,Am Soc Microbiol,https://jvi.asm.org/content/83/10/4835.short,,
"TC Iancu, DP Perl, I Sternlieb, A Lerner, E Leshinsky, ...",The application of laser microprobe mass analysis to the study of biological material,1996,Biometals,Springer,https://link.springer.com/article/10.1007/BF00188091,,
"RE Godt, RTH Fogaça, ...",Changes in force and calcium sensitivity in the developing avian heart,1991,Canadian journal of …,NRC Research Press,https://www.nrcresearchpress.com/doi/abs/10.1139/y91-251,,
"Y Jiao, T Lau, H Hatzikirou, M Meyer-Hermann, ...",Avian photoreceptor patterns represent a disordered hyperuniform solution to a multiscale packing problem,2014,Physical Review E,APS,https://journals.aps.org/pre/abstract/10.1103/PhysRevE.89.022721,,
"KS Kunert, MEC Fitzgerald, L Thomson, ...",Microglia increase as photoreceptors decrease in the aging avian retina,1999,Current eye …,Taylor & Francis,https://www.tandfonline.com/doi/abs/10.1076/ceyr.18.6.440.5265,,
"J Kralova, JD Schatzle, W Bargmann, ...",Transformation of avian fibroblasts overexpressing the c-rel proto-oncogene and a variant of c-rel lacking 40 C-terminal amino acids.,1994,Journal of virology,Am Soc Microbiol,https://jvi.asm.org/content/68/4/2073.short,,
CV Mello,"The zebra finch, Taeniopygia guttata: an avian model for investigating the neurobiological basis of vocal learning",2014,Cold Spring Harbor Protocols,cshprotocols.cshlp.org,http://cshprotocols.cshlp.org/content/2014/12/pdb.emo084574.short,,
"DB Welchman, WJ Cox, RE Gough, AM Wood, ...",Avian encephalomyelitis virus in reared pheasants: a case study,2009,Avian …,Taylor & Francis,https://www.tandfonline.com/doi/abs/10.1080/03079450902912168,,
"S Krishnan, AB Deora, JP Annes, J Osoria, ...",Annexin II-mediated plasmin generation activates TGF-β3 during epithelial–mesenchymal transformation in the developing avian heart,2004,Developmental …,Elsevier,https://www.sciencedirect.com/science/article/pii/S0012160603005268,,
"J Telling, A Lyda, P Hartzell, C Glennie",Review of Earth science research using terrestrial laser scanning,2017,Earth-Science Reviews,Elsevier,https://www.sciencedirect.com/science/article/pii/S0012825216304433,,
"G Bodelón, L Labrada, J Martınez-Costas, J Benavente",The avian reovirus genome segment S1 is a functionally tricistronic gene that expresses one structural and two nonstructural proteins in infected cells,2001,Virology,Elsevier,https://www.sciencedirect.com/science/article/pii/S0042682201911596,,
"F Cong, Y Zhu, X Liu, X Li, M Chen, R Huang, ...",Development of an xTAG-multiplex PCR array for the detection of four avian respiratory viruses,2018,Molecular and cellular …,Elsevier,https://www.sciencedirect.com/science/article/pii/S0890850817300920,,
"M Melin, SA Hinsley, RK Broughton, P Bellamy, ...",Living on the edge: utilising lidar data to assess the importance of vegetation structure for avian diversity in fragmented woodlands and their edges,2018,Landscape …,Springer,https://link.springer.com/article/10.1007/s10980-018-0639-7,,
"Z Xing, CJ Cardona, J Li, N Dao, ...",Modulation of the immune responses in chickens by low-pathogenicity avian influenza virus H9N2,2008,Journal of …,jgv.microbiologyresearch.org,https://jgv.microbiologyresearch.org/content/journal/jgv/10.1099/vir.0.83362-0,,
"I Solovei, E Gaginskaya, N Hutchison, ...",Avian sex chromosomes in the lampbrush form: the ZW lampbrush bivalents from six species of bird,1993,Chromosome …,Springer,https://link.springer.com/article/10.1007/BF00710769,,
"M Braukmann, U Methner, A Berndt",Avian CD25+ gamma/delta (γδ) T cells after Salmonella exposure,2015,Veterinary immunology and …,Elsevier,https://www.sciencedirect.com/science/article/pii/S0165242715002160,,
"M Sabater, N Forbes",Avian haematology and biochemistry 1. Haematology,2014,In Practice,inpractice.bmj.com,https://inpractice.bmj.com/content/36/10/510.short,,
"R Thomas, J Morris",Avian tibial dyschondroplasia in 19th-century turkey (Meleagris gallopavo L. 1758) remains from the Royal London Hospital,2012,International journal of paleopathology,Elsevier,https://www.sciencedirect.com/science/article/pii/S187998171200068X,,
"EK Harrington, DJ Coon, MF Kern, ...","… Stimulated Growth and Decreased Col‐X Deposition are Phosphotidylinositol‐3, 4, 5 Triphosphate Kinase and Mitogen Activating Protein Kinase Dependent in Avian …",2010,… Record: Advances in …,Wiley Online Library,https://onlinelibrary.wiley.com/doi/abs/10.1002/ar.21072,,
"MQ Salzano, SM Cox, SJ Piazza, J Rubenson",… Society of Biomechanics Journal of Biomechanics Award 2017: High-acceleration training during growth increases optimal muscle fascicle lengths in an avian …,2018,Journal of biomechanics,Elsevier,https://www.sciencedirect.com/science/article/pii/S002192901830722X,,
"Y TANG, P WU, D PENG, P ZHANG, ...",Characterization of the complete genome of four avian influenza viruses H5N1 isolated from mallard [J],2008,Chinese Journal of …,en.cnki.com.cn,http://en.cnki.com.cn/Article_en/CJFDTOTAL-ZRSZ200811007.htm,,
"MJ Sekellick, PI Marcus, AF Ferrandino",Treatment of infection in fowl by oral administration of avian interferon proteins,1999,"US Patent 5,885,567",Google Patents,https://patents.google.com/patent/US5885567A/en,,
"S Gopal, P Manoharan, K Kathaperumal, ...",Differential detection of avian oncogenic viruses in poultry layer farms and turkeys by use of multiplex PCR,2012,Journal of clinical …,Am Soc Microbiol,https://jcm.asm.org/content/50/8/2668.short,,
"AL Pearlman, CP Hughes",Functional role of efferents to the avian retina. I. Analysis of retinal ganglion cell receptive fields,1976,Journal of Comparative Neurology,Wiley Online Library,https://onlinelibrary.wiley.com/doi/abs/10.1002/cne.901660108,,
"Y Jianqin, G Binzhan, S Baomin",Cloning and Sequence Analysis of HA Gene of H9 (N2) Avian Influenza Virus,2004,China Poultry,en.cnki.com.cn,http://en.cnki.com.cn/Article_en/CJFDTOTAL-ZGJQ2004S1021.htm,,
"X Chen, Z He, M Fu, Y Wang, H Wu, X Li, H Cao, ...",The E3 ubiquitin ligase Siah-1 suppresses avian reovirus infection by targeting p10 for degradation,2018,Journal of …,Am Soc Microbiol,https://jvi.asm.org/content/92/6/e02101-17.short,,
"JS Carlson, B Nelms, CM Barker, WK Reisen, ...",Avian malaria co-infections confound infectivity and vector competence assays of Plasmodium homopolare,2018,Parasitology …,Springer,https://link.springer.com/article/10.1007/s00436-018-5924-5,,
JC Rapp,Production of antibodies in avian cells,2011,"US Patent App. 12/607,488",Google Patents,https://patents.google.com/patent/US20110014653A1/en,,
M Avian,"First results of repeated Terrestrial Laserscanning monitoring processes at the rock fall area Burgstall/Pasterze Glacier, Hohe Tauern Range, Central Austria",2012,EGU General Assembly Conference Abstracts,adsabs.harvard.edu,http://adsabs.harvard.edu/abs/2012EGUGA..14.8905A,,
"S Ruck, M Tischmacher, T Schenkel, ...",Biofluidmechanics of avian flight: recent numerical and experimental investigations,2010,6th World Congress of …,Springer,https://link.springer.com/chapter/10.1007/978-3-642-14515-5_4,,
"PT Weber, TJ Nohara",Device and method for 3D height-finding avian radar,2016,"US Patent App. 13/733,318",Google Patents,https://patents.google.com/patent/USRE45999E1/en,,
"AV Badyaev, GE Hill",Avian sexual dichromatism in relation to phylogeny and ecology,2003,"Annual Review of Ecology, Evolution, and …",annualreviews.org,https://www.annualreviews.org/doi/abs/10.1146/annurev.ecolsys.34.011802.132441,,
"D Mudroňová, M Kožár, L Molnár, ...",Viability and discrimination of avian peripheral blood mononuclear cells and thrombocytes intended for improvement of wound healing in birds,2014,Acta Veterinaria …,akademiai.com,https://akademiai.com/doi/abs/10.1556/AVet.2014.014,,
"R Selvam, A Jurkevich, SW Kang, ...","Distribution of the Vasotocin Subtype Four Receptor (VT4R) in the Anterior Pituitary Gland of the Chicken, Gallus gallus, and its Possible Role in the Avian Stress …",2013,Journal of …,Wiley Online Library,https://onlinelibrary.wiley.com/doi/abs/10.1111/j.1365-2826.2012.02370.x,,
"C Steglich, C Grund, A Röder, N Zhao, ...",Chimeric avian paramyxovirus-based vector immunization against highly pathogenic avian influenza followed by conventional Newcastle disease vaccination …,2014,Trials in …,Elsevier,https://www.sciencedirect.com/science/article/pii/S1879437814000072,,
"JS Stone, JL Shang, S Tomarev",cProx1 immunoreactivity distinguishes progenitor cells and predicts hair cell fate during avian hair cell regeneration,2004,Developmental dynamics: an …,Wiley Online Library,https://onlinelibrary.wiley.com/doi/abs/10.1002/dvdy.20087,,
"L Wei, C Chen, Q Zhao, C Li, L Cong, X Xu, ...","Purification, crystallization and preliminary crystallographic analysis of avian infectious bronchitis virus nsp3 ADRP domain",2008,… Section F: Structural …,scripts.iucr.org,https://scripts.iucr.org/cgi-bin/paper?ll5157,,
"KJ Burns, KJ McGraw, AJ Shultz, ...","Advanced Methods for Studying Pigments and Coloration Using Avian Specimens1, 2",2017,… in Collections-Based …,books.google.com,https://books.google.com/books?hl=en&lr=&id=cMItDwAAQBAJ&oi=fnd&pg=PT69&dq=avian+(laser+OR+strobe+OR+flash+OR+flare+OR+flaring+OR+reflector)&ots=vUXDdeTliF&sig=2dXjgsNU4pF-4dewZkjgW0FbqV8,,
"SJ Byun, S Yuk, YJ Jang, H Choi, MH Jeon, ...",Transgenic chickens expressing the 3D8 single chain variable fragment protein suppress avian influenza transmission,2017,Scientific reports,nature.com,https://www.nature.com/articles/s41598-017-05270-8,,
"D Bouchey, WS Argraves, ...","Fibulin‐1, vitronectin, and fibronectin expression during avian cardiac valve and septa development",1996,The Anatomical Record: An …,Wiley Online Library,https://onlinelibrary.wiley.com/doi/abs/10.1002/(SICI)1097-0185(199604)244:4%3C540::AID-AR12%3E3.0.CO;2-P,,
"O Moncorgé, M Mura, WS Barclay",Evidence for avian and human host cell factors that affect the activity of influenza virus polymerase,2010,Journal of virology,Am Soc Microbiol,https://jvi.asm.org/content/84/19/9978.short,,
K Beer,"A randomized, evaluator‐blinded comparison of efficacy of hyaluronic acid gel and avian‐sourced hylan B plus gel for correction of nasolabial folds",2007,Dermatologic surgery,Wiley Online Library,https://onlinelibrary.wiley.com/doi/abs/10.1111/j.1524-4725.2007.33194.x,,
"P Reschiglian, A Zattoni, L Cinque, B Roda, ...",Hollow-fiber flow field-flow fractionation for whole bacteria analysis by matrix-assisted laser desorption/ionization time-of-flight mass spectrometry,2004,Analytical …,ACS Publications,https://pubs.acs.org/doi/abs/10.1021/ac0353379,,
G Palfreyman,X-band avian radar detection and warning system,2016,"US Patent App. 14/665,418",Google Patents,https://patents.google.com/patent/US20160282131A1/en,,
"GE Katsoprinakis, AT Dellis, IK Kominis",Coherent triplet excitation suppresses the heading error of the avian compass,2010,New Journal of Physics,iopscience.iop.org,https://iopscience.iop.org/article/10.1088/1367-2630/12/8/085016/meta,,
"ML Wang, PV Hauschka, RS Tuan, ...",Exposure to particles stimulates superoxide production by human THP-1 macrophages and avian HD-11EM osteoclasts activated by tumor necrosis factor-α and PMA,2002,The Journal of arthroplasty,Elsevier,https://www.sciencedirect.com/science/article/pii/S0883540302091672,,
"T Hayashi, C Watanabe, Y Suzuki, T Tanikawa, ...",Chicken MDA5 senses short double-stranded RNA with implications for antiviral response against avian influenza viruses in chicken,2014,Journal of innate …,karger.com,https://www.karger.com/Article/Abstract/351583,,
"MT Hanson, RG Coss",Age differences in the response of California ground squirrels (Spermophilus beecheyi) to avian and mammalian predators.,1997,Journal of Comparative Psychology,psycnet.apa.org,https://psycnet.apa.org/record/1997-06365-007,,
"ST Stoute, GL Cooper, AA Bickford, S Carnaccini, ...",Yersinia pseudotuberculosis in Eurasian Collared Doves (Streptopelia decaocto) and Retrospective Study of Avian Yersiniosis at the California Animal Health and …,2015,Avian …,aaapjournals.info,http://www.aaapjournals.info/doi/abs/10.1637/11269-090215-CaseR.1,,
"R Karthik, V Manigandan, KK Ebenezar, ...","Structural characterization, teratogenicity and in vitro avian antimicrobial activity of posterior salivary gland (PSG) toxin from cuttlefish, Sepia prashadi",2019,International journal of …,Elsevier,https://www.sciencedirect.com/science/article/pii/S0141813018325364,,
"F LIN, S CHEN, X ZHU, X CHENG, S WANG, ...",Influence of co-infection with muscovy duck reovirus and H9 avian influenza virus on bursa and antibody response in muscovy ducks,2012,Chinese Journal of …,en.cnki.com.cn,http://en.cnki.com.cn/Article_en/CJFDTOTAL-ZGXQ201202015.htm,,
"SC Burgess, TF Davison",Counting absolute numbers of specific leukocyte subpopulations in avian whole blood using a single-step flow cytometric technique: comparison of two inbred lines of …,1999,Journal of immunological methods,Elsevier,https://www.sciencedirect.com/science/article/pii/S0022175999000836,,
"CA Sims, CK Ho, L Horstman, T Wendelin, ...",Tower illuminance model (TIM): Interactive real-time flyover simulation tool to evaluate glare and avian-flux hazards,2018,AIP Conference …,aip.scitation.org,https://aip.scitation.org/doi/abs/10.1063/1.5067219,,
"Y Zhang, H Okada, T Kobayashi, ...",Novel MEMS digital temperature sensor for wireless avian-influenza monitoring system in poultry farm,2011,2011 Symposium on …,ieeexplore.ieee.org,https://ieeexplore.ieee.org/abstract/document/6107984/,,
"D Kalthoff, A Giritch, K Geisler, U Bettmann, ...",Immunization with plant-expressed hemagglutinin protects chickens from lethal highly pathogenic avian influenza virus H5N1 challenge infection,2010,Journal of …,Am Soc Microbiol,https://jvi.asm.org/content/84/22/12002.short,,
DJ Harvey,Analysis of carbohydrates and glycoconjugates by matrix‐assisted laser desorption/ionization mass spectrometry: An update for 2007–2008,2012,Mass spectrometry reviews,Wiley Online Library,https://bpspubs.onlinelibrary.wiley.com/doi/pdf/10.1002/mas.20333,,
JL Bixby,Identification of an alternatively spliced avian member of the synaptophysin gene family,1992,Molecular brain research,Elsevier,https://www.sciencedirect.com/science/article/pii/0169328X9290217Y,,
SC Nikolov,Effects of land abandonment and changing habitat structure on avian assemblages in upland pastures of Bulgaria,2010,Bird conservation international,cambridge.org,https://www.cambridge.org/core/journals/bird-conservation-international/article/effects-of-land-abandonment-and-changing-habitat-structure-on-avian-assemblages-in-upland-pastures-of-bulgaria/1C5C377D407A0278BFB15A15405A5FB4,,
"A Fisher, M Marino, R Clothier, S Watkins, ...",Emulating avian orographic soaring with a small autonomous glider,2015,Bioinspiration & …,iopscience.iop.org,https://iopscience.iop.org/article/10.1088/1748-3190/11/1/016002/,,
DJ Harvey,Matrix-assisted laser desorption/ionization mass spectrometry of carbohydrates and glycoconjugates,2003,International Journal of Mass Spectrometry,Elsevier,https://www.sciencedirect.com/science/article/pii/S1387380602009685,,
ME Warchol,Immune cytokines and dexamethasone influence sensory regeneration in the avian vestibular periphery,1999,Journal of neurocytology,Springer,https://link.springer.com/article/10.1023/A:1007026306730,,
"KA Golemboski, J Whelan, S Shaw, ...","Avian inflammatory macrophage function: shifts in arachidonic acid metabolism, respiratory burst, and cell‐surface phenotype during the response to Sephadex",1990,Journal of leukocyte …,Wiley Online Library,https://jlb.onlinelibrary.wiley.com/doi/abs/10.1002/jlb.48.6.495,,
"MJ McGrew, A Sherman, SG Lillico, FM Ellard, ...",Localised axial progenitor cell populations in the avian tail bud are not committed to a posterior Hox identity,2008,…,dev.biologists.org,http://dev.biologists.org/content/135/13/2289.short,,
"H Enomoto, GN Hendy, GK Andrews, ...",Regulation of avian calbindin-D28K gene expression in primary chick kidney cells: importance of posttranscriptional mechanisms and calcium ion concentration.,1992,Endocrinology,academic.oup.com,https://academic.oup.com/endo/article-abstract/130/6/3467/3034367,,
"AA Dhondt, S Altizer, EG Cooch, AK Davis, A Dobson, ...",Dynamics of a novel pathogen in an avian host: mycoplasmal conjunctivitis in house finches,2005,Acta tropica,Elsevier,https://www.sciencedirect.com/science/article/pii/S0001706X05000288,,
"N Nowzari, ND Djadid, S Rahbari, B Yakchali, ...",Inter and intra-specific genetic variation of avian Eimeria isolated from Iran by random amplified polymorphic DNA—polymerase chain reaction,2005,Veterinary …,Elsevier,https://www.sciencedirect.com/science/article/pii/S0304401704005503,,
"M Kortmann, M Heurich, H Latifi, S Rösner, R Seidl, ...","Forest structure following natural disturbances and early succession provides habitat for two avian flagship species, capercaillie (Tetrao urogallus) and hazel grouse …",2018,Biological …,Elsevier,https://www.sciencedirect.com/science/article/pii/S0006320718301873,,
"P Jurdic, C Moscovici, S Pessano, ...",A monoclonal antibody with specificity for leukemic cells transformed by defective avian leukemia viruses,1982,Journal of Cellular …,Wiley Online Library,https://onlinelibrary.wiley.com/doi/abs/10.1002/jcp.1041130513,,
World Health Organization,Avian influenza: assessing the pandemic threat,2005,,apps.who.int,https://apps.who.int/iris/bitstream/handle/10665/68985/WHO_CDS_2005.29.pdf,,
"RA Katz, M Kotler, AM Skalka",cis-acting intron mutations that affect the efficiency of avian retroviral RNA splicing: implication for mechanisms of control.,1988,Journal of virology,Am Soc Microbiol,https://jvi.asm.org/content/62/8/2686.short,,
"A Pen, MJ Moreno, J Martin, DB Stanimirovic",Molecular markers of extracellular matrix remodeling in glioblastoma vessels: Microarray study of laser‐captured glioblastoma vessels,2007,Glia,Wiley Online Library,https://onlinelibrary.wiley.com/doi/abs/10.1002/glia.20481,,
M NAITO,Development of avian embryo manipulation techniques and their application to germ cell manipulation,2003,Animal Science Journal,Wiley Online Library,https://onlinelibrary.wiley.com/doi/abs/10.1046/j.1344-3941.2003.00101.x,,
"JY Kim, SH Song, HN Kim, DW Kim, HJ Sohn, ...",αB-crystallin is expressed in myelinating oligodendrocytes of the developing and adult avian retina,2012,Neurochemical …,Springer,https://link.springer.com/article/10.1007/s11064-012-0835-9,,
"LF Baptista, SLL Gaunt",Advances in studies of avian sound communication,1994,The Condor,academic.oup.com,https://academic.oup.com/condor/article-abstract/96/3/817/5124134,,
"JK Actor, T Kuffner, CS Dezzutti, RL Hunter, ...",A flash-type bioluminescent immunoassay that is more sensitive than radioimaging: quantitative detection of cytokine cDNA in activated and resting human cells,1998,Journal of …,Elsevier,https://www.sciencedirect.com/science/article/pii/S0022175997001907,,
"BS Szwergold, CB Miller","… to Serve as a Pathology-Free Model of Type 2 Diabetes, Part 1: Is the Apparent Absence of the RAGE Gene a Factor in the Resistance of Avian Organisms to Chronic …",2014,Rejuvenation research,liebertpub.com,https://www.liebertpub.com/doi/abs/10.1089/rej.2013.1498,,
"BC Heinze, JR Gamboa, K Kim, JY Song, ...",Microfluidic immunosensor with integrated liquid core waveguides for sensitive Mie scattering detection of avian influenza antigens in a real biological matrix,2010,Analytical and …,Springer,https://link.springer.com/article/10.1007/s00216-010-4201-y,,
"GE Manning, LJ Mundy, D Crump, SP Jones, ...",Cytochrome P4501A induction in avian hepatocyte cultures exposed to polychlorinated biphenyls: comparisons with AHR1-mediated reporter gene activity and in ovo …,2013,Toxicology and applied …,Elsevier,https://www.sciencedirect.com/science/article/pii/S0041008X12004723,,
"NA Zorich, MR Jonas, PL Madson, FF Unit",Avian Predation at John Day and The Dalles Dams 2011: Estimated Fish Consumption Using Direct Observation,2012,,pweb.crohms.org,http://pweb.crohms.org/tmt/documents/FPOM/2010/NWP%20Research/FFU%20reports/Avian%20Predation%20at%20John%20Day%20and%20The%20Dalles%20Dams%202011.pdf,,
"BE Symington, FW Symington",Evidence for phosphatidylinositol-linked forms of human and avian fibronectin receptors.,1990,Journal of Biological Chemistry,ASBMB,http://www.jbc.org/content/265/24/14069.short,,
"TJ Nohara, PT Weber, AM Ukrainec, AN Premji, ...",Device and method for 3D sampling with avian radar,2016,US Patent …,Google Patents,https://patents.google.com/patent/US9291707B2/en,,
"P Geetha-Loganathan, S Nimmagadda, F Pröls, ...",Ectodermal Wnt-6 promotes Myf5-dependent avian limb myogenesis,2005,Developmental …,Elsevier,https://www.sciencedirect.com/science/article/pii/S0012160605006421,,
"AJ Van den Brule, FV Cromme, PJ Snijders, ...",Nonradioactive RNA in situ hybridization detection of human papillomavirus 16-E7 transcripts in squamous cell carcinomas of the uterine cervix using confocal laser …,1991,The American journal …,ncbi.nlm.nih.gov,https://www.ncbi.nlm.nih.gov/pmc/articles/PMC1886338/,,
"T Khurana, M Collison, FT Chew, JE Slater",Bla g 3: a novel allergen of German cockroach identified using cockroach-specific avian single-chain variable fragment antibody,2014,"Annals of Allergy, Asthma & …",Elsevier,https://www.sciencedirect.com/science/article/pii/S1081120613008375,,
"NR GOUGH, CL HATEM, DM FAMBROUGH",… arises by alternative splicing from a single gene: characterization of the avian LAMP-2 gene and identification of mammalian homologs of LAMP-2b and LAMP-2c,1995,DNA and cell biology,liebertpub.com,https://www.liebertpub.com/doi/abs/10.1089/dna.1995.14.863,,
"CL Hatem, NR Gough, DM Fambrough","Multiple mRNAs encode the avian lysosomal membrane protein LAMP-2, resulting in alternative transmembrane and cytoplasmic domains",1995,Journal of Cell Science,jcs.biologists.org,http://jcs.biologists.org/content/108/5/2093.short,,
"D Dominoni, M Quetting…",Artificial light at night advances avian reproductive physiology,2013,Proceedings of the …,royalsocietypublishing.org,https://royalsocietypublishing.org/doi/abs/10.1098/rspb.2012.3017,,
"M Imai, A Ninomiya, H Minekawa, T Notomi, T Ishizaki…",Development of H5-RT-LAMP (loop-mediated isothermal amplification) system for rapid diagnosis of H5 avian influenza virus infection,2006,Vaccine,Elsevier,https://www.sciencedirect.com/science/article/pii/S0264410X06006438,,
"SR Vincent, O Johansson",… containing both somatostatin‐and avian pancreatic polypeptide (APP)‐like immunoreactivities and NADPH‐diaphorase activity: A light and electron microscopic study,1983,Journal of Comparative Neurology,Wiley Online Library,https://physoc.onlinelibrary.wiley.com/doi/pdf/10.1002/cne.902170304,,
"JS TAKAHASHI, N MURAKAMI, SS NIKAIDO…","The avian pineal, a vertebrate model system of the circadian oscillator: cellular regulation of circadian rhythms by light, second messengers, and macromolecular …",1989,Proceedings of the 1988 …,Elsevier,https://www.sciencedirect.com/science/article/pii/B9780125711456500108,,
"MT Crow, PS Olson, FE Stockdale",Myosin light-chain expression during avian muscle development,1983,The Journal of cell biology,jcb.rupress.org,http://jcb.rupress.org/content/96/3/736.abstract,,
"GM Ke, HL Cheng, LY Ke, WT Ji, JLC Chulu…",Development of a quantitative Light Cycler real-time RT-PCR for detection of avian reovirus,2006,Journal of Virological …,Elsevier,https://www.sciencedirect.com/science/article/pii/S0166093405003290,,
"RO Prum, S Andersson, RH Torres",Coherent scattering of ultraviolet light by avian feather barbs,2003,The Auk,academic.oup.com,https://academic.oup.com/auk/article-abstract/120/1/163/5147181,,
"SR Young, GR Martin",Optics of retinal oil droplets: a model of light collection and polarization detection in the avian retina,1984,Vision research,Elsevier,https://www.sciencedirect.com/science/article/pii/0042698984900981,,
"A Leopold, AE Eynon",Avian daybreak and evening song in relation to time and light intensity,1961,The Condor,JSTOR,https://www.jstor.org/stable/1365621,,
"JT Erichsen, HJ Karten, WD Eldred…",Localization of substance P-like and enkephalin-like immunoreactivity within preganglionic terminals of the avian ciliary ganglion: Light and electron microscopy,1982,Journal of …,Soc Neuroscience,http://www.jneurosci.org/content/2/7/994.short,,
"G Knaysi, J Hillier, C Fabricant",The cytology of an avian strain of Mycobacterium tuberculosis studied with the electron and light microscopes,1950,Journal of bacteriology,ncbi.nlm.nih.gov,https://www.ncbi.nlm.nih.gov/pmc/articles/PMC385899/,,
"JK Lauber, JE Boyd, TAS Boyd",Intraocular pressure and aqueous outflow facility in light-induced avian buphthalmos,1970,Experimental eye research,Elsevier,https://www.sciencedirect.com/science/article/pii/S0014483570800744,,
"D Gil, H Brumm",Avian urban ecology,2014,,books.google.com,https://books.google.com/books?hl=en&lr=&id=b3MVDAAAQBAJ&oi=fnd&pg=PP1&dq=avian+(light+OR+streetlight+OR+headlight+OR+spotlight+OR+lamp+OR+beacon+OR+beam+OR+ceilometer)&ots=Wn323dEShx&sig=kFX5kNa8qWjw2z2VOPuH3409o38,,
"D Boettiger, HM Temin",Light inactivation of focus formation by chicken embryo fibroblasts infected with avian sarcoma virus in the presence of 5-bromodeoxyuridine,1970,Nature,nature.com,https://www.nature.com/articles/228622a0,,
"K Toyoshima, RR Friis, PK Vogt",The reproductive and cell-transforming capacities of avian sarcoma virus B77: Inactivation with UV light,1970,Virology,Elsevier,https://www.sciencedirect.com/science/article/pii/0042682270902497,,
"M de Jong, L Jeninga, JQ Ouyang, K van Oers…",Dose-dependent responses of avian daily rhythms to artificial light at night,2016,Physiology & …,Elsevier,https://www.sciencedirect.com/science/article/pii/S0031938415302092,,
"A KINNEAER, JK Lauber…",Genesis of light-induced avian glaucoma,1974,… Ophthalmology & Visual …,iovs.arvojournals.org,https://iovs.arvojournals.org/article.aspx?articleid=2122568,,
GA Leslie,Evidence for a second avian light chain isotype,1977,Immunochemistry,Elsevier,https://www.sciencedirect.com/science/article/pii/0019279177902944,,
"J Schonbach, M Cuénod",Axoplasmic migration of protein a light microscopic autoradiographic study in the avian retino-tectal pathway,1971,Experimental brain research,Springer,http://www.springerlink.com/index/X2352VN410085356.pdf,,
"E Finger, D Burkhardt, J Dyck",Avian plumage colors,1992,Naturwissenschaften,Springer,http://www.springerlink.com/index/K0667N2Q035K6X36.pdf,,
"FA Dilmanian, GM Morris, GD Le, X Huang…",Response of avian embryonic brain to spatially segmented x-ray microbeams.,2001,… biology (Noisy-le …,europepmc.org,https://europepmc.org/abstract/med/11441956,,
"K Chumpolbanchorn, N Suemanotham, N Siripara…","The effect of temperature and UV light on infectivity of avian influenza virus (H5N1, Thai field strain) in chicken fecal manure.",2006,,tm.mahidol.ac.th,http://www.tm.mahidol.ac.th/seameo/2006_37_1/17-3734.pdf,,
LM Chiappe,Cretaceous avian remains from Patagonia shed new light on the early radiation of birds,1991,Alcheringa,Taylor & Francis,https://www.tandfonline.com/doi/abs/10.1080/03115519108619028,,
"KK VanDalen, AB Franklin, NL Mooers, HJ Sullivan…",Shedding light on avian influenza H4N6 infection in mallards: modes of transmission and implications for surveillance,2010,PLoS …,journals.plos.org,https://journals.plos.org/plosone/article?id=10.1371/journal.pone.0012851,,
"AB Bercovitz, PC Harrison, GA Leary",Light induced alterations in growth pattern of the avian eye.,1972,Vision Research,psycnet.apa.org,https://psycnet.apa.org/record/1973-24288-001,,
"JN Maina, MA Abdalla, AS King",Light microscopic morphometry of the lung of 19 avian species,1982,Cells Tissues Organs,karger.com,https://www.karger.com/Article/Abstract/145519,,
"DP Young Jr, WP Erickson, MD Strickland…",Comparison of avian responses to UV-light-reflective paint on wind turbines,2003,National Renewable …,west-inc.com,https://west-inc.com/reports/fcr_nrel.pdf,,
"CF Barth, EH Humphries",Expression of v-rel induces mature B-cell lines that reflect the diversity of avian immunoglobulin heavy-and light-chain rearrangements.,1988,Molecular and cellular biology,Am Soc Microbiol,https://mcb.asm.org/content/8/12/5358.short,,
"U Carraro, L Dalla Libera, C Catani",Myosin light chains of avian and mammalian slow muscles: evidence of intraspecific polymorphism,1981,Journal of Muscle Research & Cell …,Springer,https://link.springer.com/article/10.1007/BF00713271,,
"P Daubas, B Robert, I Garner…",A comparison between mammalian and avian fast skeletal muscle alkali myosin light chain genes: regulatory implications,1985,Nucleic acids …,academic.oup.com,https://academic.oup.com/nar/article-abstract/13/13/4623/1119570,,
"K Takehara, K Yamazaki, M Miyazaki, Y Yamada…",Inactivation of avian influenza virus H1N1 by photocatalyst under visible light irradiation,2010,Virus research,Elsevier,https://www.sciencedirect.com/science/article/pii/S0168170210001061,,
"RD WHITLEY, RA Albert, GR McDANIEL…",Photoinduced buphthalmic avian eyes. 1. Continuous fluorescent light,1984,Poultry …,academic.oup.com,https://academic.oup.com/ps/article-abstract/63/8/1537/1588317,,
CN Warui,Light microscopic morphometry of the kidneys of fourteen avian species.,1989,Journal of anatomy,ncbi.nlm.nih.gov,https://www.ncbi.nlm.nih.gov/pmc/articles/PMC1256433/,,
"W JINSART, B TERNAI, M Gideon",Inhibition of wheat embryo calcium-dependent protein kinase and avian myosin light chain kinase by flavonoids and related compounds,1991,Biological chemistry Hoppe …,degruyter.com,https://www.degruyter.com/view/j/bchm3.1991.372.issue-2/bchm3.1991.372.2.819/bchm3.1991.372.2.819.xml,,
"I Oláh, B Glick",Avian lymph node: light and electron microscopic study,1983,The Anatomical Record,Wiley Online Library,https://onlinelibrary.wiley.com/doi/abs/10.1002/ar.1092050306,,
"B Christ, HJ Jacob, M Jacob",On the formation of the myotomes in avian embryos. An experimental and scanning electron microscope study,1978,Experientia,Springer,https://link.springer.com/article/10.1007/BF01935963,,
"X Zou, H Huang, Y Gao, X Su",Detection of avian influenza virus based on magnetic silica nanoparticles resonance light scattering system,2012,Analyst,pubs.rsc.org,https://pubs.rsc.org/en/content/articlehtml/2012/an/c1an16041a,,
"G Maurer, SJ Portugal, ME Hauber, I Mikšík…",First light for avian embryos: eggshell thickness and pigmentation mediate variation in development and UV exposure in wild bird eggs,2015,Functional …,Wiley Online Library,https://onlinelibrary.wiley.com/doi/pdf/10.1111/1365-2435.12314,,
"F Gilka, JL Spencer",Chronic myocarditis and circulatory syndrome in a White Leghorn strain induced by an avian leukosis virus: light and electron microscopic study,1990,Avian diseases,JSTOR,https://www.jstor.org/stable/1591349,,
"V Brahmakshatriya, B Lupiani, JL Brinlee…",Preliminary study for evaluation of avian influenza virus inactivation in contaminated poultry products using electron beam irradiation,2009,Avian …,Taylor & Francis,https://www.tandfonline.com/doi/abs/10.1080/03079450902912150,,
"K Maeda, KB Henbest, F Cintolesi, I Kuprov…",Chemical compass model of avian magnetoreception,2008,Nature,nature.com,https://www.nature.com/articles/nature06834,,
"M Karlsson, F Hallböös","Kainic acid, tetrodotoxin and light modulate expression of brain-derived neurotrophic factor in developing avian retinal ganglion cells and their tectal target",1998,Neuroscience,Elsevier,https://www.sciencedirect.com/science/article/pii/S0306452297003400,,
CR Grau,Ring structure of avian egg yolk,1976,Poultry Science,academic.oup.com,https://academic.oup.com/ps/article-abstract/55/4/1418/1536649,,
"S Chatterjee, RJ Templin",12. Feathered Coelurosaurs from China: New Light on the Arboreal Origin of Avian Flight,2004,… on the Transition from Dinosaurs to …,books.google.com,https://books.google.com/books?hl=en&lr=&id=L-ZFPTKroVoC&oi=fnd&pg=PA251&dq=avian+(light+OR+streetlight+OR+headlight+OR+spotlight+OR+lamp+OR+beacon+OR+beam+OR+ceilometer)&ots=mrsgFiI_sw&sig=tdKHGySi3jlyJkjIaRlDOSqAmv8,,
"F Davison, KE Magor, B Kaspers, D Fred…",Structure and evolution of avian immunoglobulins,2008,Avian …,books.google.com,https://books.google.com/books?hl=en&lr=&id=VNjpDoMmJbkC&oi=fnd&pg=PA107&dq=avian+(light+OR+streetlight+OR+headlight+OR+spotlight+OR+lamp+OR+beacon+OR+beam+OR+ceilometer)&ots=N8V4EgbzWf&sig=W_gCbTh5XqV5r-Rjd7PMp6q52pg,,
"B Christ, HJ Jacob, M Jacob",Experimental analysis of the origin of the wing musculature in avian embryos,1977,Anatomy and embryology,Springer,https://link.springer.com/article/10.1007/BF00316649,,
"MD Eaton, SM Lanyon",The ubiquity of avian ultraviolet plumage reflectance,2003,… of the Royal Society of London …,royalsocietypublishing.org,https://royalsocietypublishing.org/doi/abs/10.1098/rspb.2003.2431,,
"DC Kelly, NJ Dimmock",Fowl plague virus replication in mammalian cell-avian erythrocyte heterokaryons: Studies concerning the actinomycin D and ultra-violet light sensitive phase in …,1974,Virology,Elsevier,https://www.sciencedirect.com/science/article/pii/0042682274902554,,
C Chiandetti,Pseudoneglect and embryonic light stimulation in the avian brain.,2011,Behavioral neuroscience,psycnet.apa.org,https://psycnet.apa.org/record/2011-18199-001,,
"VM Cassone, M Menaker",Is the avian circadian system a neuroendocrine loop?,1984,Journal of Experimental Zoology,Wiley Online Library,https://onlinelibrary.wiley.com/doi/abs/10.1002/jez.1402320321,,
"DP Young Jr, WP Erickson, MD Strickland, RE Good…","Comparison of Avian Responses to UV-Light-Reflective Paint on Wind Turbines: Subcontract Report, July 1999--December 2000",2003,,osti.gov,https://www.osti.gov/biblio/15003047,,
"I Salmeen, L Rimai, L Liebes, MA Rich…",Hydrodynamic diameters of RNA tumor viruses. Studies by laser beat frequency light scattering spectroscopy of avian myeloblastosis and Rauscher murine leukemia …,1975,Biochemistry,ACS Publications,https://pubs.acs.org/doi/pdf/10.1021/bi00672a023,,
"A Möller, S Sagasser, W Wiltschko, B Schierwater",Retinal cryptochrome in a migratory passerine bird: a possible transducer for the avian magnetic compass,2004,Naturwissenschaften,Springer,https://link.springer.com/article/10.1007/s00114-004-0578-9,,
"K Spoelstra, ME Visser",The impact of artificial light on avian ecology,2013,Avian Urban Ecol,books.google.com,https://books.google.com/books?hl=en&lr=&id=ud91AQAAQBAJ&oi=fnd&pg=PA21&dq=avian+(light+OR+streetlight+OR+headlight+OR+spotlight+OR+lamp+OR+beacon+OR+beam+OR+ceilometer)&ots=-n0SWPfinA&sig=RbgpTPiKUhN2nq-Z2sbfH16SVwc,,
"ME El Halawani, SW Kang, B Leclerc…",Dopamine–melatonin neurons in the avian hypothalamus and their role as photoperiodic clocks,2009,General and …,Elsevier,https://www.sciencedirect.com/science/article/pii/S0016648008004292,,
"I Kiss, P German, L Sami, M Antal, T Farkas…",Application of real-time RT-PCR utilising lux (light upon extension) fluorogenic primer for the rapid detection of avian influenza viruses,2006,Acta Veterinaria …,akademiai.com,https://akademiai.com/doi/abs/10.1556/AVet.54.2006.4.10,,
"T Yoshimura, Y Suzuki, E Makino, T Suzuki…",Molecular analysis of avian circadian clock genes,2000,Molecular brain …,Elsevier,https://www.sciencedirect.com/science/article/pii/S0169328X00000917,,
"G Voelker, RCK Bowie, J Klicka","Gene trees, species trees and E arth history combine to shed light on the evolution of migration in a model avian system",2013,Molecular Ecology,Wiley Online Library,https://onlinelibrary.wiley.com/doi/abs/10.1111/mec.12305,,
JP Thapliyal,Thyroid in avian reproduction,1969,General and Comparative Endocrinology,Elsevier,https://www.sciencedirect.com/science/article/pii/0016648069900197,,
"N Fadlallah, N Guy, MA Teillet, B Schuler…",Brain chimeras for the study of an avian model of genetic epilepsy: structures involved in sound and light-induced seizures,1995,Brain research,Elsevier,https://www.sciencedirect.com/science/article/pii/000689939500038R,,
"FL CRESPO, HW Ockerman",Effect of heat on sarcoplasmic proteins of light and dark avian muscle tissue,1977,Journal of food protection,jfoodprotection.org,http://jfoodprotection.org/doi/abs/10.4315/0362-028X-40.3.174,,
I Schechter,Region of immunoglobulin light-chain mRNA transcribed into complementary DNA by RNA-dependent DNA polymerase of avian myeloblastosis virus,1975,Proceedings of the National Academy of …,National Acad Sciences,https://www.pnas.org/content/72/7/2511.short,,
"MN Haddad, D Weinstein, RA Bonar…",Virus of avian myeloblastosis. XV. Structural loci of virus synthesis and adenosinetriphosphatase activity by electron and light microscopy of myeloblasts from tissue …,1960,Journal of the …,academic.oup.com,https://academic.oup.com/jnci/article-abstract/24/4/971/898924,,
"S Binkley, SE Macbride, DC Klein, CL Ralph",Pineal enzymes: regulation of avian melatonin synthesis,1973,Science,science.sciencemag.org,http://science.sciencemag.org/content/181/4096/273.2.short,,
"S Ishikawa, K Suzuki, E Fukuda, K Arihara…",Photodynamic antimicrobial activity of avian eggshell pigments,2010,FEBS …,Wiley Online Library,https://febs.onlinelibrary.wiley.com/doi/abs/10.1016/j.febslet.2009.12.041,,
"KV Fite, L Bengston, B Donaghey","Age, sex and light damage in the avian retina: a model system",1991,The changing visual system,Springer,https://link.springer.com/chapter/10.1007/978-1-4615-3390-0_21,,
"E Gwinner, M Hau, S Heigl",Melatonin: generation and modulation of avian circadian rhythms,1997,Brain research bulletin,Elsevier,https://www.sciencedirect.com/science/article/pii/S0361923097002244,,
A Zanella,Avian influenza attributable to serovar H7N1 in light layers in Italy,2003,Avian diseases,aaapjournals.info,http://www.aaapjournals.info/doi/abs/10.1637/0005-2086-47.s3.1177,,
"H Chen, J Zhang, D Sun, L Ma, X Liu, X Cai…",Development of reverse transcription loop-mediated isothermal amplification for rapid detection of H9 avian influenza virus,2008,Journal of virological …,Elsevier,https://www.sciencedirect.com/science/article/pii/S0166093408001705,,
"S Shivakoti, H Ito, T Murase, E Ono…",Development of reverse transcription-loop-mediated isothermal amplification (RT-LAMP) assay for detection of avian influenza viruses in field specimens,2010,Journal of Veterinary …,jstage.jst.go.jp,https://www.jstage.jst.go.jp/article/jvms/advpub/0/advpub_09-0473/_article/-char/ja/,,
"H Nili, K Asasi",Avian influenza (H9N2) outbreak in Iran,2003,Avian diseases,aaapjournals.info,http://www.aaapjournals.info/doi/abs/10.1637/0005-2086-47.s3.828,,
"G Lamson, FE Stockdale",Developmental and muscle-specific changes in methylation of the myosin light chain LC1f and LC3f promoters during avian myogenesis,1989,Developmental biology,Elsevier,https://www.sciencedirect.com/science/article/pii/0012160689902042,,
MB Heaton,Ontogeny of vision in the peking duck (Aanas platyrhynchos): The pupillary light reflex as a means for investigating visual onset and development in avian embryos,1971,Developmental Psychobiology: The Journal of the …,Wiley Online Library,https://onlinelibrary.wiley.com/doi/abs/10.1002/dev.420040405,,
"A Kinnear, JK Lauber",Biochemical studies of the chicken vitreous in light-induced avian glaucoma.,1978,Comparative biochemistry and physiology. B …,europepmc.org,https://europepmc.org/abstract/med/318358,,
"ME Andison, JG Sivak, DM Bird",The refractive development of the eye of the American kestrel (Falco sparverius): a new avian model,1992,Journal of Comparative Physiology A,Springer,https://link.springer.com/article/10.1007/BF00199333,,
"T Ritz, P Thalau, JB Phillips, R Wiltschko, W Wiltschko",Resonance effects indicate a radical-pair mechanism for avian magnetic compass,2004,Nature,nature.com,https://www.nature.com/articles/nature02534,,
"FL Richardson, MH Stromer, TW Huiatt…",Immunoelectron and immunofluorescence localization of desmin in mature avian muscles.,1981,European journal of …,europepmc.org,https://europepmc.org/abstract/med/7035176,,
"TW Baba, BP Giroir, EH Humphries",Cell lines derived from avian lymphomas exhibit two distinct phenotypes,1985,Virology,Elsevier,https://www.sciencedirect.com/science/article/pii/0042682285903125,,
"AD Pronovost, VJ Yates, DE Fry",Inhibition and enhancement of avian adenovirus plaque production by heavy and light avian adenovirus-associated viral particles.,1979,American journal of veterinary …,europepmc.org,https://europepmc.org/abstract/med/229748,,
"JL Edgar, JC Lowe, ES Paul…",Avian maternal response to chick distress,2011,Proceedings of the …,royalsocietypublishing.org,https://royalsocietypublishing.org/doi/abs/10.1098/rspb.2010.2701,,
"PV Hegarty, KJ Dahlin, ES Benson, CE Allen",Ultrastructural and light microscope studies on rigor-extended sarcomeres in avian and porcine skeletal muscles.,1973,Journal of anatomy,ncbi.nlm.nih.gov,https://www.ncbi.nlm.nih.gov/pmc/articles/PMC1271508/,,
"JM Jørgensen, C Mathiesen",The avian inner ear,1988,Naturwissenschaften,Springer,http://www.springerlink.com/index/t658rr5244140373.pdf,,
"C Demaine, P Semm",The avian pineal gland as an independent magnetic sensor,1985,Neuroscience letters,Elsevier,https://www.sciencedirect.com/science/article/pii/0304394085902940,,
"A Sayler, A Wolfson",Avian pineal gland: Progonadotropic response in the Japanese quail,1967,Science,science.sciencemag.org,http://science.sciencemag.org/content/158/3807/1478.short,,
E Gwinner,Circadian and circannual programmes in avian migration,1996,Journal of Experimental Biology,jeb.biologists.org,http://jeb.biologists.org/content/199/1/39.short,,
"DT Dinh, MTQ Le, CD Vuong, F Hasebe…",An updated loop-mediated isothermal amplification method for rapid diagnosis of H5N1 avian influenza viruses,2011,Tropical medicine and …,jstage.jst.go.jp,https://www.jstage.jst.go.jp/article/tmh/advpub/0/advpub_2010-21/_article/-char/ja/,,
"J Shamoun-Baranes, A Farnsworth, B Aelterman…",Innovative visualizations shed light on avian nocturnal migration,2016,PloS one,journals.plos.org,https://journals.plos.org/plosone/article?id=10.1371/journal.pone.0160106,,
"RD WHITLEY, RA Albert, RN BREWER…",Photoinduced Bupthalmic Avian Eyes: II. Continuous Darkness,1985,Poultry …,academic.oup.com,https://academic.oup.com/ps/article-abstract/64/10/1869/1573993,,
"L Dalla Libera, E Carpene",Myosin heavy and light chains and myosin light chain kinase in skeletal and smooth muscle of some wild avian species,1997,… and Physiology Part B: Biochemistry and …,Elsevier,https://www.sciencedirect.com/science/article/pii/S0305049196001927,,
"MH Maxwell, GW Robertson",The avian heterophil leucocyte: a review,1998,World's Poultry Science Journal,cambridge.org,https://www.cambridge.org/core/journals/world-s-poultry-science-journal/article/avian-heterophil-leucocyte-a-review/3AA18D1DEC0189AB937A4FD3F87335A2,,
"JL Duband, M Gimona, M Scatena, S Sartore, JV Small",Calponin and SM22 as differentiation markers of smooth muscle: spatiotemporal distribution during avian embryonic development,1993,Differentiation,Elsevier,https://www.sciencedirect.com/science/article/pii/S0301468111601266,,
"W Jinsart, B Ternai, GM Polya",Inhibition and activation of wheat embryo calcium-dependent protein kinase and inhibition of avian myosin light chain kinase by long chain aliphatic amphiphiles,1991,Plant Science,Elsevier,https://www.sciencedirect.com/science/article/pii/016894529190195E,,
"MD Gottlieb, OC McKenna","Light and electron microscopic study of an avian pretectal nucleus, the lentiform nucleus of the mesencephalon, magnocellular division",1986,Journal of Comparative Neurology,Wiley Online Library,https://onlinelibrary.wiley.com/doi/abs/10.1002/cne.902480110,,
"A El-Toukhy, AM Given, O Ogut, FV Brozovich",… ‐1 interacts with the catalytic subunit of myosin light chain phosphatase to produce a Ca2+ independent increase in MLC20 phosphorylation and force in avian …,2006,FEBS letters,Wiley Online Library,https://onlinelibrary.wiley.com/doi/pdf/10.1016/j.febslet.2006.09.035,,
S Kobayashi,Catecholamines in the avian carotid body,1969,Experientia,Springer,https://link.springer.com/article/10.1007/BF01901438,,
"A Pinzon-Rodriguez, S Bensch…",Expression patterns of cryptochrome genes in avian retina suggest involvement of Cry4 in light-dependent magnetoreception,2018,Journal of The Royal …,royalsocietypublishing.org,https://royalsocietypublishing.org/doi/abs/10.1098/rsif.2018.0058,,
AR Terepka,Structure and calcification in avian egg shell,1963,Experimental cell research,Elsevier,https://www.sciencedirect.com/science/article/pii/0014482763902234,,
"JK Lauber, MA McLaughlin, GC Chiou",Timolol and pilocarpine are hypotensive in light-induced avian glaucoma.,1985,Canadian journal of …,europepmc.org,https://europepmc.org/abstract/med/4052863,,
AR Terepka,Organic-inorganic interrelationships in avian egg shell,1963,Experimental cell research,Elsevier,https://www.sciencedirect.com/science/article/pii/0014482763902246,,
"M Imai, A Ninomiya, H Minekawa, T Notomi…",Rapid diagnosis of H5N1 avian influenza virus infection by newly developed influenza H5 hemagglutinin gene-specific loop-mediated isothermal amplification method,2007,Journal of virological …,Elsevier,https://www.sciencedirect.com/science/article/pii/S0166093406004484,,
"V Csernus, N Faluhelyi, AD Nagy",Features of the circadian clock in the avian pineal gland,2005,… of the New York Academy of …,Wiley Online Library,https://onlinelibrary.wiley.com/doi/pdf/10.1196/annals.1327.043,,
JC Partridge,The visual ecology of avian cone oil droplets,1989,Journal of Comparative Physiology A,Springer,https://link.springer.com/article/10.1007/BF00619360,,
"LA Moore, MF Willson","The effect of microhabitat, spatial distribution, and display size on dispersal of Lindera benzoin by avian frugivores",1982,Canadian Journal of Botany,NRC Research Press,https://www.nrcresearchpress.com/doi/abs/10.1139/b82-076,,
"RE Ricklefs, A Scheuerlein",Life span in the light of avian life histories,2003,Population and Development Review,JSTOR,https://www.jstor.org/stable/3401347,,
"M Ogawa, H Sokabe",The macula densa site of avian kidney,1971,Zeitschrift für Zellforschung und Mikroskopische …,Springer,https://link.springer.com/article/10.1007/BF00331242,,
"T Ubuka, GE Bentley, K Ukena…",Melatonin induces the expression of gonadotropin-inhibitory hormone in the avian brain,2005,Proceedings of the …,National Acad Sciences,https://www.pnas.org/content/102/8/3052.short,,
"EG Gray, LH Hamlyn",Electron microscopy of experimental degeneration in the avian optic tectum,1962,Journal of anatomy,ncbi.nlm.nih.gov,https://www.ncbi.nlm.nih.gov/pmc/articles/PMC1244115/,,
"HE Albers, CF Ferris",Neuropeptide Y: role in light-dark cycle entrainment of hamster circadian rhythms,1984,Neuroscience letters,Elsevier,https://www.sciencedirect.com/science/article/pii/0304394084904804,,
"WIL Davies, M Turton, SN Peirson…",Vertebrate ancient opsin photopigment spectra and the avian photoperiodic response,2011,Biology …,royalsocietypublishing.org,https://royalsocietypublishing.org/doi/abs/10.1098/rsbl.2011.0864,,
"RO Prum, RH Torres, S Williamson, J Dyck",Coherent light scattering by blue feather barbs,1998,Nature,nature.com,https://www.nature.com/articles/23838,,
"IC Cuthill, NS Hart, JC Partridge, ATD Bennett, S Hunt…",Avian colour vision and avian video playback experiments,2000,Acta Ethologica,Springer,https://link.springer.com/article/10.1007/s102110000027,,
"R Marwitt, G Pilar, JN Weakly",Characterization of two ganglion cell populations in avian ciliary ganglia,1971,Brain research,Elsevier,https://www.sciencedirect.com/science/article/pii/0006899371904410,,
"R Beason, P Semm",Does the avian ophthalmic nerve carry magnetic navigational information?,1996,Journal of Experimental Biology,jeb.biologists.org,http://jeb.biologists.org/content/199/5/1241.short,,
J McLelland,Afferent nerve endings in the avian lung: observations with the light microscope,1972,Experientia,Springer,https://link.springer.com/article/10.1007/BF01935749,,
"NT James, GA Meek",An electron microscopical study of avian muscle spindles,1973,Journal of ultrastructure research,Elsevier,https://www.sciencedirect.com/science/article/pii/S0022532073800322,,
"JK Lauber, JE Boyd, TAS Boyd",Aqueous humor inflow in normal and glaucomatous avian eyes,1972,Experimental eye research,Elsevier,https://www.sciencedirect.com/science/article/pii/0014483572901273,,
"RC Jones, O Onunkwo",Studies on experimental tenosynovitis in light hybrid chickens,1978,Avian Pathology,Taylor & Francis,https://www.tandfonline.com/doi/abs/10.1080/03079457808418268,,
VJ Csernus,The avian pineal gland,2006,Chronobiology international,Taylor & Francis,https://www.tandfonline.com/doi/abs/10.1080/07420520500482108,,
"PJ Barton, ME Buckingham",The myosin alkali light chain proteins and their genes.,1985,Biochemical Journal,ncbi.nlm.nih.gov,https://www.ncbi.nlm.nih.gov/pmc/articles/PMC1152739/,,
"S Van Borm, T Rosseel, D Vangeluwe…",Phylogeographic analysis of avian influenza viruses isolated from Charadriiformes in Belgium confirms intercontinental reassortment in gulls,2012,Archives of …,Springer,https://link.springer.com/article/10.1007/s00705-012-1323-x,,
"G Maurer, SJ Portugal, P Cassey",An embryo's eye view of avian eggshell pigmentation,2011,Journal of Avian Biology,Wiley Online Library,https://onlinelibrary.wiley.com/doi/abs/10.1111/j.1600-048X.2011.05368.x,,
"DR Deshmukh, BS Pomeroy",Ultraviolet inactivation and photoreactivation of avian viruses,1969,Avian diseases,JSTOR,https://www.jstor.org/stable/1588533,,
"RD Cook, AS King",A neurite-receptor complex in the avian lung: electron microscopical observations,1969,Experientia,Springer,https://link.springer.com/article/10.1007/BF01900251,,
"JG Garcia, V Lazar, LI Gilbert-McClain…",Myosin light chain kinase in endothelium: molecular cloning and regulation.,1997,American Journal of …,atsjournals.org,https://www.atsjournals.org/doi/abs/10.1165/ajrcmb.16.5.9160829,,
"JS Takahashi, M Menaker",Multiple redundant circadian oscillators within the isolated avian pineal gland,1984,Journal of Comparative Physiology A,Springer,https://link.springer.com/article/10.1007/BF00605243,,
"S Singh, P Dias",Transgenic avian species for making human and chimeric antibodies,2002,"US Patent App. 09/884,579",Google Patents,https://patents.google.com/patent/US20020028488A1/en,,
"K Ladjali-Mohammedi, JJ Bitgood…",International system for standardized avian karyotypes (ISSAK): standardized banded karyotypes of the domestic fowl (Gallus domesticus),1999,… and Genome Research,karger.com,https://www.karger.com/Article/Abstract/15318,,
"B Christ, HJ Jacob, M Jacob",Differentiating abilities of avian somatopleural mesoderm,1979,Experientia,Springer,https://link.springer.com/article/10.1007/BF01964018,,
"TH Goldsmith, JS Collins, S Licht",The cone oil droplets of avian retinas,1984,Vision research,Elsevier,https://www.sciencedirect.com/science/article/pii/0042698984903249,,
MB Bischoff,Photoreceptoral and secretory structures in the avian pineal organ,1969,Journal of ultrastructure research,Elsevier,https://www.sciencedirect.com/science/article/pii/S0022532069900033,,
"RT Korbel, MV Habil",Avian ophthalmology—principles and application.,2011,Advancing and Promoting Avian Medicine and …,Citeseer,http://citeseerx.ist.psu.edu/viewdoc/download?doi=10.1.1.462.9535&rep=rep1&type=pdf#page=45,,
"C Walsh, J McLelland",Intraepithelial axons in the avian trachea,1974,Zeitschrift für Zellforschung und Mikroskopische …,Springer,https://link.springer.com/article/10.1007/BF00582796,,
"T Tömböl, M Eyre, N Zayats, A Németh",The ramifications and terminals of optic fibres in layers 2 and 3 of the avian optic tectum: a Golgi and light and electron microscopic anterograde tracer study,2003,Cells Tissues Organs,karger.com,https://www.karger.com/Article/Abstract/74942,,
"T Longcore, C Rich",Ecological light pollution,2004,Frontiers in Ecology and the Environment,Wiley Online Library,https://esajournals.onlinelibrary.wiley.com/doi/abs/10.1890/1540-9295(2004)002[0191:ELP]2.0.CO;2,,
"BW Mitchell, ML Perdue",Measurement of avian embryo movement in intact eggs,1992,"US Patent 5,173,737",Google Patents,https://patents.google.com/patent/US5173737A/en,,
"HE Albers, CF Ferris, SE Leeman, BD Goldman",Avian pancreatic polypeptide phase shifts hamster circadian rhythms when microinjected into the suprachiasmatic region,1984,Science,science.sciencemag.org,http://science.sciencemag.org/content/223/4638/833.short,,
"K Muhammad, P Das, T Yaqoob, A Riaz…",Effect of physico-chemical factors on survival of avian influenza virus (H7N3 type),2001,Int. J. Agric …,researchgate.net,https://www.researchgate.net/profile/Rashid_Manzoor/publication/215515579_Effect_of_Physico-chemical_factors_on_survival_of_Avian_Influenza_H-7_type_Virus/links/554ce11d0cf21ed2135ea761/Effect-of-Physico-chemical-factors-on-survival-of-Avian-Influenza-H-7-type-Virus.pdf,,
AG Matoltsy,Keratinization of the avian epidermis: an ultrastructural study of the newborn chick skin,1969,Journal of ultrastructure research,Elsevier,https://www.sciencedirect.com/science/article/pii/S0022532069900653,,
"MA Coleman, GR McDaniel, WC Neeley…",Physical comparisons of lighted incubation in avian eggs,1977,Poultry Science,academic.oup.com,https://academic.oup.com/ps/article-abstract/56/5/1421/1589320,,
"RO Prum, R Torres",Structural colouration of avian skin: convergent evolution of coherently scattering dermal collagen arrays,2003,Journal of Experimental Biology,jeb.biologists.org,http://jeb.biologists.org/content/206/14/2409.short,,
"MJ Bailey, NW Chong, J Xiong, VM Cassone",Chickens' Cry2: molecular analysis of an avian cryptochrome in retinal and pineal photoreceptors,2002,FEBS letters,Wiley Online Library,https://febs.onlinelibrary.wiley.com/doi/abs/10.1016/S0014-5793(02)02276-7,,
"MA Shahid, M Abubakar, S Hameed…",Avian influenza virus (H 5 N 1); effects of physico-chemical factors on its survival,2009,Virology …,virologyj.biomedcentral.com,https://virologyj.biomedcentral.com/articles/10.1186/1743-422X-6-38,,
V Dierschke,Predation hazard during migratory stopover: are light or heavy birds under risk?,2003,Journal of Avian Biology,Wiley Online Library,https://onlinelibrary.wiley.com/doi/abs/10.1034/j.1600-048X.2003.03049.x,,
"GS Archer, JA Mench",Exposing avian embryos to light affects post-hatch anti-predator fear responses,2017,Applied animal behaviour science,Elsevier,https://www.sciencedirect.com/science/article/pii/S0168159116302945,,
RC Jones,Avian reovirus infections,2000,Revue Scientifique et Technique-Office …,pdfs.semanticscholar.org,https://pdfs.semanticscholar.org/f8ec/1c8e57489e76ead24f4c40694cfeb42f51bd.pdf,,
"MU Kemp, J Shamoun‐Baranes…",Can wind help explain seasonal differences in avian migration speed?,2010,Journal of Avian …,Wiley Online Library,https://onlinelibrary.wiley.com/doi/abs/10.1111/j.1600-048X.2010.05053.x,,
"MA Goodwin, J Brown",Light-microscopic lesions associated with naturally occurring bursal cryptosporidiosis in chickens,1989,Avian diseases,JSTOR,https://www.jstor.org/stable/1591070,,
K Unsicker,Fine structure and innervation of the avian adrenal gland,1973,Zeitschrift für Zellforschung und Mikroskopische …,Springer,https://link.springer.com/article/10.1007/BF00307164,,
I Tizard,The avian antibody response,2002,Seminars in Avian and Exotic Pet Medicine,Elsevier,https://www.sciencedirect.com/science/article/pii/S1055937X0280010X,,
"NJ Emery, NS Clayton",Evolution of the avian brain and intelligence,2005,Current Biology,cell.com,https://www.cell.com/current-biology/pdf/S0960-9822(05)01404-1.pdf,,
"DL Garner, DC McGillivray",Living articular cartilage is not smooth. The structure of mammalian and avian joint surfaces demonstrated in vivo by immersion incident light microscopy.,1971,Annals of the rheumatic diseases,ncbi.nlm.nih.gov,https://www.ncbi.nlm.nih.gov/pmc/articles/PMC1005718/,,
"C Nießner, S Denzau, JC Gross, L Peichl, HJ Bischof…",Avian ultraviolet/violet cones identified as probable magnetoreceptors,2011,PloS one,journals.plos.org,https://journals.plos.org/plosone/article?id=10.1371/journal.pone.0020091,,
"T OISHI, JK LAUBER","Light, experimental avian myopia and the role of the suprarenals",1986,Journal of Ocular Pharmacology and …,liebertpub.com,https://www.liebertpub.com/doi/abs/10.1089/jop.1986.2.139,,
WK Ovalle Jr,Histochemical dichotomy of extrafusal and intrafusal fibers in an avian slow muscle,1978,American Journal of Anatomy,Wiley Online Library,https://onlinelibrary.wiley.com/doi/abs/10.1002/aja.1001520410,,
"W Wiltschko, R Wiltschko, T Ritz",The mechanism of the avian magnetic compass,2011,Procedia Chemistry,Elsevier,https://www.sciencedirect.com/science/article/pii/S187661961100074X,,
"GF Gauthier, S Lowey, PA Benfield…",Distribution and properties of myosin isozymes in developing avian and mammalian skeletal muscle fibers,1982,The Journal of cell …,jcb.rupress.org,http://jcb.rupress.org/content/92/2/471.abstract,,
"S Härtle, KE Magor, TW Göbel, F Davison, B Kaspers",Structure and evolution of avian immunoglobulins,2014,Avian immunology,Elsevier,https://www.sciencedirect.com/science/article/pii/B9780123969651000066,,
"M Gondo, H Ando",Comparative histophysiological study of oil droplets in the avian retina,1995,Japanese Journal of Ornithology,jstage.jst.go.jp,https://www.jstage.jst.go.jp/article/jjo1986/44/2/44_2_81/_article/-char/ja/,,
"JM Buerstedde, CA Reynaud, EH Humphries…",Light chain gene conversion continues at high rate in an ALV‐induced cell line.,1990,The EMBO …,Wiley Online Library,https://onlinelibrary.wiley.com/doi/abs/10.1002/j.1460-2075.1990.tb08190.x,,
"M Bernard, PM Iuvone, VM Cassone…",Avian Melatonin Synthesis: Photic and Circadian Regulation of Serotonin N‐Acetyltransferase mRNA in the Chicken Pineal Gland and Retina,1997,Journal of …,Wiley Online Library,https://onlinelibrary.wiley.com/doi/abs/10.1046/j.1471-4159.1997.68010213.x,,
"AM Lucas, C Jamroz",Atlas of avian hematology.,1961,Atlas of Avian Hematology.,cabdirect.org,https://www.cabdirect.org/cabdirect/abstract/19622900922,,
"MI Cherry, AG Gosler",Avian eggshell coloration: new perspectives on adaptive explanations,2010,Biological Journal of the Linnean Society,academic.oup.com,https://academic.oup.com/biolinnean/article-abstract/100/4/753/2450526,,
"AH Meier, R MACGRECOR III",Temporal organization in avian reproduction,1972,American Zoologist,academic.oup.com,https://academic.oup.com/icb/article-abstract/12/2/257/2061838,,
"W Wiltschko, K Stapput, P Thalau, R Wiltschko",Avian magnetic compass: fast adjustment to intensities outside the normal functional window,2006,Naturwissenschaften,Springer,https://link.springer.com/article/10.1007/s00114-006-0102-5,,
LD Libera,Avian smooth muscle myosin light chain kinases. A comparison by peptide mapping study,1993,Comparative biochemistry and physiology: B …,agris.fao.org,http://agris.fao.org/agris-search/search.do?recordID=US201301781755,,
PJ Sharp,Strategies in avian breeding cycles,1996,Animal Reproduction Science,Elsevier,https://www.sciencedirect.com/science/article/pii/0378432096015564,,
"HF Howe, GF Estabrook",On intraspecific competition for avian dispersers in tropical trees,1977,The American Naturalist,journals.uchicago.edu,https://www.journals.uchicago.edu/doi/abs/10.1086/283216,,
NS Hart,The visual ecology of avian photoreceptors,2001,Progress in retinal and eye research,Elsevier,https://www.sciencedirect.com/science/article/pii/S135094620100009X,,
"Y Mori, T Notomi","Loop-mediated isothermal amplification (LAMP): a rapid, accurate, and cost-effective diagnostic method for infectious diseases",2009,Journal of infection and chemotherapy,Springer,https://link.springer.com/article/10.1007/s10156-009-0669-9,,
"PM Kulesa, MC McKinney…",Developmental imaging: the avian embryo hatches to the challenge,2013,Birth Defects Research …,Wiley Online Library,https://onlinelibrary.wiley.com/doi/abs/10.1002/bdrc.21036,,
"PE Jorge, PAM Marques…",Activational effects of odours on avian navigation,2009,Proceedings of the …,royalsocietypublishing.org,https://royalsocietypublishing.org/doi/abs/10.1098/rspb.2009.1521,,
"CJ Cain, ANJ Heyn",X-ray diffraction studies of the crystalline structure of the avian egg shell,1964,Biophysical journal,Elsevier,https://www.sciencedirect.com/science/article/pii/S0006349564867679,,
"SJ Smith-Gill, CR Mainhart, TB Lavoie…",VL-VH expression by monoclonal antibodies recognizing avian lysozyme.,1984,The Journal of …,Am Assoc Immnol,http://www.jimmunol.org/content/132/2/963.short,,
"MF Willson, MN Melampy",The effect of bicolored fruit displays on fruit removal by avian frugivores,1983,Oikos,JSTOR,https://www.jstor.org/stable/3544342,,
"C Wyse, D Hazlerigg",Seasonal biology: avian photoreception goes deep,2009,Current Biology,Elsevier,https://www.sciencedirect.com/science/article/pii/S0960982209014602,,
"SC Henderson, DI Bounous, MD Lee",Early events in the pathogenesis of avian salmonellosis,1999,Infection and immunity,Am Soc Microbiol,https://iai.asm.org/content/67/7/3580.short,,
RC Szaro,Guild management: an evaluation of avian guilds as a predictive tool,1986,Environmental Management,Springer,https://link.springer.com/article/10.1007/BF01866772,,
"W Firbas, G Müller",The efferent innervation of the avian cochlea,1983,Hearing research,Elsevier,https://www.sciencedirect.com/science/article/pii/0378595583900217,,
"JD Biggers, RBL Gwatkin, S Heyner",Growth of embryonic avian and mammalian tibiae on a relatively simple chemically defined medium,1961,Experimental cell research,Elsevier,https://www.sciencedirect.com/science/article/pii/0014482761903056,,
"RN Shoffner, A Krishan, GJ Haiden, RK Bammi…",Avian chromosome methodology,1967,Poultry …,academic.oup.com,https://academic.oup.com/ps/article-abstract/46/2/333/1562675,,
JK Lauber,Diurnal mitochondrial changes in avian retinal pigment epithelium: a search for correlation with thyroid state,1982,Current eye research,Taylor & Francis,https://www.tandfonline.com/doi/abs/10.3109/02713688209020023,,
"A Natesan, L Geetha, M Zatz",Rhythm and soul in the avian pineal,2002,Cell and tissue research,Springer,https://link.springer.com/article/10.1007/s00441-002-0571-6,,
"A Bayón, RM Almela, J Talavera",Avian ophthalmology,2007,Eur J Companion Anim …,pdfs.semanticscholar.org,https://pdfs.semanticscholar.org/34db/d490ff86bb045a6d4b18df3b5d4642f2f240.pdf,,
"M Benčina, I Cizelj, RL Berčič, M Narat…",Shared epitopes of avian immunoglobulin light chains,2014,Veterinary immunology …,Elsevier,https://www.sciencedirect.com/science/article/pii/S016524271400004X,,
D Us,Cytokine storm in avian influenza,2008,Mikrobiyoloji bulteni,europepmc.org,https://europepmc.org/abstract/med/18697437,,
LJ Rogers,Development and function of lateralization in the avian brain,2008,Brain research bulletin,Elsevier,https://www.sciencedirect.com/science/article/pii/S0361923008000269,,
"C van Riper III, SG van Riper, WR Hansen",Epizootiology and effect of avian pox on Hawaiian forest birds,2002,The Auk,academic.oup.com,https://academic.oup.com/auk/article-abstract/119/4/929/5147336,,
"ER Walker, MH Friedman, NO Olson",Electron microscopic study of an avian reovirus that causes arthritis,1972,Journal of ultrastructure research,Elsevier,https://www.sciencedirect.com/science/article/pii/S0022532072900391,,
"E Finger, D Burkhardt",Biological aspects of bird colouration and avian colour vision including ultraviolet range,1994,Vision research,Elsevier,https://www.sciencedirect.com/science/article/pii/004269899490152X,,
"QM Li, XJ Ma, HC Gao, R Zhou, ZZ Kuang…",Evaluation of reverse transcription loop-mediated isothermal amplification for detection of avian influenza A H5N1 virus,2008,Bing du xue bao …,europepmc.org,https://europepmc.org/abstract/med/18683553,,
JT Rotenberry,The role of habitat in avian community composition: physiognomy or floristics?,1985,Oecologia,Springer,https://link.springer.com/article/10.1007/BF00384286,,
MA Khan,Histochemical sub-types of three fibre-types of avian skeletal muscle,1976,Histochemistry,Springer,https://link.springer.com/article/10.1007/BF00492781,,
"JM Polak, AGE Pearse, JC Garaud, SR Bloom",Cellular localization of a vasoactive intestinal peptide in the mammalian and avian gastrointestinal tract,1974,Gut,gut.bmj.com,https://gut.bmj.com/content/15/9/720.abstract,,
"W Jetz, C Rahbek",Geographic range size and determinants of avian species richness,2002,Science,science.sciencemag.org,http://science.sciencemag.org/content/297/5586/1548.short,,
"N Muchnick, E Hibbard",Avian retinal ganglion cells resistant to degeneration after optic nerve lesion,1980,Experimental Neurology,Elsevier,https://www.sciencedirect.com/science/article/pii/0014488680900795,,
"SF Bilgili, JA Renden",Fluorometric determination of avian sperm viability and concentration,1984,Poultry Science,academic.oup.com,https://academic.oup.com/ps/article-abstract/63/11/2275/1477762,,
LJ Rogers,Light experience and asymmetry of brain function in chickens,1982,Nature,nature.com,https://www.nature.com/articles/297223a0,,
"CF SIMPSON, DJ FORRESTER…",Avian pox in Florida sandhill cranes,1975,Journal of Wildlife …,Wildlife Dis Assoc,http://www.jwildlifedis.org/doi/pdf/10.7589/0090-3558-11.1.112,,
"P Vennemann, KT Kiger, R Lindken…",In vivo micro particle image velocimetry measurements of blood-plasma in the embryonic avian heart,2006,Journal of …,Elsevier,https://www.sciencedirect.com/science/article/pii/S0021929005001570,,
"S Zaager, M Burke",… of the subunit interactions in vertebrate skeletal myosin. A comparison of the interaction between the alkali light and heavy chains of mammalian and avian myosin.,1988,Journal of Biological Chemistry,ASBMB,http://www.jbc.org/content/263/27/13891.short,,
"MJ Dykstra, LH Bozeman",A light and electron microscopic examination of budgerigar fledgling disease virus in tissue and in cell culture,1982,Avian Pathology,Taylor & Francis,https://www.tandfonline.com/doi/abs/10.1080/03079458208436078,,
"BM Wenzel, MH Sieck",Olfactory perception and bulbar electrical activity in several avian species,1972,Physiology & behavior,Elsevier,https://www.sciencedirect.com/science/article/pii/0031938472901473,,
TH Goldsmith,Hummingbirds see near ultraviolet light,1980,Science,science.sciencemag.org,http://science.sciencemag.org/content/207/4432/786.short,,
"Z Xie, Y Tang, Q Fan, J Liu, Y Pang, X Deng, Z Xie…",Rapid detection of Group I avian adenoviruses by a Loop-mediated isothermal amplification,2011,Avian …,aaapjournals.info,http://www.aaapjournals.info/doi/abs/10.1637/9719-031611-Reg.1,,
CL Ralph,Structure and alleged functions of avian pineals,1970,American zoologist,academic.oup.com,https://academic.oup.com/icb/article-abstract/10/2/217/2127720,,
"TP Hahn, T Boswell, JC Wingfield, GF Ball",Temporal flexibility in avian reproduction,1997,Current ornithology,Springer,https://link.springer.com/chapter/10.1007/978-1-4757-9915-6_2,,
CR Howlett,The fine structure of the proximal growth plate of the avian tibia.,1979,Journal of anatomy,ncbi.nlm.nih.gov,https://www.ncbi.nlm.nih.gov/pmc/articles/PMC1232943/,,
"NS Proctor, PJ Lynch",Manual of ornithology: avian structure & function,1993,,books.google.com,https://books.google.com/books?hl=en&lr=&id=nQ3vLQkEWQMC&oi=fnd&pg=PP12&dq=avian+(light+OR+streetlight+OR+headlight+OR+spotlight+OR+lamp+OR+beacon+OR+beam+OR+ceilometer)&ots=F66O60nV6V&sig=Un8JlhKYkAfN76SxEjL-eiRWNR4,,
S Blähser,Peptidergic pathways in the avian brain,1984,Journal of Experimental Zoology,Wiley Online Library,https://onlinelibrary.wiley.com/doi/abs/10.1002/jez.1402320304,,
"JM Polak, AGE Pearse, C Adams, JC Garaud",Immunohistochemical and ultrastructural studies on the endocrine polypeptide (APUD) cells of the avian gastrointestinal tract,1974,Experientia,Springer,https://link.springer.com/article/10.1007/BF01926354,,
RS Balter,The microtopography of avian lice eggs,1968,Medical Biology Illustrated,darwin.biology.utah.edu,http://darwin.biology.utah.edu/pubshtml/licepubpages/LicePDF's/1968/Balter1968microtopography.pdf,,
"M Jacob, HJ Jacob, F Wachtler, B Christ",Ontogeny of avian extrinsic ocular muscles,1984,Cell and tissue research,Springer,https://link.springer.com/article/10.1007/BF00228439,,
"DE Kroodsma, R Pickert",Environmentally dependent sensitive periods for avian vocal learning,1980,Nature,nature.com,https://www.nature.com/articles/288477a0,,
"PC Sereno, R Chenggang",Early evolution of avian flight and perching: new evidence from the Lower Cretaceous of China,1992,Science,science.sciencemag.org,http://science.sciencemag.org/content/255/5046/845.short,,
"WT McCormack, LW Tjoelker…",Avian B-cell development: generation of an immunoglobulin repertoire by gene conversion,1991,Annual review of …,annualreviews.org,https://www.annualreviews.org/doi/pdf/10.1146/annurev.iy.09.040191.001251,,
"JA Stratford, WD Robinson",Gulliver travels to the fragmented tropics: geographic variation in mechanisms of avian extinction,2005,Frontiers in Ecology and the …,Wiley Online Library,https://onlinelibrary.wiley.com/doi/pdf/10.1890/1540-9295%282005%29003%5B0085%3AGTTTFT%5D2.0.CO%3B2,,
"PM Biggs, BS Milne, T Graf…",Oncogenicity of non-transforming mutants of avian sarcoma viruses,1973,Journal of General …,jgv.microbiologyresearch.org,https://jgv.microbiologyresearch.org/content/journal/jgv/10.1099/0022-1317-18-3-399,,
"DA Winkelmann, S Lowey, JL Press",Monoclonal antibodies localize changes on myosin heavy chain isozymes during avian myogenesis,1983,Cell,Elsevier,https://www.sciencedirect.com/science/article/pii/0092867483901605,,
"FL Margolis, SC Bondy",Unilateral visual deprivation and avian optic lobe development,1969,Life sciences,Elsevier,https://www.sciencedirect.com/science/article/pii/0024320569900484,,
E Gwinner,Circannual clocks in avian reproduction and migration,1996,Ibis,Wiley Online Library,https://onlinelibrary.wiley.com/doi/abs/10.1111/j.1474-919X.1996.tb04312.x,,
"M Stevens, IC Cuthill",Hidden messages: are ultraviolet signals a special channel in avian communication?,2007,Bioscience,academic.oup.com,https://academic.oup.com/bioscience/article-abstract/57/6/501/236174,,
"M Watanabe, S Yasuo, T Watanabe…",Photoperiodic regulation of type 2 deiodinase gene in Djungarian hamster: possible homologies between avian and mammalian photoperiodic regulation of …,2004,…,academic.oup.com,https://academic.oup.com/endo/article-abstract/145/4/1546/2878030,,
"RC Topp, HC Carlson",Studies on Avian Heterophils II. Histochemistry,1972,Avian diseases,JSTOR,https://www.jstor.org/stable/1588802,,
"DM Beckenhauer, GW Conrad",The effect of thyroxine on transparency and PAPS synthesis in the avian cornea,1981,Developmental biology,Elsevier,https://www.sciencedirect.com/science/article/pii/0012160681903870,,
GM Langham,SPECIALIZED AVIAN PREDATORS REPEATEDLY ATTACK NOVEL COLOR MORPHS OF HELICONIUS BUTTERFLIES,2004,Evolution,Wiley Online Library,https://onlinelibrary.wiley.com/doi/abs/10.1111/j.0014-3820.2004.tb01629.x,,
"Y Song, EA Ayre, SF Pang",lodomelatonin Binding Sites in Mammalian and Avian Kidneys,1993,Neurosignals,karger.com,https://www.karger.com/Article/Abstract/109494,,
"S Zou, J Guo, R Gao, L Dong, J Zhou…",Inactivation of the novel avian influenza A (H7N9) virus under physical conditions or chemical agents treatment,2013,Virology …,virologyj.biomedcentral.com,https://virologyj.biomedcentral.com/articles/10.1186/1743-422X-10-289,,
AH Brush,Avian pigmentation,1978,Chemical zoology,books.google.com,https://books.google.com/books?hl=en&lr=&id=3N8VKVFuRJ4C&oi=fnd&pg=PA141&dq=avian+(light+OR+streetlight+OR+headlight+OR+spotlight+OR+lamp+OR+beacon+OR+beam+OR+ceilometer)&ots=C9XfzYSo1K&sig=38o8H2do0nIJRSnUUaXPc6kCEeU,,
"NS Hart, DM Hunt","Avian visual pigments: characteristics, spectral tuning, and evolution",2007,the american naturalist,journals.uchicago.edu,https://www.journals.uchicago.edu/doi/abs/10.1086/510141,,
"E Szabóa, S Virágh, CE Challice",The structure of the atrioventricular conducting system in the avian heart,1986,The Anatomical Record,Wiley Online Library,https://onlinelibrary.wiley.com/doi/abs/10.1002/ar.1092150102,,
AJ Helbig,Depolarization of natural skylight disrupts orientation of an avian nocturnal migrant,1990,Experientia,Springer,https://link.springer.com/article/10.1007/BF01939958,,
"M Aikawa, PK Hepler, CG Huff…",The feeding mechanism of avian malarial parasites,1966,The Journal of cell biology,jcb.rupress.org,http://jcb.rupress.org/content/28/2/355.abstract,,
"MC Stoddard, M Stevens",Avian vision and the evolution of egg color mimicry in the common cuckoo,2011,Evolution: International Journal of …,Wiley Online Library,https://onlinelibrary.wiley.com/doi/abs/10.1111/j.1558-5646.2011.01262.x,,
"WT McCormack, LM Carlson, LW Tjoelker…",Evolutionary comparison of the avian IgL locus: combinatorial diversity plays a role in the generation of the antibody repertoire in some avian species,1989,International …,academic.oup.com,https://academic.oup.com/intimm/article-abstract/1/4/332/689861,,
"A Reiner, HJ Karten, PDR Gamlin, JT Erichsen",Parasympathetic ocular control—functional subdivisions and circuitry of the avian nucleus of Edinger-Westphal,1983,Trends in Neurosciences,Elsevier,https://www.sciencedirect.com/science/article/pii/0166223683900681,,
"E Pizer, EH Humphries",RAV-1 insertional mutagenesis: disruption of the c-myb locus and development of avian B-cell lymphomas.,1989,Journal of virology,Am Soc Microbiol,https://jvi.asm.org/content/63/4/1630.short,,
"D Alessi, LK MACDOUGALL, MM SOLA…",The control of protein phosphatase‐1 by targetting subunits: The major myosin phosphatase in avian smooth muscle is a novel form of protein phosphatase‐1,1992,European journal of …,Wiley Online Library,https://onlinelibrary.wiley.com/doi/pdf/10.1111/j.1432-1033.1992.tb17508.x,,
"NW Kahn, J St. John, TW Quinn",Chromosome-specific intron size differences in the avian CHD gene provide an efficient method for sex identification in birds,1998,The Auk,JSTOR,https://www.jstor.org/stable/4089527,,
"RK Murton, KD Bagshawe, B Lofts",The circadian basis of specific gonadotrophin release in relation to avian spermatogenesis,1969,Journal of Endocrinology,joe.bioscientifica.com,https://joe.bioscientifica.com/view/journals/joe/45/2/joe_45_2_017.xml,,
"HW Barron, RE Roberts, KS Latimer…",Tolerance doses of cutaneous and mucosal tissues in ring-necked parakeets (Psittacula krameri) for external beam megavoltage radiation,2009,Journal of avian …,JSTOR,https://www.jstor.org/stable/27670701,,
"F Cintolesi, T Ritz, CWM Kay, CR Timmel, PJ Hore",Anisotropic recombination of an immobilized photoinduced radical pair in a 50-μT magnetic field: a model avian photomagnetoreceptor,2003,Chemical Physics,Elsevier,https://www.sciencedirect.com/science/article/pii/S0301010403003203,,
"LN Payne, SR Brown, N Bumstead…",A novel subgroup of exogenous avian leukosis virus in chickens,1991,Journal of …,jgv.microbiologyresearch.org,https://jgv.microbiologyresearch.org/content/journal/jgv/10.1099/0022-1317-72-4-801,,
WR Gallaher,Similar structural models of the transmembrane proteins of Ebola and avian sarcoma viruses,1996,Cell,cell.com,https://www.cell.com/fulltext/S0092-8674(00)81248-9,,
RO Prum,The anatomy and physics of avian structural colours,1999,Proc. Int. Ornithol. Congr,prumlab.yale.edu,https://prumlab.yale.edu/sites/default/files/prum_1999_ioc_anatomy.pdf,,
"J Erenpreisa, HI Roach",Aberrant death in dark chondrocytes of the avian growth plate,1998,Cell death and Differentiation,nature.com,https://www.nature.com/articles/4400320,,
"PD Gamlin, A Reiner, HJ Karten",Substance P-containing neurons of the avian suprachiasmatic nucleus project directly to the nucleus of Edinger-Westphal,1982,Proceedings of the …,National Acad Sciences,https://www.pnas.org/content/79/12/3891.short,,
"AK Kashyap, J Steel, AF Oner…",Combinatorial antibody libraries from survivors of the Turkish H5N1 avian influenza outbreak reveal virus neutralization strategies,2008,Proceedings of the …,National Acad Sciences,https://www.pnas.org/content/105/16/5986.short,,
"JK Armenta, PO Dunn…",Quantifying avian sexual dichromatism: a comparison of methods,2008,Journal of Experimental …,jeb.biologists.org,http://jeb.biologists.org/content/211/15/2423.short,,
"MN Matrosovich, TY Matrosovich…",Human and avian influenza viruses target different cell types in cultures of human airway epithelium,2004,Proceedings of the …,National Acad Sciences,https://www.pnas.org/content/101/13/4620.short,,
"A Stegeman, A Bouma, ARW Elbers…",Avian influenza A virus (H7N7) epidemic in The Netherlands in 2003: course of the epidemic and effectiveness of control measures,2004,The Journal of …,academic.oup.com,https://academic.oup.com/jid/article-abstract/190/12/2088/862959,,
"JR Harris, JN Brown",Fractionation of the avian erythrocyte: an ultrastructural study,1971,Journal of ultrastructure research,Elsevier,https://www.sciencedirect.com/science/article/pii/S0022532071800850,,
"LJ Rogers, FA Miles",Centrifugal control of the avian retina. V. Effects of lesions of the isthmo-optic nucleus on visual behaviour,1972,Brain Research,Elsevier,https://www.sciencedirect.com/science/article/pii/0006899372901758,,
"RC Beason, P Semm",Neuroethological aspects of avian orientation,1991,Orientation in birds,Springer,https://link.springer.com/chapter/10.1007/978-3-0348-7208-9_6,,
JM Jørgensen,Fine structure of the paratympanic organ in the avian middle ear,1984,Acta Zoologica,Wiley Online Library,https://onlinelibrary.wiley.com/doi/abs/10.1111/j.1463-6395.1984.tb00813.x,,
"KJ Navara, RJ Nelson","The dark side of light at night: physiological, epidemiological, and ecological consequences",2007,Journal of pineal research,Wiley Online Library,https://onlinelibrary.wiley.com/doi/abs/10.1111/j.1600-079X.2007.00473.x,,
"L Dalla Libera, R Betto, R Lodolo, U Carraro",Myosin light chains of avian and mammalian slow muscles: peptide mapping of 2S light chains,1984,Journal of Muscle Research …,Springer,https://link.springer.com/article/10.1007/BF00818259,,
"NM Hancox, B Boothroyd",Motion picture and electron microscope studies on the embryonic avian osteoclast,1961,The Journal of Cell Biology,jcb.rupress.org,http://jcb.rupress.org/content/11/3/651.abstract,,
GA DRAGER,The innervation of the avian hypophysis,1945,Endocrinology,academic.oup.com,https://academic.oup.com/endo/article-abstract/36/2/124/2773973,,
"DC Fecheyr-Lippens, B Igic, L D'Alba, D Hanley…",The cuticle modulates ultraviolet reflectance of avian eggshells,2015,Biology …,bio.biologists.org,http://bio.biologists.org/content/4/7/753.short,,
"HH Vandenburgh, P Karlisch, L Farr",Maintenance of highly contractile tissue-cultured avian skeletal myotubes in collagen gel,1988,In vitro cellular & developmental …,Springer,https://link.springer.com/article/10.1007/BF02623542,,
"B Igic, D Fecheyr-Lippens, M Xiao…",A nanostructural basis for gloss of avian eggshells,2015,Journal of The …,royalsocietypublishing.org,https://royalsocietypublishing.org/doi/abs/10.1098/rsif.2014.1210,,
"J Zhang, Y Feng, D Hu, H Lv, J Zhu…",Rapid and sensitive detection of H7N9 avian influenza virus by use of reverse transcription–loop-mediated isothermal amplification,2013,Journal of clinical …,Am Soc Microbiol,https://jcm.asm.org/content/51/11/3760.short,,
"JE Gallagher, KR Rhoades",Scanning electron and light microscopy of selected avian strains of Mycoplasma iowae.,1983,Avian diseases,europepmc.org,https://europepmc.org/abstract/med/6847541,,
"B Christ, M Jacob, HJ Jacob",On the origin and development of the ventrolateral abdominal muscles in the avian embryo,1983,Anatomy and embryology,Springer,https://link.springer.com/article/10.1007/BF00317946,,
"V Kumar, S Rani, BP Singh",Biological clocks help reduce the physiological conflicts in avian migrants,2006,Journal of Ornithology,Springer,https://link.springer.com/article/10.1007/s10336-006-0055-7,,
"JE Light, CE Nessner, DR Gustafsson…",Remarkable levels of avian louse (Insecta: Phthiraptera) diversity in the Congo Basin,2016,Zoologica …,Wiley Online Library,https://onlinelibrary.wiley.com/doi/abs/10.1111/zsc.12170,,
"PR Louzada Jr, ACP Lima, FG de Mello, ST Ferreira",Dual role of glutamatergic neurotransmission on amyloid β1–42 aggregation and neurotoxicity in embryonic avian retina,2001,Neuroscience letters,Elsevier,https://www.sciencedirect.com/science/article/pii/S0304394001015853,,
RW Bingham,The polypeptide composition of avian infectious bronchitis virus,1975,Archives of virology,Springer,https://link.springer.com/article/10.1007/BF01317539,,
"MC Stoddard, RO Prum",Evolution of avian plumage color in a tetrahedral color space: a phylogenetic analysis of new world buntings,2008,The American Naturalist,journals.uchicago.edu,https://www.journals.uchicago.edu/doi/abs/10.1086/587526,,
"ATD Bennett, M Théry",Avian color vision and coloration: multidisciplinary evolutionary biology,2007,the american naturalist,journals.uchicago.edu,https://www.journals.uchicago.edu/doi/abs/10.1086/510163,,
RE Ricklefs,Embryonic development period and the prevalence of avian blood parasites.,1992,Proceedings of the National Academy of …,National Acad Sciences,https://www.pnas.org/content/89/10/4722.short,,
"JW Beard, EA Hillman, D Beard, K Lapis, U Heine",Neoplastic response of the avian liver to host infection with strain MC29 leukosis virus,1975,Cancer research,AACR,http://cancerres.aacrjournals.org/content/35/7/1603.short,,
CD Stern,13 Detection of Multiple Gene Products Simultaneously by in situ Hybridization and lmmunohistochemistry in Whole Mounts of Avian Embryos,1997,Current topics in developmental biology,Elsevier,https://www.sciencedirect.com/science/article/pii/S0070215308605050,,
"A Postel, T Letzel, S Frischmann…",Evaluation of two commercial loop-mediated isothermal amplification assays for detection of avian influenza H5 and H7 hemagglutinin genes,2010,Journal of …,journals.sagepub.com,https://journals.sagepub.com/doi/abs/10.1177/104063871002200110,,
"KV Fite, S Rosenfield-Wessels",A comparative study of deep avian foveas,1975,"Brain, Behavior and Evolution",karger.com,https://www.karger.com/Article/Abstract/124142,,
"SC Church, ASL Merrison…",Avian ultraviolet vision and frequency-dependent seed preferences,2001,Journal of Experimental …,jeb.biologists.org,https://jeb.biologists.org/content/204/14/2491.short,,
"IC Egbuniwe, JO Ayo",Physiological roles of avian eyes in light perception and their responses to photoperiodicity,2016,World's Poultry Science Journal,cambridge.org,https://www.cambridge.org/core/journals/world-s-poultry-science-journal/article/physiological-roles-of-avian-eyes-in-light-perception-and-their-responses-to-photoperiodicity/2D22D3A091E1FEA2A86E09F0F4B7F4DC,,
"P Lohse, B Winter, V Mouly, MY Fiszman…",Evidence for distinct phosphorylatable myosin light chains in avian heart and slow skeletal muscle,1988,Developmental …,Elsevier,https://www.sciencedirect.com/science/article/pii/0012160688900772,,
"GC Schoenwolf, V Garcia-Martinez",Primitive-streak origin and state of commitment of cells of the cardiovascular system in avian and mammalian embryos.,1995,Cellular & molecular biology …,europepmc.org,https://europepmc.org/abstract/med/8775981,,
"P Mineau, M Pedrosa",A portable device for non-destructive determination of avian embryonic viability,1986,Journal of Field Ornithology,JSTOR,https://www.jstor.org/stable/4513090,,
"H Bao, X Wang, Y Zhao, X Sun, Y Li, Y Xiong…",Development of a reverse transcription loop-mediated isothermal amplification method for the rapid detection of avian influenza virus subtype H7,2012,Journal of virological …,Elsevier,https://www.sciencedirect.com/science/article/pii/S0166093411003570,,
"S Hunt, IC Cuthill, ATD Bennett…",Is the ultraviolet waveband a special communication channel in avian mate choice?,2001,Journal of …,jeb.biologists.org,https://jeb.biologists.org/content/204/14/2499.short,,
"SK Mor, TA Sharafeldin, M Abin, M Kromm…",The occurrence of enteric viruses in Light Turkey Syndrome,2013,Avian …,Taylor & Francis,https://www.tandfonline.com/doi/abs/10.1080/03079457.2013.832145,,
"JL Sanz, LM Chiappe, BP Pérez-Moreno…",An Early Cretaceous bird from Spain and its implications for the evolution of avian flight,1996,Nature,researchgate.net,https://www.researchgate.net/profile/Francisco_Jose_Poyato-Ariza/publication/31993989_An_Early_Cretaceous_bird_from_Spain_and_its_implications_for_the_evolution_of_avian_flight/links/09e4150589d15a796c000000/An-Early-Cretaceous-bird-from-Spain-and-its-implications-for-the-evolution-of-avian-flight.pdf,,
"IC Cuthill, ATD Bennett, JC Partridge…",Plumage reflectance and the objective assessment of avian sexual dichromatism,1999,The American …,journals.uchicago.edu,https://www.journals.uchicago.edu/doi/abs/10.1086/303160,,
"PM Schmitt, T Göbel, E Trautvetter",Evaluation of pulse oximetry as a monitoring method in avian anesthesia,1998,Journal of Avian Medicine and Surgery,JSTOR,https://www.jstor.org/stable/30133155,,
"MT Crow, FE Stockdale",The developmental program of fast myosin heavy chain expression in avian skeletal muscles,1986,Developmental biology,Elsevier,https://www.sciencedirect.com/science/article/pii/0012160686900023,,
"RP Rhea, B Anderson, NB Kim, MD Rosenberg",Biochemical electron microscopic and cytochemical studies of ATPase localization in avian murine and human oviducts.,1974,Fertility and sterility,popline.org,https://www.popline.org/node/494467,,
"CB Andreasen, KS Latimer",Separation of avian heterophils from blood using Ficoll-Hypaque discontinuous gradients,1989,Avian diseases,JSTOR,https://www.jstor.org/stable/1591082,,
M Menaker,Extraretinal light perception in the sparrow. I. Entrainment of the biological clock.,1968,Proceedings of the National Academy of Sciences of …,ncbi.nlm.nih.gov,https://www.ncbi.nlm.nih.gov/pmc/articles/PMC224688/,,
"ER Walker, MH Friedman, NO Olson…",Ultrastructural study of avian synovium infected with an arthrotropic reovirus,1977,Arthritis & Rheumatism …,Wiley Online Library,https://onlinelibrary.wiley.com/doi/abs/10.1002/art.1780200616,,
R Brandstätter,Encoding time of day and time of year by the avian circadian system,2003,Journal of neuroendocrinology,Wiley Online Library,https://onlinelibrary.wiley.com/doi/abs/10.1046/j.1365-2826.2003.01003.x,,
"Y Ge, B Wu, X Qi, K Zhao, X Guo, Y Zhu, Y Qi, Z Shi…",Rapid and sensitive detection of novel avian-origin influenza A (H7N9) virus by reverse transcription loop-mediated isothermal amplification combined with a …,2013,PloS one,journals.plos.org,https://journals.plos.org/plosone/article?id=10.1371/journal.pone.0069941,,
"R Brandstätter, V Kumar…","Photoperiodic information acquired and stored in vivo is retained in vitro by a circadian oscillator, the avian pineal gland",2000,Proceedings of the …,National Acad Sciences,https://www.pnas.org/content/97/22/12324.short,,
"RM Fulton, WM Reed, DB DeNicola",Light microscopic and ultrastructural characterization of cells recovered by respiratory-tract lavage of 2-and 6-week-old chickens,1990,Avian diseases,JSTOR,https://www.jstor.org/stable/1591338,,
"H Bai, R Wang, B Hargis, H Lu, Y Li",A SPR aptasensor for detection of avian influenza virus H5N1,2012,Sensors,mdpi.com,https://www.mdpi.com/1424-8220/12/9/12506/htm,,
"D Hasselquist, JA Marsh, PW Sherman…",Is avian humoral immunocompetence suppressed by testosterone?,1999,Behavioral Ecology and …,Springer,https://link.springer.com/article/10.1007/s002650050550,,
"JD Delius, K Bennetto",Cutaneous sensory projections to the avian forebrain,1972,Brain Research,Elsevier,https://www.sciencedirect.com/science/article/pii/0006899372906671,,
"RO Prum, ER Dufresne, T Quinn…",Development of colour-producing β-keratin nanostructures in avian feather barbs,2009,Journal of the Royal …,royalsocietypublishing.org,https://royalsocietypublishing.org/doi/abs/10.1098/rsif.2008.0466.focus,,
"JP Card, RY Moore",Ventral lateral geniculate nucleus efferents to the rat suprachiasmatic nucleus exhibit avian pancreatic polypeptide‐like immunoreactivity,1982,Journal of Comparative Neurology,Wiley Online Library,https://onlinelibrary.wiley.com/doi/abs/10.1002/cne.902060407,,
"D Rubene, O Håstad, R Tauson, H Wall…",The presence of UV wavelengths improves the temporal resolution of the avian visual system,2010,Journal of …,jeb.biologists.org,http://jeb.biologists.org/content/213/19/3357.short,,
"B Poulin, G Lefebvre, R McNeil",Tropical avian phenology in relation to abundance and exploitation of food resources,1992,Ecology,Wiley Online Library,https://esajournals.onlinelibrary.wiley.com/doi/abs/10.2307/1941476,,
"MT Crow, FE Stockdale",Myosin expression and specialization among the earliest muscle fibers of the developing avian limb,1986,Developmental biology,Elsevier,https://www.sciencedirect.com/science/article/pii/0012160686901260,,
"MD Kendall, P Ward",Erythropoiesis in an avian thymus,1974,Nature,nature.com,https://www.nature.com/articles/249366a0,,
"MP Jones, KE Pierce Jr, D Ward",Avian vision: a review of form and function with special consideration to birds of prey,2007,Journal of Exotic Pet Medicine,Elsevier,https://www.sciencedirect.com/science/article/pii/S1557506307000341,,
"K Pendrak, T Lin, RA Stone",Ciliary ganglion choline acetyltransferase activity in avian macrophthalmos,1995,Experimental eye research,Elsevier,https://www.sciencedirect.com/science/article/pii/S001448350580106X,,
"RD Hodges, RP Gould",Partial nervous control of the avian ultimobranchial body,1969,Experientia,Springer,https://link.springer.com/article/10.1007/BF01897524,,
"LJ Simpson, AL Ross, D Szüts, CA Alviani…",RAD18‐independent ubiquitination of proliferating‐cell nuclear antigen in the avian cell line DT40,2006,EMBO …,embor.embopress.org,http://embor.embopress.org/content/7/9/927.abstract,,
PH Nafstad,On the avian Merkel cells.,1986,Journal of anatomy,ncbi.nlm.nih.gov,https://www.ncbi.nlm.nih.gov/pmc/articles/PMC1166489/,,
"AS King, J McLelland, RD Cook, DZ King…",The ultrastructure of afferent nerve endings in the avian lung,1974,Respiration physiology,Elsevier,https://www.sciencedirect.com/science/article/pii/0034568774900450,,
"X Han, C Ding, L He, Q Hu, S Yu",Development of loop-mediated isothermal amplification (LAMP) targeting the GroEL gene for rapid detection of Riemerella anatipestifer,2011,Avian diseases,aaapjournals.info,http://www.aaapjournals.info/doi/abs/10.1637/9602-112610-Reg.1,,
"R Wiltschko, W Wiltschko",Avian navigation,2009,The Auk,academic.oup.com,https://academic.oup.com/auk/article-abstract/126/4/717/5148354,,
"AB Clark, DS Wilson","Avian breeding adaptations: hatching asynchrony, brood reduction, and nest failure",1981,The Quarterly Review of Biology,journals.uchicago.edu,https://www.journals.uchicago.edu/doi/abs/10.1086/412316,,
"M Vincent, JL Duband, JP Thiery",A cell surface determinant expressed early on migrating avian neural crest cells,1983,Developmental Brain Research,Elsevier,https://www.sciencedirect.com/science/article/pii/0165380683900585,,
"TF McCutchan, JC Kissinger…",Comparison of circumsporozoite proteins from avian and mammalian malarias: biological and phylogenetic implications,1996,Proceedings of the …,National Acad Sciences,https://www.pnas.org/content/93/21/11889.short,,
"M Cusack, AC Fraser, T Stachel",Magnesium and phosphorus distribution in the avian eggshell,2003,… and Physiology Part B: Biochemistry and …,Elsevier,https://www.sciencedirect.com/science/article/pii/S1096495902001859,,
"T Graf, A Von Kirchbach, H Beug","Characterization of the hematopoietic target cells of AEV, MC29 and AMV avian leukemia viruses",1981,Experimental cell research,Elsevier,https://www.sciencedirect.com/science/article/pii/0014482781902366,,
"WJ Bock, B Kummer",The avian mandible as a structural girder,1968,Journal of Biomechanics,Elsevier,https://www.sciencedirect.com/science/article/pii/0021929068900110,,
"P Cassey, M Honza, T Grim…",The modelling of avian visual perception predicts behavioural rejection responses to foreign egg colours,2008,Biology Letters,royalsocietypublishing.org,https://royalsocietypublishing.org/doi/abs/10.1098/rsbl.2008.0279,,
"D Bader, T Masaki, DA Fischman",Immunochemical analysis of myosin heavy chain during avian myogenesis in vivo and in vitro.,1982,The Journal of Cell Biology,jcb.rupress.org,http://jcb.rupress.org/content/95/3/763.abstract,,
"GA Leslie, AA Benedict","Structural and Antigenic Relationships Between Avian Immunoglobulins: III. Antigenic Relationships of the Immunoglobulins of the Chicken, Pheasant and Japanese …",1970,The Journal of Immunology,Am Assoc Immnol,http://www.jimmunol.org/content/105/5/1215.short,,
"G Falkenberg, G Fleissner, K Schuchardt…",Avian magnetoreception: elaborate iron mineral containing dendrites in the upper beak seem to be a common feature of birds,2010,PloS one,journals.plos.org,https://journals.plos.org/plosone/article?id=10.1371/journal.pone.0009231,,
"JD Pettigrew, J Wallman, CF Wildsoet",Saccadic oscillations facilitate ocular perfusion from the avian pecten,1990,Nature,nature.com,https://www.nature.com/articles/343362a0,,
"W Jia, K Karaca, CR Parrish, SA Naqi",A novel variant of avian infectious bronchitis virus resulting from recombination among three different strains,1995,Archives of virology,Springer,https://link.springer.com/article/10.1007/BF01309861,,
"JBL Bard, ED Hay",The behavior of fibroblasts from the developing avian cornea. Morphology and movement in situ and in vitro.,1975,The Journal of cell biology,jcb.rupress.org,http://jcb.rupress.org/content/67/2/400.abstract,,
"SC Bondy, FL Margolis",Effects of unilateral visual deprivation on the developing avian brain,1969,Experimental neurology,Elsevier,https://www.sciencedirect.com/science/article/pii/0014488669901393,,
"R Silver, P Witkovsky, P Horvath, V Alones…",Coexpression of opsin-and VIP-like-immunoreactivity in CSF-contacting neurons of the avian brain,1988,Cell and tissue …,Springer,https://link.springer.com/article/10.1007/BF00221754,,
"W Zhang, Y Shi, X Lu, Y Shu, J Qi, GF Gao",An airborne transmissible avian influenza H5 hemagglutinin seen at the atomic level,2013,Science,science.sciencemag.org,http://science.sciencemag.org/content/340/6139/1463.short,,
"B Lofts, RK Murton",Photoperiodic and physiological adaptations regulating avian breeding cycles and their ecological significance,1968,Journal of Zoology,Wiley Online Library,https://zslpublications.onlinelibrary.wiley.com/doi/abs/10.1111/j.1469-7998.1968.tb03056.x%4010.1111/%28ISSN%291469-7998.ANNIVERSARY,,
"RA Bonar, JW Beard",Virus of avian myeloblastosis. XII. Chemical constitution,1959,Journal of the National Cancer Institute,academic.oup.com,https://academic.oup.com/jnci/article-abstract/23/1/183/905535,,
"T Oishi, M Yamao, C Kondo, Y Haida…",Multiphotoreceptor and multioscillator system in avian circadian organization,2001,Microscopy research …,Wiley Online Library,https://onlinelibrary.wiley.com/doi/abs/10.1002/jemt.1067,,
"CB Watt, TS Ying-yet, DMK Lam",Interactions between enkephalin and GABA in avian retina,1984,Nature,nature.com,https://www.nature.com/articles/311761a0,,
"T Yoshimura, S Yasuo, M Watanabe, M Iigo…",Light-induced hormone conversion of T4 to T3 regulates photoperiodic response of gonads in birds,2003,Nature,nature.com,https://www.nature.com/articles/nature02117,,
"B Friesen, H Rubin",Some physicochemical and immunological properties of an avian leucosis virus (RIF),1961,Virology,Elsevier,https://www.sciencedirect.com/science/article/pii/0042682261901064,,
"I Solovei, E Gaginskaya, N Hutchison…",Avian sex chromosomes in the lampbrush form: the ZW lampbrush bivalents from six species of bird,1993,Chromosome …,Springer,https://link.springer.com/article/10.1007/BF00710769,,
"Y Wang, Z Kang, Y Gao, L Qin, L Chen, Q Wang…",Development of loop-mediated isothermal amplification for rapid detection of avian leukosis virus subgroup A,2011,Journal of virological …,Elsevier,https://www.sciencedirect.com/science/article/pii/S0166093411000164,,
"R Etches, R Kay, L Zhu",Functional disruption of avian immunoglobulin genes,2003,"US Patent App. 10/104,486",Google Patents,https://patents.google.com/patent/US20030182675A1/en,,
"F Rougeon, B Mach",Stepwise biosynthesis in vitro of globin genes from globin mRNA by DNA polymerase of avian myeloblastosis virus,1976,… of the National Academy of Sciences,National Acad Sciences,https://www.pnas.org/content/73/10/3418.short,,
"A Shirazi, K Iizuka, P Fadden, C Mosse…",Purification and characterization of the mammalian myosin light chain phosphatase holoenzyme. The differential effects of the holoenzyme and its subunits on smooth …,1994,Journal of Biological …,ASBMB,http://www.jbc.org/content/269/50/31598.short,,
MA Vince,Potential stimulation produced by avian embryos,1966,Animal behaviour,Elsevier,https://www.sciencedirect.com/science/article/pii/S0003347266800076,,
"HW Korf, I Vigh-Teichmann",Sensory and central nervous elements in the avian pineal organ,1984,Ophthalmic research,karger.com,https://www.karger.com/Article/Abstract/265301,,
"C Cray, D Villar",Cross‐reactivity of anti‐chicken IgY antibody with immunoglobulins of exotic avian species,2008,Veterinary clinical pathology,Wiley Online Library,https://onlinelibrary.wiley.com/doi/abs/10.1111/j.1939-165X.2008.00055.x,,
"LQ Wu, JD Dickman",Magnetoreception in an avian brain in part mediated by inner ear lagena,2011,Current Biology,Elsevier,https://www.sciencedirect.com/science/article/pii/S096098221100114X,,
"HD Danforth, PC Augustine, MD Ruff…",Genetically engineered antigen confers partial protection against avian coccidial parasites,1989,Poultry …,academic.oup.com,https://academic.oup.com/ps/article-abstract/68/12/1643/1694549,,
"CN Spottiswoode, M Stevens",Visual modeling shows that avian host parents use multiple visual cues in rejecting parasitic eggs,2010,Proceedings of the National …,National Acad Sciences,https://www.pnas.org/content/107/19/8672.short,,
"SW Kang, A Thayananuphat, T Bakken…",Dopamine-melatonin neurons in the avian hypothalamus controlling seasonal reproduction,2007,Neuroscience,Elsevier,https://www.sciencedirect.com/science/article/pii/S0306452207010950,,
JS Takahashi,NEURAL AND ENDOCRINE REGULATION OF AVIAN CIRCADIAN SYSTEMS.,1982,,elibrary.ru,https://elibrary.ru/item.asp?id=7332953,,
"EF Fritsch, HM Temin",Inhibition of viral DNA synthesis in stationary chicken embryo fibroblasts infected with avian retroviruses.,1977,Journal of virology,Am Soc Microbiol,https://jvi.asm.org/content/24/2/461.short,,
JM Balog,Ascites syndrome (pulmonary hypertension syndrome) in broiler chickens: Are we seeing the light at the end of the tunnel?,2003,Avian and poultry biology reviews,ingentaconnect.com,https://www.ingentaconnect.com/contentone/stl/apbr/2003/00000014/00000003/art00001,,
"Y Dauphin, JP Cuif, M Salomé, J Susini…",Microstructure and chemical composition of giant avian eggshells,2006,Analytical and …,Springer,https://link.springer.com/article/10.1007/s00216-006-0784-8,,
KW Kayser,Avian deterrent for glass using projected UV light,2013,"US Patent 8,506,089",Google Patents,https://patents.google.com/patent/US8506089B2/en,,
"B Lüscher, RN Eisenman",New light on Myc and Myb. Part I. Myc.,1990,Genes & development,pdfs.semanticscholar.org,https://pdfs.semanticscholar.org/412c/c71fd639ab2623271c0a3e304d4b6994c947.pdf,,
"W Levinson, H Rubin",Radiation studies of avian tumor viruses and of Newcastle disease virus,1966,Virology,Elsevier,https://www.sciencedirect.com/science/article/pii/0042682266902388,,
WT Keeton,Avian orientation and navigation,1979,Annual review of physiology,annualreviews.org,https://www.annualreviews.org/doi/pdf/10.1146/annurev.ph.41.030179.002033,,
"DF Newgreen, M Scheel, V Kastner",Morphogenesis of sclerotome and neural crest in avian embryos,1986,Cell and tissue research,Springer,https://link.springer.com/article/10.1007/BF00219205,,
"DM Krotoski, C Domingo…",Distribution of a putative cell surface receptor for fibronectin and laminin in the avian embryo.,1986,The Journal of cell …,jcb.rupress.org,http://jcb.rupress.org/content/103/3/1061.abstract,,
"RH Sawyer, TK Borg",Avian scale development. VI. Ultrastructure of the keratinizing cells of reticulate scales,1979,Journal of morphology,Wiley Online Library,https://onlinelibrary.wiley.com/doi/abs/10.1002/jmor.1051610107,,
"R Muheim, JB Phillips, S Åkesson",Polarized light cues underlie compass calibration in migratory songbirds,2006,Science,science.sciencemag.org,http://science.sciencemag.org/content/313/5788/837.short,,
O Güntürkün,The avian 'prefrontal cortex'and cognition,2005,Current opinion in neurobiology,Elsevier,https://www.sciencedirect.com/science/article/pii/S0959438805001534,,
L Rogers,"Behavioral, structural and neurochemical asymmetries in the avian brain: a model system for studying visual development and processing",1996,Neuroscience & Biobehavioral Reviews,Elsevier,https://www.sciencedirect.com/science/article/pii/0149763495000240,,
"RO Hurst, A Kuksis, JF Bendell",The separation of oestrogens from avian droppings,1957,Canadian journal of …,NRC Research Press,https://www.nrcresearchpress.com/doi/abs/10.1139/y57-074,,
"N Le Douarin, J Fontaine, C Le Lievre",New studies on the neural crest origin of the avian ultimobranchial glandular cells—interspecific combinations and cytochemical characterization of C cells based on …,1974,Histochemistry,Springer,https://link.springer.com/article/10.1007/BF00496718,,
"M Nakauchi, I Takayama, H Takahashi…",Development of a reverse transcription loop-mediated isothermal amplification assay for the rapid diagnosis of avian influenza A (H7N9) virus infection,2014,Journal of virological …,Elsevier,https://www.sciencedirect.com/science/article/pii/S0166093414001517,,
"SA Kim, KM Byun, K Kim, SM Jang, K Ma, Y Oh…",Surface-enhanced localized surface plasmon resonance biosensing of avian influenza DNA hybridization using subwavelength metallic nanoarrays,2010,…,iopscience.iop.org,https://iopscience.iop.org/article/10.1088/0957-4484/21/35/355503,,
"JM Wilkinson, RD Taylor",Expression of troponin T in atria and ventricles of avian and mammalian hearts,1986,Journal of molecular and cellular cardiology,Elsevier,https://www.sciencedirect.com/science/article/pii/S0022282886804114,,
G Grant,The Corticoids of the Avian Adrenal Gland',1961,ENDOCRINOLOGY,Elsevier,https://www.sciencedirect.com/science/article/pii/0016648061900120,,
"S Goto, Y Matsukado, S Uemura, Y Mihara…",A comparative immunohistochemical study of calcineurin and S-100 protein in mammalian and avian brains,1988,Experimental brain …,Springer,https://link.springer.com/article/10.1007/BF00247316,,
"JJ Tomasek, JE Mazurkiewicz, SA Newman",Nonuniform distribution of fibronectin during avian limb development,1982,Developmental biology,Elsevier,https://www.sciencedirect.com/science/article/pii/0012160682902172,,
"Y Peng, Z Xie, J Liu, Y Pang, X Deng…",Visual detection of H3 subtype avian influenza viruses by reverse transcription loop-mediated isothermal amplification assay,2011,Virology …,virologyj.biomedcentral.com,https://virologyj.biomedcentral.com/articles/10.1186/1743-422X-8-337,,
"CA Reynaud, V Anquez, A Dahan, JC Weill",A single rearrangement event generates most of the chicken immunoglobulin light chain diversity,1985,Cell,Elsevier,https://www.sciencedirect.com/science/article/pii/0092867485901424,,
"WJ Crozier, E Wolf","… AND MEASUREMENT OF VISUAL MECHANISMS: X. MODIFICATIONS OF THE FLICKER RESPONSE CONTOUR, AND THE SIGNIFICANCE OF THE AVIAN …",1944,The Journal of general physiology,jgp.rupress.org,http://jgp.rupress.org/content/27/4/287.abstract,,
"G Helfer, AE Fidler, D Vallone, NS Foulkes…",Molecular analysis of clock gene expression in the avian brain,2006,Chronobiology …,Taylor & Francis,https://www.tandfonline.com/doi/abs/10.1080/07420520500521871,,
"MD Strickland, WP Erickson, G Johnson…",Risk Reduction Avian Studies at the Foote Creek Rim Wind Plant in Wyoming,2001,… of National Avian-Wind …,osti.gov,https://www.osti.gov/servlets/purl/822422#page=111,,
"B Lupiani, SM Reddy",The history of avian influenza,2009,"Comparative Immunology, Microbiology and …",Elsevier,https://www.sciencedirect.com/science/article/pii/S0147957108000088,,
GF Shields,Comparative avian cytogenetics: a review,1982,The Condor,academic.oup.com,https://academic.oup.com/condor/article-abstract/84/1/45/5204880,,
RH Edmonds,Electron microscopy of erythropoiesis in the avian yolk sac,1966,The Anatomical Record,Wiley Online Library,https://onlinelibrary.wiley.com/doi/abs/10.1002/ar.1091540408,,
"ER Peterson, MR Murray",Myelin sheath formation in cultures of avian spinal ganglia,1955,American Journal of Anatomy,Wiley Online Library,https://onlinelibrary.wiley.com/doi/abs/10.1002/aja.1000960302,,
FA Miles,Centrifugal control of the avian retina. III. Effects of electrical stimulation of the isthmo-optic tract on the receptive field properties of retinal ganglion cells,1972,Brain Research,Elsevier,https://www.sciencedirect.com/science/article/pii/0006899372901734,,
M Stevens,Avian vision and egg colouration: concepts and measurements,2011,Avian Biology Research,ingentaconnect.com,https://www.ingentaconnect.com/contentone/stl/abr/2011/00000004/00000004/art00003,,
"H Eyal-Giladi, M Ginsburg, A Farbarov",Avian primordial germ cells are of epiblastic origin,1981,Development,dev.biologists.org,http://dev.biologists.org/content/65/1/139.short,,
"ME De Stefano, E Mugnaini",Fine structure of the choroidal coat of the avian eye. Lymphatic vessels.,1997,Investigative ophthalmology & …,iovs.arvojournals.org,https://iovs.arvojournals.org/article.aspx?articleid=2161846,,
"WS Tyler, J Pangborn",Laminated membrane surface and osmiophilic inclusions in avian lung epithelium,1964,The Journal of cell biology,jcb.rupress.org,http://jcb.rupress.org/content/20/1/157.abstract,,
"EL Masteller, GT Pharr, PE Funk…",Avian B cell development,1997,International reviews of …,Taylor & Francis,https://www.tandfonline.com/doi/abs/10.3109/08830189709068176,,
JR Mason,Evaluation of d-pulegone as an avian repellent,1990,The Journal of Wildlife Management,JSTOR,https://www.jstor.org/stable/3808912,,
"M Owada, S Ihara, K Toyoshima, Y Kozai, Y Sugino",Ultraviolet inactivation of avian sarcoma viruses: biological and biochemical analysis,1976,Virology,Elsevier,https://www.sciencedirect.com/science/article/pii/0042682276904992,,
"R Llinás, R Hess",Tetrodotoxin-resistant dendritic spikes in avian Purkinje cells,1976,Proceedings of the National Academy of …,National Acad Sciences,https://www.pnas.org/content/73/7/2520.short,,
"S Hafner, MA Goodwin, EJ Smith, DI Bounous…",Multicentric histiocytosis in young chickens. Gross and light microscopic pathology,1996,Avian diseases,JSTOR,https://www.jstor.org/stable/1592390,,
"BF Blackwell, TL DeVault, TW Seamans…",Exploiting avian vision with aircraft lighting to reduce bird strikes,2012,Journal of Applied …,Wiley Online Library,https://onlinelibrary.wiley.com/doi/pdf/10.1111/j.1365-2664.2012.02165.x,,
"CJ Connon, KM Meek, S Kinoshita…",Spatial and temporal alterations in the collagen fibrillar array during the onset of transparency in the avian cornea,2004,Experimental eye …,Elsevier,https://www.sciencedirect.com/science/article/pii/S001448350400034X,,
"W Wiltschko, U Munro, H Ford, R Wiltschko",Red light disrupts magnetic orientation of migratory birds,1993,Nature,nature.com,https://www.nature.com/articles/364525a0,,
"JB Sabine, JM Meyers, SH Schweitzer","A simple, inexpensive video camera setup for the study of avian nest activity",2005,Journal of Field Ornithology,BioOne,https://bioone.org/journals/journal-of-field-ornithology/volume-76/issue-3/0273-8570-76.3.293/A-simple-inexpensive-video-camera-setup-for-the-study-of/10.1648/0273-8570-76.3.293.full,,
"S Bensch, J Péarez‐Tris, J Waldenströum…",Linkage between nuclear and mitochondrial DNA sequences in avian malaria parasites: multiple cases of cryptic speciation?,2004,…,Wiley Online Library,https://onlinelibrary.wiley.com/doi/abs/10.1111/j.0014-3820.2004.tb01742.x,,
"LC Chen, SA Courtneidge…",Immunological phenotype of lymphomas induced by avian leukosis viruses.,1983,Molecular and cellular …,Am Soc Microbiol,https://mcb.asm.org/content/3/6/1077.short,,
"WE Koch, GR Smiley",In-vivo and in-vitro studies of the development of the avian secondary palate,1981,Archives of oral biology,Elsevier,https://www.sciencedirect.com/science/article/pii/000399698190128X,,
"AH Meier, JW Dusseau",Prolactin and the photoperiodic gonadal response in several avian species,1968,Physiological Zoology,journals.uchicago.edu,https://www.journals.uchicago.edu/doi/pdfplus/10.1086/physzool.41.1.30158487,,
"P Carmeliet, V Ferreira, G Breier, S Pollefeyt…",Abnormal blood vessel development and lethality in embryos lacking a single VEGF allele,1996,Nature,nature.com,https://www.nature.com/articles/380435a0,,
"M GIMONA, MP SPARROW…",Calponin and SM 22 isoforms in avian and mammalian smooth muscle: Absence of phosphorylation in vivo,1992,European journal of …,Wiley Online Library,https://onlinelibrary.wiley.com/doi/pdf/10.1111/j.1432-1033.1992.tb16875.x,,
"E Gwinner, B Helm",Circannual and circadian contributions to the timing of avian migration,2003,Avian migration,Springer,https://link.springer.com/chapter/10.1007/978-3-662-05957-9_5,,
"DN Phalen, VG Wilson, DL Graham",Characterization of the avian polyomavirus-associated glomerulopathy of nestling parrots,1996,Avian diseases,JSTOR,https://www.jstor.org/stable/1592383,,
"G Valkiūnas, P Zehtindjiev, O Hellgren, M Ilieva…","Linkage between mitochondrial cytochrome b lineages and morphospecies of two avian malaria parasites, with a description of Plasmodium (Novyella) ashfordi sp …",2007,Parasitology …,Springer,https://link.springer.com/article/10.1007/s00436-006-0409-3,,
"R Wiltschko, W Wiltschko",The magnetite-based receptors in the beak of birds and their role in avian navigation,2013,Journal of Comparative Physiology A,Springer,https://link.springer.com/article/10.1007/s00359-012-0769-3,,
"LN Drury, CW Beard, SR Hopkins",An isolation cabinet system for avian disease research,1969,Avian diseases,JSTOR,https://www.jstor.org/stable/1588509,,
"K Radke, VC Carter, P Moss, P Dehazya…","Membrane association of a 36,000-dalton substrate for tyrosine phosphorylation in chicken embryo fibroblasts transformed by avian sarcoma viruses.",1983,The Journal of cell …,jcb.rupress.org,http://jcb.rupress.org/content/97/5/1601.abstract,,
"PB Antin, CP Ordahl",Isolation and characterization of an avian myogenic cell line,1991,Developmental biology,Elsevier,https://www.sciencedirect.com/science/article/pii/001216069190058B,,
"LN Payne, V Nair",The long view: 40 years of avian leukosis research,2012,Avian Pathology,Taylor & Francis,https://www.tandfonline.com/doi/abs/10.1080/03079457.2011.646237,,
"CE Edmunds, LJ Simpson, JE Sale",PCNA ubiquitination and REV1 define temporally distinct mechanisms for controlling translesion synthesis in the avian cell line DT40,2008,Molecular cell,Elsevier,https://www.sciencedirect.com/science/article/pii/S1097276508003249,,
"TW Campbell, CK Ellis",Avian and exotic animal hematology and cytology,2013,,books.google.com,https://books.google.com/books?hl=en&lr=&id=cCtoOTvFyLYC&oi=fnd&pg=PP8&dq=avian+(light+OR+streetlight+OR+headlight+OR+spotlight+OR+lamp+OR+beacon+OR+beam+OR+ceilometer)&ots=Ltih5gEYg7&sig=Uh_uFM0EFHAYgLvAQ6MyQXCJbfo,,
"MB Toomey, AM Collins…",A complex carotenoid palette tunes avian colour vision,2015,Journal of the …,royalsocietypublishing.org,https://royalsocietypublishing.org/doi/abs/10.1098/rsif.2015.0563,,
K Stromberg,Surface-active agents for isolation of the core component of avian myeloblastosis virus,1972,Journal of virology,Am Soc Microbiol,https://jvi.asm.org/content/9/4/684.short,,
"APA Mockett, JH Darbyshire",Comparative studies with an enzyme‐linked immunosorbent assay (ELISA) for antibodies to avian infectious bronchitis virus,1981,Avian Pathology,Taylor & Francis,https://www.tandfonline.com/doi/abs/10.1080/03079458108418453,,
"O Lind, A Kelber",Avian colour vision: Effects of variation in receptor sensitivity and noise data on model predictions as compared to behavioural results,2009,Vision research,Elsevier,https://www.sciencedirect.com/science/article/pii/S0042698909002260,,
"JL Tilly, KI Kowalski, AL Johnson",Stage of ovarian follicular development associated with the initiation of steroidogenic competence in avian granulosa cells,1991,Biology of reproduction,academic.oup.com,https://academic.oup.com/biolreprod/article-abstract/44/2/305/2762929,,
"X Zhang, M Liao, P Jiao, K Luo, H Zhang…",Development of a loop-mediated isothermal amplification assay for rapid detection of subgroup J avian leukosis virus,2010,Journal of clinical …,Am Soc Microbiol,https://jcm.asm.org/content/48/6/2116.short,,
"K Axmith, JD Morin",Avian light-induced macrophthalmos.,1975,… journal of ophthalmology. Journal canadien d …,ncbi.nlm.nih.gov,https://www.ncbi.nlm.nih.gov/pubmed/1122416,,
"DW Bellott, H Skaletsky, TJ Cho, L Brown, D Locke…",Avian W and mammalian Y chromosomes convergently retained dosage-sensitive regulators,2017,Nature …,nature.com,https://www.nature.com/ng/journal/v49/n3/abs/ng.3778.html,,
"F Hallböök, A Bäckström, K Kullander…",Expression of neurotrophins and trk receptors in the avian retina,1996,Journal of …,Wiley Online Library,https://onlinelibrary.wiley.com/doi/abs/10.1002/(SICI)1096-9861(19960122)364:4%3C664::AID-CNE5%3E3.0.CO;2-1,,
EE Tyzzer,Criteria and methods in the investigation of avian coccidiosis,1932,Science,JSTOR,https://www.jstor.org/stable/1657996,,
"R Varela, J Benavente",Protein coding assignment of avian reovirus strain S1133.,1994,Journal of virology,Am Soc Microbiol,https://jvi.asm.org/content/68/10/6775.short,,
"G Cremer-Bartels, HJ Küchle, W Ludtmann…",Melatonin biosynthesis in avian pineal gland and retina,1981,Melatonin: Current Status …,Elsevier,https://www.sciencedirect.com/science/article/pii/B9780080264004500104,,
"D Dargatz, A Beam, S Wainwright, B McCluskey",Case series of turkey farms from the H5N2 highly pathogenic avian influenza outbreak in the United States during 2015,2016,Avian diseases,aaapjournals.info,http://www.aaapjournals.info/doi/abs/10.1637/11350-121715-Reg,,
"K Takatsuji, M Tohyama, Y Sato…",Selective loss of retinal ganglion cells in albino avian glaucoma.,1988,… & visual science,iovs.arvojournals.org,https://iovs.arvojournals.org/article.aspx?articleid=2160100,,
"KE Kamm, JT Stull",The function of myosin and myosin light chain kinase phosphorylation in smooth muscle,1985,Annual review of pharmacology and …,annualreviews.org,https://www.annualreviews.org/doi/pdf/10.1146/annurev.pa.25.040185.003113,,
NJ Emery,Cognitive ornithology: the evolution of avian intelligence,2005,… Transactions of the Royal Society B …,royalsocietypublishing.org,https://royalsocietypublishing.org/doi/abs/10.1098/rstb.2005.1736,,
LS Honig,Effects of ultraviolet light on the activity of an avian limb positional signalling region,1982,Development,dev.biologists.org,http://dev.biologists.org/content/71/1/223.short,,
FA Miles,Centrifugal control of the avian retina. I. Receptive field properties of retinal ganglion cells,1972,Brain Research,Elsevier,https://www.sciencedirect.com/science/article/pii/0006899372901710,,
"M Wikelski, LB Martin…",Avian circannual clocks: adaptive significance and possible involvement of energy turnover in their proximate control,2007,… of the Royal …,royalsocietypublishing.org,https://royalsocietypublishing.org/doi/abs/10.1098/rstb.2007.2147,,
"TC McQuinn, M Bratoeva, A DeAlmeida…",High‐frequency ultrasonographic imaging of avian cardiovascular development,2007,… dynamics: an official …,Wiley Online Library,https://onlinelibrary.wiley.com/doi/abs/10.1002/dvdy.21357,,
"BD McKay, HL Mays, Y Wu, H Li, I Nishiumi…",An empirical comparison of character‐based and coalescent‐based approaches to species delimitation in a young avian complex,2013,Molecular …,Wiley Online Library,https://nph.onlinelibrary.wiley.com/doi/pdf/10.1111/mec.12446,,
"RKFP Poy, JS Robertson",Electron microscopy of the avian renal glomerulus,1957,The Journal of Cell Biology,jcb.rupress.org,http://jcb.rupress.org/content/3/2/183.abstract,,
"RM Greene, RM Shah, MR Lloyd…",Differentiation of the avian secondary palate,1983,Journal of …,Wiley Online Library,https://onlinelibrary.wiley.com/doi/abs/10.1002/jez.1402250107,,
"ME Krautwald-Junghanns, M Schulz, D Hagner…",Transcoelomic two-dimensional echocardiography in the avian patient,1995,Journal of Avian …,JSTOR,https://www.jstor.org/stable/30130666,,
"ZA Koçer, R Carter, G Wu, J Zhang, RG Webster",The genomic contributions of avian H1N1 influenza A viruses to the evolution of mammalian strains,2015,PloS one,journals.plos.org,https://journals.plos.org/plosone/article?id=10.1371/journal.pone.0133795,,
"NK Whiteman, SJ Goodman, BJ Sinclair, TIM Walsh…","Establishment of the avian disease vector Culex quinquefasciatus Say, 1823 (Diptera: Culicidae) on the Galápagos Islands, Ecuador",2005,Ibis,Wiley Online Library,https://onlinelibrary.wiley.com/doi/abs/10.1111/j.1474-919X.2005.00468.x,,
NA Forbes,Avian anesthesia,1998,Veterinary Quarterly,Taylor & Francis,https://www.tandfonline.com/doi/pdf/10.1080/01652176.1998.10807418,,
"S Kodihalli, DL Kobasa, RG Webster",Strategies for inducing protection against avian influenza A virus subtypes with DNA vaccines,2000,Vaccine,Elsevier,https://www.sciencedirect.com/science/article/pii/S0264410X99004855,,
"HT Miller, RE Feeney",The Physical and Chemical Properties of an Immunologically Cross-Reacting Protein from Avian Egg Whites*,1966,Biochemistry,ACS Publications,https://pubs.acs.org/doi/pdf/10.1021/bi00867a022,,
PJ Weatherhead,Two principal strategies in avian communal roosts,1983,The American Naturalist,journals.uchicago.edu,https://www.journals.uchicago.edu/doi/abs/10.1086/284053,,
FF Darling,Bird flocks and the breeding cycle. A contribution to the study of avian sociality,1938,,era.lib.ed.ac.uk,https://www.era.lib.ed.ac.uk/bitstream/handle/1842/32309/DarlingFF_1938_v1redux.pdf?sequence=1&isAllowed=y,,
"S Lowey, PA Benfield, DD LeBlanc…",Myosin isozymes in avian skeletal muscles. I. Sequential expression of myosin isozymes in developing chicken pectoralis muscles,1983,Journal of Muscle …,Springer,https://link.springer.com/article/10.1007/BF00712161,,
"AM Bartuszevige, DL Gorchov",Avian seed dispersal of an invasive shrub,2006,Biological Invasions,Springer,https://link.springer.com/article/10.1007/s10530-005-3634-2,,
M KARKINEN‐JÄÄSKELÄINEN,Transfilter lens induction in avian embryo,1979,Differentiation,Wiley Online Library,https://onlinelibrary.wiley.com/doi/abs/10.1111/j.1432-0436.1979.tb00987.x,,
DH Cohen,Involvement of the avian amygdalar homologue (archistriatum posterior and mediale) in defensively conditioned heart rate change,1975,Journal of Comparative Neurology,Wiley Online Library,https://onlinelibrary.wiley.com/doi/abs/10.1002/cne.901600103,,
JR Karr,Structure of avian communities in selected Panama and Illinois habitats,1971,Ecological Monographs,Wiley Online Library,https://esajournals.onlinelibrary.wiley.com/doi/abs/10.2307/1942366,,
"RAM Fouchier, PM Schneeberger…",Avian influenza A virus (H7N7) associated with human conjunctivitis and a fatal case of acute respiratory distress syndrome,2004,Proceedings of the …,National Acad Sciences,https://www.pnas.org/content/101/5/1356.short,,
"AG KARLSON, HA ANDERSEN, GM NEEDHAM",Isolation of avian tubercle bacilli in human silicosis,1955,Diseases of the chest,Elsevier,https://www.sciencedirect.com/science/article/pii/S0096021715333227,,
LA Stauber,Factors influencing the asexual periodicity of avian malarias,1939,The Journal of Parasitology,JSTOR,https://www.jstor.org/stable/3272349,,
"SC Miller, BM Bowman, RL Myers",Morphological and ultrastructural aspects of the activation of avian medullary bone osteoclasts by parathyroid hormone,1984,The Anatomical Record,Wiley Online Library,https://onlinelibrary.wiley.com/doi/abs/10.1002/ar.1092080209,,
RR MARQUARDT,A simple spectrophotometric method for the direct determination of uric acid in avian excreta,1983,Poultry Science,academic.oup.com,https://academic.oup.com/ps/article-abstract/62/10/2106/1591405,,
"MR Alley, KA Hale, W Cash, HJ Ha…",Concurrent avian malaria and avipox virus infection in translocated South Island saddlebacks (Philesturnus carunculatus carunculatus),2010,New Zealand Veterinary …,Taylor & Francis,https://www.tandfonline.com/doi/abs/10.1080/00480169.2010.68868,,
"HJ Bauer, G Monreal",Purification method for the avian adeno-associated virus,1985,Journal of virological methods,Elsevier,https://www.sciencedirect.com/science/article/pii/0166093485901272,,
"L Lecoin, G Gabella, N Le Douarin",Origin of the c-kit-positive interstitial cells in the avian bowel,1996,Development,dev.biologists.org,http://dev.biologists.org/content/122/3/725.short,,
"NL Stedman, TP Brown",Cardiomyopathy in broiler chickens congenitally infected with avian leukosis virus subgroup J,2002,Veterinary pathology,journals.sagepub.com,https://journals.sagepub.com/doi/abs/10.1354/vp.39-1-161,,
"S Einheber, DA Fischman",Isolation and characterization of a cDNA clone encoding avian skeletal muscle C-protein: an intracellular member of the immunoglobulin superfamily,1990,Proceedings of the National …,National Acad Sciences,https://www.pnas.org/content/87/6/2157.short,,
"J Antonio, WJ Gonyea",Role of muscle fiber hypertrophy and hyperplasia in intermittently stretched avian muscle,1993,Journal of applied physiology,physiology.org,https://www.physiology.org/doi/abs/10.1152/jappl.1993.74.4.1893,,
"LL Satterwhite, MJ Lohka, KL Wilson…",Phosphorylation of myosin-II regulatory light chain by cyclin-p34cdc2: a mechanism for the timing of cytokinesis.,1992,The Journal of cell …,jcb.rupress.org,http://jcb.rupress.org/content/118/3/595.abstract,,
"JA Airey, CF Beck, K Murakami, SJ Tanksley…",Identification and localization of two triad junctional foot protein isoforms in mature avian fast twitch skeletal muscle.,1990,Journal of Biological …,ASBMB,http://www.jbc.org/content/265/24/14187.short,,
"DJ Valdez, PS Nieto, NS Della Costa…","Circadian control of the pupillary light responses in an avian model of blindness, the GUCY1* chickens",2015,… & visual science,jov.arvojournals.org,https://jov.arvojournals.org/article.aspx?articleid=2212827,,
"J Liu, QG Nian, J Li, Y Hu, XF Li…",Development of reverse-transcription loop-mediated isothermal amplification assay for rapid detection of novel avian influenza A (H7N9) virus,2014,BMC …,bmcmicrobiol.biomedcentral.com,https://bmcmicrobiol.biomedcentral.com/articles/10.1186/s12866-014-0271-x,,
WJ Bock,Kinetics of the avian skull,1964,Journal of Morphology,Wiley Online Library,https://onlinelibrary.wiley.com/doi/abs/10.1002/jmor.1051140102,,
"HJ Zentel, D Nohr, S Müller, N Yanaihara, E Weihe",Differential occurrence and distribution of galanin in adrenal nerve fibres and medullary cells in rodent and avian species,1990,Neuroscience letters,Elsevier,https://www.sciencedirect.com/science/article/pii/0304394090900299,,
"TGG Groothuis, C Carere",Avian personalities: characterization and epigenesis,2005,Neuroscience & Biobehavioral Reviews,Elsevier,https://www.sciencedirect.com/science/article/pii/S0149763404001575,,
T Graf,A plaque assay for avian RNA tumor viruses,1972,Virology,Elsevier,https://www.sciencedirect.com/science/article/pii/0042682272904084,,
"I Oláh, N Nagy, L Vervelde",Structure of the avian lymphoid system,2014,Avian immunology,Elsevier,https://www.sciencedirect.com/science/article/pii/B9780123969651000029,,
"Z Aidala, ME Hauber",Avian egg coloration and visual ecology,2010,Nature Education Knowledge,researchgate.net,https://www.researchgate.net/profile/Zachary_Aidala/publication/279528962_Avian_egg_coloration_and_visual_ecology/links/55953a3a08ae21086d1f41f2/Avian-egg-coloration-and-visual-ecology.pdf,,
"A Reiner, K Yamamoto…",Organization and evolution of the avian forebrain,2005,The Anatomical Record …,Wiley Online Library,https://onlinelibrary.wiley.com/doi/abs/10.1002/ar.a.20253,,
"DA Tinker, M Kung, JT Brosnan…","Avian phosphoenolpyruvate carboxykinase: effect of age, starvation and photoperiod.",1983,The International journal …,europepmc.org,https://europepmc.org/abstract/med/6628825,,
"PF SHEN, LT PATTERSON",A simplified Wright's stain technique for routine avian blood smear staining,1983,Poultry Science,academic.oup.com,https://academic.oup.com/ps/article-abstract/62/5/923/1561241,,
LJ Rogers,Lateralisation in the avian brain,1980,Bird Behavior,ingentaconnect.com,https://www.ingentaconnect.com/content/cog/bb/1980/00000002/00000001/art00001,,
"HG Hiscock, S Worster, DR Kattnig…",The quantum needle of the avian magnetic compass,2016,Proceedings of the …,National Acad Sciences,https://www.pnas.org/content/113/17/4634.short,,
"MO Dayan, T Ozaydın",A comparative morphometrical study of the pecten oculi in different avian species,2013,The Scientific World Journal,hindawi.com,https://www.hindawi.com/journals/tswj/2013/968652/abs/,,
"P Cassey, JG Ewen, NJ Marshall, M Vorobyev…",Are avian eggshell colours effective intraspecific communication signals in the Muscicapoidea? A perceptual modelling approach,2009,Ibis,Wiley Online Library,https://onlinelibrary.wiley.com/doi/abs/10.1111/j.1474-919X.2009.00953.x,,
"DS Dolberg, MJ Bissell",Inability of Rous sarcoma virus to cause sarcomas in the avian embryo,1984,Nature,nature.com,https://www.nature.com/articles/309552a0,,
"PA Rupp, BJ Rongish, A Czirok, CD Little",Culturing of avian embryos for time-lapse imaging,2003,Biotechniques,Future Science,https://www.future-science.com/doi/abs/10.2144/03342st01,,
"I Friedmann, MG Hodges…",Organ culture of the mammalian and avian embryo otocyst,1977,Annals of Otology …,journals.sagepub.com,https://journals.sagepub.com/doi/abs/10.1177/000348947708600315,,
"GJ Dawson, LN Orsi, VJ Yates, PW Chang…",An enzyme-linked immunosorbent assay for detection of antibodies to avian adenovirus and avian adenovirus-associated virus in chickens,1980,Avian diseases,JSTOR,https://www.jstor.org/stable/1589706,,
"E Chargaff, HF Saidel",On the nucleoproteins of avian tubercle bacilli,1949,J. biol. Chem,pdfs.semanticscholar.org,https://pdfs.semanticscholar.org/dc55/9081359f311ae88512d0d0b3aa4af27bc171.pdf,,
"JM Polak, AGE Pearse, C Le Lievre, J Fontaine…",Immunocytochemical confirmation of the neural crest origin of avian calcitonin-producing cells,1974,Histochemistry,Springer,https://link.springer.com/article/10.1007/BF00501955,,
"JJ Kaylor, T Xu, NT Ingram, A Tsan, H Hakobyan…",Blue light regenerates functional visual pigments in mammals through a retinyl-phospholipid intermediate,2017,Nature …,nature.com,https://www.nature.com/articles/s41467-017-00018-4,,
"T Coppack, F Pulido",Photoperiodic response and the adaptability of avian life cycles to environmental change,2004,Advances in Ecological Research,Elsevier,https://www.sciencedirect.com/science/article/pii/S0065250404350075,,
"S Kawai, H Hanafusa",Isolation of defective mutant of avian sarcoma virus,1973,… of the National Academy of Sciences,National Acad Sciences,https://www.pnas.org/content/70/12/3493.short,,
"A Härlid, A Janke, U Arnason",The Complete Mitochondrial Genome of Rhea americana and Early Avian Divergences,1998,Journal of Molecular Evolution,Springer,https://link.springer.com/article/10.1007/PL00006347,,
"DF WERSCHKUL, JA JACKSON",Sibling competition and avian growth rates,1979,Ibis,Wiley Online Library,https://onlinelibrary.wiley.com/doi/abs/10.1111/j.1474-919X.1979.tb05022.x,,
"TD Palmer, J Lewis, A Zijlstra",Quantitative analysis of cancer metastasis using an avian embryo model,2011,JoVE (Journal of Visualized Experiments),jove.com,https://www.jove.com/video/2815/quantitative-analysis-of-cancer-metastasis-using-an-avian-embryo-model,,
"TW Hsu, JM Taylor",Effect of aphidicolin on avian sarcoma virus replication.,1982,Journal of virology,Am Soc Microbiol,https://jvi.asm.org/content/44/2/493.short,,
"DS Packard Jr, S Meier",An experimental study of the somitomeric organization of the avian segmental plate,1983,Developmental biology,Elsevier,https://www.sciencedirect.com/science/article/pii/0012160683900763,,
JL John,The avian spleen: a neglected organ,1994,The Quarterly Review of Biology,journals.uchicago.edu,https://www.journals.uchicago.edu/doi/abs/10.1086/418649,,
"P Clark, W Boardman, S Raidal",Atlas of clinical avian hematology,2009,,books.google.com,https://books.google.com/books?hl=en&lr=&id=NvQi5TRPQNoC&oi=fnd&pg=PR5&dq=avian+(light+OR+streetlight+OR+headlight+OR+spotlight+OR+lamp+OR+beacon+OR+beam+OR+ceilometer)&ots=PGgYR9wrtq&sig=CbNuujS_BIGZKFnwpEXmu9T9DHc,,
J Pasick,Advances in the molecular based techniques for the diagnosis and characterization of avian influenza virus infections,2008,Transboundary and emerging diseases,Wiley Online Library,https://onlinelibrary.wiley.com/doi/abs/10.1111/j.1865-1682.2008.01047.x,,
"JA van Gils, T Piersma, A Dekinga, B Spaans…",Shellfish dredging pushes a flexible avian top predator out of a marine protected area,2006,PLoS …,journals.plos.org,https://journals.plos.org/plosbiology/article?id=10.1371/journal.pbio.0040376,,
"DE Comings, E Mattoccia",DNA of mammalian and avian heterochromatin,1972,Experimental cell research,Elsevier,https://www.sciencedirect.com/science/article/pii/0014482772902704,,
"AH Meier, AC Russo",Circadian organization of the avian annual cycle,1985,Current ornithology,Springer,https://link.springer.com/chapter/10.1007/978-1-4613-2385-3_9,,
M Murakami,Effect of avian predation on survival of leaf‐rolling lepidopterous larvae,1999,Population Ecology,Wiley Online Library,https://esj-journals.onlinelibrary.wiley.com/doi/abs/10.1007/s101440050015,,
"JM Avilés, JR Vikan, F Fossøy…",Avian colour perception predicts behavioural responses to experimental brood parasitism in chaffinches,2010,Journal of …,Wiley Online Library,https://onlinelibrary.wiley.com/doi/abs/10.1111/j.1420-9101.2009.01898.x,,
"RM Cruz, PR Lambert, EW Rubel",Light microscopic evidence of hair cell regeneration after gentamicin toxicity in chick cochlea,1987,Archives of Otolaryngology …,jamanetwork.com,https://jamanetwork.com/journals/jamaotolaryngology/article-abstract/614647,,
"VS Chowdhury, K Yamamoto, T Ubuka…",Melatonin stimulates the release of gonadotropin-inhibitory hormone by the avian hypothalamus,2010,…,academic.oup.com,https://academic.oup.com/endo/article-abstract/151/1/271/2456134,,
"S Reese, G Dalamani, B Kaspers",The avian lung-associated immune system: a review,2006,Veterinary research,vetres.org,https://www.vetres.org/articles/vetres/abs/2006/03/v6021/v6021.html,,
"T Bennett, JLS Cobb",Studies on the avian gizzard: Auerbach's plexus,1969,Zeitschrift für Zellforschung und Mikroskopische …,Springer,https://link.springer.com/article/10.1007/BF00338801,,
"FF Jirjis, SL Noll, DA Halvorson…",Rapid detection of avian pneumovirus in tissue culture by microindirect immunofluorescence test,2002,Journal of …,journals.sagepub.com,https://journals.sagepub.com/doi/abs/10.1177/104063870201400216,,
"LF Liebes, MA Rich, JJ McCormick, I Salmeen…",Reverse transcriptase activity per virion for avian myeloblastosis virus and Rauscher murine leukemia virus.,1976,Journal of …,Am Soc Microbiol,https://jvi.asm.org/content/18/1/42.short,,
"LZ Garamszegi, AP Møller…",Coevolving avian eye size and brain size in relation to prey capture and nocturnality,2002,Proceedings of the …,royalsocietypublishing.org,https://royalsocietypublishing.org/doi/abs/10.1098/rspb.2002.1967,,
"S Bearhop, MA Teece, S Waldron, RW Furness",Influence of lipid and uric acid on δ13C and δ15N values of avian blood: implications for trophic studies,2000,The Auk,academic.oup.com,https://academic.oup.com/auk/article-abstract/117/2/504/5146891,,
"B Walcott, PA Sibony, KT Keyser",Neuropeptides and the innervation of the avian lacrimal gland.,1989,… ophthalmology & visual …,iovs.arvojournals.org,https://iovs.arvojournals.org/article.aspx?articleid=2178454,,
MC Stoddard,Mimicry and masquerade from the avian visual perspective,2012,Current Zoology,academic.oup.com,https://academic.oup.com/cz/article-abstract/58/4/630/1787096,,
"PK Winchester, WJ Gonyea",Regional injury and the terminal differentiation of satellite cells in stretched avian slow tonic muscle,1992,Developmental biology,Elsevier,https://www.sciencedirect.com/science/article/pii/001216069290185J,,
"H Nili, K Asasi",Natural cases and an experimental study of H9N2 avian influenza in commercial broiler chickens of Iran,2002,Avian Pathology,Taylor & Francis,https://www.tandfonline.com/doi/abs/10.1080/03079450220136567,,
"DA Girod, LG Duckert, EW Rubel",Possible precursors of regenerated hair cells in the avian cochlea following acoustic trauma,1989,Hearing research,Elsevier,https://www.sciencedirect.com/science/article/pii/0378595589901433,,
M Pal,"First report of isolation of Cryptococcus neoformans var neoformans from avian exreta in Kathmandu, Nepal",1997,Revista iberoamericana de micologia,pdfs.semanticscholar.org,https://pdfs.semanticscholar.org/f389/18db2bfaf870e29b641e1961341f0c424194.pdf,,
"W Wiltschko, U Munro, H Ford…",Avian orientation: the pulse effect is mediated by the magnetite receptors in the upper beak,2009,Proceedings of the …,royalsocietypublishing.org,https://royalsocietypublishing.org/doi/abs/10.1098/rspb.2009.0050,,
JG Sivak,Avian mechanisms for vision in air and water,1980,Trends in Neurosciences,Elsevier,https://www.sciencedirect.com/science/article/pii/S0166223680801822,,
"J Zhang, W Olson, D Ewert, W Bargmann, HR Bose Jr",The v-rel oncogene of avian reticuloendotheliosis virus transforms immature and mature lymphoid cells of the B cell lineage in vitro,1991,Virology,Elsevier,https://www.sciencedirect.com/science/article/pii/004268229190975H,,
"BS Jortner, WR Adams","Turpentine-induced inflammation in the chicken. A light-and electron-microscope study, with emphasis on the macrophage, epithelioid cell, and multinucleated giant …",1971,Avian diseases,JSTOR,https://www.jstor.org/stable/1588730,,
"CB Watt, YY Su, DM Lam",Opioid pathways in an avian retina. II. Synaptic organization of enkephalin-immunoreactive amacrine cells,1985,Journal of Neuroscience,Soc Neuroscience,http://www.jneurosci.org/content/5/4/857.short,,
FW Turek,The termination of the avian photorefractory period and the subsequent gonadal response,1975,General and comparative endocrinology,Elsevier,https://www.sciencedirect.com/science/article/pii/0016648075901793,,
"LI Larsson, F Sundler, R Håkanson",Pancreatic polypeptide—a postulated new hormone: identification of its cellular storage site by light and electron microscopic immunocytochemistry,1976,Diabetologia,Springer,https://link.springer.com/article/10.1007/BF00422088,,
"V Csernus, R Józsa, D Reglődi, T Hollósy…",The effect of PACAP on rhythmic melatonin release of avian pineals,2004,General and …,Elsevier,https://www.sciencedirect.com/science/article/pii/S0016648003002843,,
"M Norell, L Chiappe",New limb on the avian family tree.,1993,Natural History,elibrary.ru,https://elibrary.ru/item.asp?id=1877359,,
NS Hart,Avian photoreceptors,1998,,core.ac.uk,https://core.ac.uk/download/pdf/33133362.pdf,,
"PK Vogt, RR Friis",An avian leukosis virus related to RSV (O): properties and evidence for helper activity,1971,Virology,Elsevier,https://www.sciencedirect.com/science/article/pii/0042682271902406,,
"AL Miller, H Schraer",Ultrastructural observations of amorphous bone mineral in avian bone,1975,Calcified tissue research,Springer,https://link.springer.com/article/10.1007/BF02546249,,
"GR Lynagh, M Bailey, P Kaiser",Interleukin-6 is produced during both murine and avian Eimeria infections,2000,Veterinary immunology and …,Elsevier,https://www.sciencedirect.com/science/article/pii/S0165242700002038,,
"Z Xie, Y Peng, S Luo, Y Wang, J Liu, Y Pang…",Development of a reverse transcription loop-mediated isothermal amplification assay for visual detection of avian reovirus,2012,Avian …,Taylor & Francis,https://www.tandfonline.com/doi/abs/10.1080/03079457.2012.686104,,
"C Qi, XS Tian, S Chen, JH Yan, Z Cao, KG Tian…",Detection of avian influenza virus subtype H5 using a biosensor based on imaging ellipsometry,2010,Biosensors and …,Elsevier,https://www.sciencedirect.com/science/article/pii/S0956566309005892,,
"Z Fejér, P Röhlich, Á Szél, C Dávid…",Comparative ultrastructure and cytochemistry of the avian pineal organ,2001,Microscopy research …,Wiley Online Library,https://onlinelibrary.wiley.com/doi/abs/10.1002/jemt.1064,,
"A Pinkas, TA Slotkin, Y Brick-Turin…",Neurobehavioral teratogenicity of perfluorinated alkyls in an avian model,2010,Neurotoxicology and …,Elsevier,https://www.sciencedirect.com/science/article/pii/S0892036209001986,,
"DE Minnikin, N Polgar",The mycolic acids from human and avian tubercle bacilli,1967,Chemical Communications (London),pubs.rsc.org,https://pubs.rsc.org/en/content/articlepdf/1967/c1/c19670000916,,
"GD Miller, BV Hofkin, H Snell, A Hahn…",Avian malaria and Marek's disease: potential threats to Galapagos penguins Spheniscus mendiculus,2001,Marine …,marineornithology.org,http://www.marineornithology.org/content/get.cgi?rn=490,,
"Y Nys, J Gautron, JM Garcia-Ruiz, MT Hincke",Avian eggshell mineralization: biochemical and functional characterization of matrix proteins,2004,Comptes Rendus Palevol,Elsevier,https://www.sciencedirect.com/science/article/pii/S1631068304001393,,
"CB Thompson, PE Neiman",Somatic diversification of the chicken immunoglobulin light chain gene is limited to the rearranged variable gene segment,1987,Cell,Elsevier,https://www.sciencedirect.com/science/article/pii/0092867487901887,,
"T Sato, K Wake",Innervation of the avian pineal organ,1983,Cell and tissue research,Springer,https://link.springer.com/article/10.1007/BF00238294,,
"CV Bolshakov, VN Bulyuk, AY Sinelschikova…",Influence of the vertical light beam on numbers and flight trajectories of night-migrating songbirds,2013,Avian Ecol Behav,zin.ru,http://www.zin.ru/journals/AEB/pdf/Bolshakov_2013_24_AEB.pdf,,
AL Romanoff,The avian embryo. Structural and functional development.,1960,The avian embryo. Structural and functional …,cabdirect.org,https://www.cabdirect.org/cabdirect/abstract/19600101721,,
"P Zehtindjiev, A Križanauskienė, S Bensch…",A new morphologically distinct avian malaria parasite that fails detection by established polymerase chain reaction–based protocols for amplification of the …,2012,Journal of …,BioOne,https://bioone.org/journals/Journal-of-Parasitology/volume-98/issue-3/GE-3006.1/A-New-Morphologically-Distinct-Avian-Malaria-Parasite-That-Fails-Detection/10.1645/GE-3006.1.short,,
K Simkiss,Calcium metabolism and avian reproduction,1961,Biological Reviews,Wiley Online Library,https://onlinelibrary.wiley.com/doi/abs/10.1111/j.1469-185X.1961.tb01292.x,,
"DL Ewert, MS Munchus, CL Chen…",Analysis of structural properties and cellular distribution of avian Ia antigen by using monoclonal antibody to monomorphic determinants.,1984,The Journal of …,Am Assoc Immnol,http://www.jimmunol.org/content/132/5/2524.short,,
CR Howlett,The fine structure of the proximal growth plate and metaphysis of the avian tibia: endochondral osteogenesis.,1980,Journal of Anatomy,ncbi.nlm.nih.gov,https://www.ncbi.nlm.nih.gov/pmc/articles/PMC1233199/,,
T Kuwana,Migration of Avian Primordial Germ Cells toward the Gonadal Anlage: (avian/PGC/migration/presumptive gonad/chimera),1993,"Development, growth & differentiation",Wiley Online Library,https://onlinelibrary.wiley.com/doi/abs/10.1111/j.1440-169X.1993.00237.x,,
"R Seifert, M Jacob, HJ Jacob",The avian prechordal head region: a morphological study.,1993,Journal of anatomy,ncbi.nlm.nih.gov,https://www.ncbi.nlm.nih.gov/pmc/articles/PMC1259855/,,
"SI Al‐Muffarej, CE Savage, RC Jones",Egg transmission of avian reoviruses in chickens: Comparison of a trypsin‐sensitive and a trypsin‐resistant strain,1996,Avian Pathology,Taylor & Francis,https://www.tandfonline.com/doi/abs/10.1080/03079459608419156,,
"KT Vierling, LA Vierling, WA Gould…",Lidar: shedding new light on habitat characterization and modeling,2008,Frontiers in Ecology …,Wiley Online Library,https://esajournals.onlinelibrary.wiley.com/doi/abs/10.1890/070001,,
P Berthold,Patterns of avian migration in light of current global'greenhouse'effects: a central European perspective,1991,Acta Congr Int Ornithol,ci.nii.ac.jp,https://ci.nii.ac.jp/naid/10030348927/,,
"V Palinauskas, V Kosarev, A Shapoval, S Bensch…",Comparison of mitochondrial cytochrome b lineages and morphospecies of two avian malaria parasites of the subgenera Haemamoeba and Giovannolaia …,2007,Zootaxa,biotaxa.org,https://www.biotaxa.org/Zootaxa/article/view/zootaxa.1626.1.3,,
"SS Cho, JJ Lucas",Immunocytochemical study with an anti-transferrin binding protein serum: a marker for avian oligodendrocytes,1995,Brain research,Elsevier,https://www.sciencedirect.com/science/article/pii/0006899394013982,,
"CJ Morabito, RW Dettman, J Kattan, JM Collier…",Positive and negative regulation of epicardial–mesenchymal transformation during avian heart development,2001,Developmental …,Elsevier,https://www.sciencedirect.com/science/article/pii/S0012160601902544,,
"MA Chappell, M Zuk, TH Kwan, TS Johnsen",Energy cost of an avian vocal display: crowing in red junglefowl,1995,Animal Behaviour,biology.ucr.edu,http://www.biology.ucr.edu/people/faculty/Chappellpubs/PDFfiles/ABjunglefowl.pdf,,
"JR Henderson, RM Taylor",Propagation of certain arthropod-borne viruses in avian and primate cell cultures,1960,The Journal of Immunology,Am Assoc Immnol,http://www.jimmunol.org/content/84/6/590.short,,
"P Cassey, G Maurer, PG Lovell…",Conspicuous eggs and colourful hypotheses: testing the role of multiple influences on avian eggshell appearance,2011,Avian Biology …,ingentaconnect.com,https://www.ingentaconnect.com/contentone/stl/abr/2011/00000004/00000004/art00004,,
"C Dulac, P Cameron-Curry, C Ziller, NM Le Douarin",A surface protein expressed by avian myelinating and nonmyelinating Schwann cells but not by satellite or enteric glial cells,1988,Neuron,Elsevier,https://www.sciencedirect.com/science/article/pii/0896627388901419,,
"J HOU, K LUO, H FAN, P JIAO, W QI…",Establishment of rapid reverse transcriptase loop-mediated isothermal amplification for detection of H5 subtype avian influenza virus [J],2008,Chinese Veterinary …,en.cnki.com.cn,http://en.cnki.com.cn/Article_en/CJFDTotal-ZGSY200812012.htm,,
"JP Collin, A Calas, MT Juillard",The avian pineal organ. Distribution of exogenous indoleamines: a qualitative study of the rudimentary photoreceptor cells by electron microscopic radioautography,1976,Experimental brain research,Springer,https://link.springer.com/article/10.1007/BF00237323,,
"I Westerhof, JA Mol, WE Van den Brom, JT Lumeij…","Diurnal rhythms of plasma corticosterone concentrations in racing pigeons (Columba livia domestica) exposed to different light regimens, and the influence of frequent …",1994,Avian diseases,JSTOR,https://www.jstor.org/stable/1592062,,
"YA Kram, S Mantey, JC Corbo","Avian cone photoreceptors tile the retina as five independent, self-organizing mosaics",2010,PloS one,journals.plos.org,https://journals.plos.org/plosone/article?id=10.1371/journal.pone.0008992,,
MH Maxwell,The avian eosinophil—a review,1987,World's Poultry Science Journal,cambridge.org,https://www.cambridge.org/core/journals/world-s-poultry-science-journal/article/avian-eosinophila-review/22844752B4B0A2203C8875EBEF37FF8E,,
"BC Heinze, JR Gamboa, K Kim, JY Song…",Microfluidic immunosensor with integrated liquid core waveguides for sensitive Mie scattering detection of avian influenza antigens in a real biological matrix,2010,Analytical and …,Springer,https://link.springer.com/article/10.1007/s00216-010-4201-y,,
S Mikami,Immunocytochemistry of the avian hypothalamus and adenohypophysis,1986,International review of cytology,Elsevier,https://www.sciencedirect.com/science/article/pii/S0074769608608360,,
"HJ Adler, M Komeda, Y Raphael",Further evidence for supporting cell conversion in the damaged avian basilar papilla,1997,International journal of developmental …,Elsevier,https://www.sciencedirect.com/science/article/pii/S0736574896000986,,
"MB Heaton, MS Harth",Developing visual function in the pigeon embryo with comparative reference to other avian species.,1974,Journal of comparative and physiological …,psycnet.apa.org,https://psycnet.apa.org/record/1974-24508-001,,
SF Jackson,The morphogenesis of avian tendon,1956,Proceedings of the Royal Society of …,royalsocietypublishing.org,https://royalsocietypublishing.org/doi/abs/10.1098/rspb.1956.0011,,
JKA Cook,Pathogenicity of avian adenoviruses for day-old chicks,1974,Journal of Comparative Pathology,Elsevier,https://www.sciencedirect.com/science/article/pii/0021997574900437,,
"CJ WALSH, IW SHERMAN","Purine and pyrimidine synthesis by the avian malaria parasite, Plasmodium lophurae",1968,The Journal of protozoology,Wiley Online Library,https://onlinelibrary.wiley.com/doi/abs/10.1111/j.1550-7408.1968.tb02209.x,,
T Ookawa,Avian wakefulness and sleep on the basis of recent electroencephalographic observations,1972,Poultry science,academic.oup.com,https://academic.oup.com/ps/article-abstract/51/5/1565/1508679,,
"A Alvarez-Buylla, M Theelen, F Nottebohm",Proliferation “hot spots” in adult avian ventricular zone reveal radial cell division,1990,Neuron,Elsevier,https://www.sciencedirect.com/science/article/pii/089662739090038H,,
"SJ Dinsmore, GC White, FL Knopf",Advanced techniques for modeling avian nest survival,2002,Ecology,Wiley Online Library,https://esajournals.onlinelibrary.wiley.com/doi/abs/10.1890/0012-9658(2002)083%5B3476:ATFMAN%5D2.0.CO;2,,
"CH Lin, CH Hung, CY Hsiao, HC Lin, FH Ko…",Poly-silicon nanowire field-effect transistor for ultrasensitive and label-free detection of pathogenic avian influenza DNA,2009,biosensors and …,Elsevier,https://www.sciencedirect.com/science/article/pii/S0956566309001547,,
"S Rani, V Kumar",Avian circannual systems: persistence and sex differences,2013,General and comparative endocrinology,Elsevier,https://www.sciencedirect.com/science/article/pii/S0016648013001895,,
GDV Van Rossum,Observations on the fluorescence emitted by slices of rat liver and avian salt gland,1964,Biochimica et Biophysica Acta (BBA)-Specialized …,Elsevier,https://www.sciencedirect.com/science/article/pii/0926657764900944,,
"SP Hunt, PC Emson, R Gilbert, M Goldstein…",Presence of avian pancreatic polypeptide-like immunoreactivity in catecholamine and methionine-enkephalin-containing neurones within the central nervous system,1981,Neuroscience …,Elsevier,https://www.sciencedirect.com/science/article/pii/0304394081903694,,
"N Michael, MA Accavitti, E Masteller…",The antigen-binding characteristics of mAbs derived from in vivo priming of avian B cells,1998,Proceedings of the …,National Acad Sciences,https://www.pnas.org/content/95/3/1166.short,,
"JI Rushbrook, AI Yuan, A Stracher",Abnormal myosin heavy chain variant associated with avian muscular dystrophy,1981,Cell motility,Wiley Online Library,https://onlinelibrary.wiley.com/doi/abs/10.1002/cm.970010402,,
"MC Johnston, DM Noden, RD Hazelton…",Origins of avian ocular and periocular tissues,1979,Experimental eye …,Elsevier,https://www.sciencedirect.com/science/article/pii/0014483579901647,,
"I Capua, S Marangon",Control of avian influenza in poultry,2006,Emerging Infectious Diseases,ncbi.nlm.nih.gov,https://www.ncbi.nlm.nih.gov/pmc/articles/PMC3294755/,,
"N Brecha, HJ Karten…",Enkephalin-containing amacrine cells in the avian retina: immunohistochemical localization,1979,Proceedings of the …,National Acad Sciences,https://www.pnas.org/content/76/6/3010.short,,
"MF Gardahaut, J Fontaine-Perus, T Rouaud…",Developmental modulation of myosin expression by thyroid hormone in avian skeletal muscle,1992,…,dev.biologists.org,http://dev.biologists.org/content/115/4/1121.short,,
L ALIBARDI,Keratinization in crocodilian scales and avian epidermis: evolutionary implications for the origin of avian apteric epidermis,2005,Belgian journal of zoology,Société royale zoologique de …,,,
"D Chaudhuri, GJ Wishart",Predicting the fertilising ability of avian semen: the development of an objective colourimetric method for assessing the metabolic activity of fowl spermatozoa,1988,British poultry science,Taylor & Francis,https://www.tandfonline.com/doi/pdf/10.1080/00071668808417112,,
"J Ouwehand, MP Ahola, A Ausems…",Light‐level geolocators reveal migratory connectivity in European populations of pied flycatchers Ficedula hypoleuca,2016,Journal of Avian …,Wiley Online Library,https://onlinelibrary.wiley.com/doi/abs/10.1111/jav.00721,,
APA Mockett,Monoclonal antibodies used to isolate IgM from chicken bile and avian sera and to detect specific IgM in chicken sera,1986,Avian Pathology,Taylor & Francis,https://www.tandfonline.com/doi/abs/10.1080/03079458608436297,,
MR Bakst,Structure of the avian oviduct with emphasis on sperm storage in poultry,1998,Journal of Experimental Zoology Part A: Ecological …,Wiley Online Library,https://onlinelibrary.wiley.com/doi/pdf/10.1002/(SICI)1097-010X(199811/12)282:4/5%3C618::AID-JEZ11%3E3.0.CO;2-M,,
"…, J Wang, Avian Genome Consortium",Comparative genomics reveals insights into avian genome evolution and adaptation,2014,…,science.sciencemag.org,http://science.sciencemag.org/content/346/6215/1311.short,,
DH Cohen,"The hyperstriatal region of the avian forebrain: A lesion study of possible functions, including its role in cardiac and respiratory conditioning",1967,Journal of Comparative Neurology,Wiley Online Library,https://onlinelibrary.wiley.com/doi/abs/10.1002/cne.901310411,,
"P Weisleder, EW Rubel",Hair cell regeneration in the avian vestibular epithelium,1992,Experimental neurology,Elsevier,https://www.sciencedirect.com/science/article/pii/0014488692902118,,
EG Alexander,Developmental morphology of human and avian tubercle bacilli on Bordet-Gengou medium,1934,Proceedings of the Society for Experimental …,journals.sagepub.com,https://journals.sagepub.com/doi/pdf/10.3181/00379727-31-7455P,,
"HE Varmus, PR Shank",Unintegrated viral DNA is synthesized in the cytoplasm of avian sarcoma virus-transformed duck cells by viral DNA polymerase.,1976,Journal of virology,Am Soc Microbiol,https://jvi.asm.org/content/18/2/567.short,,
"B Leclerc, SW Kang, LJ Mauro…",Photoperiodic modulation of clock gene expression in the avian premammillary nucleus,2010,Journal of …,Wiley Online Library,https://onlinelibrary.wiley.com/doi/abs/10.1111/j.1365-2826.2009.01942.x,,
RC Beason,Through a Bird's Eye–Exploring Avian Sensory Perception,2003,,digitalcommons.unl.edu,https://digitalcommons.unl.edu/birdstrike2003/8/,,
"SR Vincent, O Johansson, T Hökfelt…",NADPH‐diaphorase: A selective histochemical marker for striatal neurons containing both somatostatin‐and avian pancreatic polypeptide (APP)‐like …,1983,Journal of …,Wiley Online Library,https://onlinelibrary.wiley.com/doi/abs/10.1002/cne.902170303,,
"O Efimova, PJ Hore",Role of exchange and dipolar interactions in the radical pair model of the avian magnetic compass,2008,Biophysical Journal,Elsevier,https://www.sciencedirect.com/science/article/pii/S0006349508705952,,
"M Hatori, KJ Klatte, CC Teixeira…",End labeling studies of fragmented DNA in the avian growth plate: evidence of apoptosis in terminally differentiated chondrocytes,1995,Journal of Bone and …,Wiley Online Library,https://onlinelibrary.wiley.com/doi/abs/10.1002/jbmr.5650101216,,
"BF Blackwell, E Fernandez-Juricic, TW Seamans…",Avian visual system configuration and behavioural response to object approach,2009,Animal Behaviour,Elsevier,https://www.sciencedirect.com/science/article/pii/S0003347208005629,,
"RC Beason, JS Humphrey, NE Myers…",Synchronous monitoring of vulture movements with satellite telemetry and avian radar,2010,Journal of …,Wiley Online Library,https://onlinelibrary.wiley.com/doi/pdf/10.1111/j.1469-7998.2010.00723.x,,
"JN Bandyopadhyay, T Paterek, D Kaszlikowski",Quantum coherence and sensitivity of avian magnetoreception,2012,Physical review letters,APS,https://journals.aps.org/prl/abstract/10.1103/PhysRevLett.109.110502,,
"GK Menon, SK Aggarwal, AM Lucas",Evidence for the holocrine nature of lipoid secretion by avian epidermal cells: a histochemical and fine structural study of rictus and the uropygial gland,1981,Journal of Morphology,Wiley Online Library,https://onlinelibrary.wiley.com/doi/abs/10.1002/jmor.1051670204,,
"H Cadiou, PA McNaughton",Avian magnetite-based magnetoreception: a physiologist's perspective,2010,Journal of the Royal …,royalsocietypublishing.org,https://royalsocietypublishing.org/doi/abs/10.1098/rsif.2009.0423.focus,,
"PC Burger, DD Bigner, DJ Self",Morphologic observations of brain tumors in PD4 hamsters induced by four strains of avian sarcoma virus,1973,Acta neuropathologica,Springer,http://www.springerlink.com/index/J197108G05U32041.pdf,,
"MF Willson, EA Porter, RS Condit",Avian frugivore activity in relation to forest light gaps,1982,Caribbean Journal of Science,,,,
"IYR Adamson, DH Bowden",The intracellular site of surfactant synthesis: autoradiographic studies on murine and avian lung explants,1973,Experimental and molecular pathology,Elsevier,https://www.sciencedirect.com/science/article/pii/0014480073900117,,
"RG Board, VD Scott",Porosity of the avian eggshell,1980,American Zoologist,academic.oup.com,https://academic.oup.com/icb/article-abstract/20/2/339/2136976,,
"CO Leskanich, RC Noble",Manipulation of the n-3 polyunsaturated fatty acid composition of avian eggs and meat,1997,World's Poultry Science Journal,cambridge.org,https://www.cambridge.org/core/journals/world-s-poultry-science-journal/article/manipulation-of-the-n3-polyunsaturated-fatty-acid-composition-of-avian-eggs-and-meat/45CBD7A46CCAEB5BB0D064073B39082F,,
"M Takeda, K Tsukamoto, T Kohda, M Matsui…",Characterization of the neurotoxin produced by isolates associated with avian botulism,2005,Avian …,aaapjournals.info,http://www.aaapjournals.info/doi/abs/10.1637/7347-022305R1.1,,
"N Seddon, JA Tobias, M Eaton, A Ödeen",Human vision can provide a valid proxy for avian perception of sexual dichromatism,2010,The Auk,academic.oup.com,https://academic.oup.com/auk/article-abstract/127/2/283/5148355,,
"PH Duesberg, PK Vogt",RNA species obtained from clonal lines of avian sarcoma and from avian leukosis virus,1973,Virology,Elsevier,https://www.sciencedirect.com/science/article/pii/004268227390130X,,
"GW Wood, DH Thornton",Experimental infection of broiler chickens with an avian reovirus,1981,Journal of comparative pathology,Elsevier,https://www.sciencedirect.com/science/article/pii/0021997581900463,,
"A Caron, C Abolnik, J Mundava, N Gaidet, CE Burger…",Persistence of low pathogenic avian influenza virus in waterfowl in a Southern African ecosystem,2011,EcoHealth,Springer,https://link.springer.com/article/10.1007/s10393-010-0356-4,,
"JP Iltis, SB Daniels, DS Wyand",Demonstration of an avian adenovirus as the causative agent of marble spleen disease.,1977,American journal of veterinary …,europepmc.org,https://europepmc.org/abstract/med/189649,,
PL Long,The growth of some species of Eimeria in avian embryos,1966,Parasitology,cambridge.org,https://www.cambridge.org/core/journals/parasitology/article/growth-of-some-species-of-eimeria-in-avian-embryos/D0602F4117D88AC514B9BEB50AF993DB,,
"MA Jones, KL Marston, CA Woodall…",Adaptation of Campylobacter jejuni NCTC11168 to high-level colonization of the avian gastrointestinal tract,2004,Infection and …,Am Soc Microbiol,https://iai.asm.org/content/72/7/3769.short,,
"SA Kim, SJ Kim, SH Lee, TH Park…",Detection of avian influenza-DNA hybridization using wavelength-scanning surface plasmon resonance biosensor,2009,Journal of the Optical …,osapublishing.org,https://www.osapublishing.org/abstract.cfm?uri=josk-13-3-392,,
"TK Graczyk, MR Cranfield, R Fayer…",Viability and infectivity of Cryptosporidium parvum oocysts are retained upon intestinal passage through a refractory avian host.,1996,Appl. Environ …,Am Soc Microbiol,https://aem.asm.org/content/62/9/3234.short,,
"L Ahtee, DF SHARMAN, M Vogt",Acid metabolites of monoamines in avian brain; effects of probenecid and reserpine,1970,British journal of …,Wiley Online Library,https://onlinelibrary.wiley.com/doi/pdf/10.1111/j.1476-5381.1970.tb10337.x,,
"E Mäntylä, GA Alessio, JD Blande, J Heijari…",From plants to birds: higher avian predation rates in trees responding to insect herbivory,2008,PLoS …,journals.plos.org,https://journals.plos.org/plosone/article/file?id=10.1371/journal.pone.0002832&type=printable,,
"JL Hayward, KF Hirsch, TC Robertson",Rapid dissolution of avian eggshells buried by Mount St. Helens ash,1991,Palaios,JSTOR,https://www.jstor.org/stable/3514881,,
"B Knott, ML Berg, ER Morgan…",Avian retinal oil droplets: dietary manipulation of colour vision?,2009,… of the Royal …,royalsocietypublishing.org,https://royalsocietypublishing.org/doi/abs/10.1098/rspb.2009.1805,,
"DC Deeming, SJ Reynolds","Nests, eggs, and incubation: new ideas about avian reproduction",2015,,books.google.com,https://books.google.com/books?hl=en&lr=&id=2Ip2CgAAQBAJ&oi=fnd&pg=PP1&dq=avian+(light+OR+streetlight+OR+headlight+OR+spotlight+OR+lamp+OR+beacon+OR+beam+OR+ceilometer)&ots=sMQFGYyM7v&sig=sAp05VaaKl2fL6FJ8xzfBLzuWuU,,
"MA Goodwin, KS Latimer, RS Resurreccion, PG Miller…",DNA in situ hybridization for the rapid diagnosis of massive necrotizing avian adenovirus hepatitis and pancreatitis in chicks,1996,Avian diseases,JSTOR,https://www.jstor.org/stable/1592305,,
"T Bennett, JLS Cobb",Studies on the avian gizzard: morphology and innervation of the smooth muscle,1969,Zeitschrift für Zellforschung und mikroskopische …,Springer,https://link.springer.com/article/10.1007/BF00338765,,
RB Rimler,Studies of the pathogenic avian haemophili,1979,Avian diseases,JSTOR,https://www.jstor.org/stable/1589617,,
"R May, O Reitan, K Bevanger, SH Lorentsen…","Mitigating wind-turbine induced avian mortality: sensory, aerodynamic and cognitive constraints and options",2015,… and Sustainable Energy …,Elsevier,https://www.sciencedirect.com/science/article/pii/S1364032114008193,,
"FA Richard, RNM Sehgal, HI Jones, TB Smith",A comparative analysis of PCR-based detection methods for avian malaria,2002,The Journal of parasitology,JSTOR,https://www.jstor.org/stable/3285374,,
"AR Jenkins, JJ Smallie, M Diamond",Avian collisions with power lines: a global review of causes and mitigation with a South African perspective,2010,Bird Conservation International,cambridge.org,https://www.cambridge.org/core/journals/bird-conservation-international/article/avian-collisions-with-power-lines-a-global-review-of-causes-and-mitigation-with-a-south-african-perspective/8C0875430F0C4376693820CA3A90369C,,
"A Ödeen, O Håstad",Complex distribution of avian color vision systems revealed by sequencing the SWS1 opsin from total DNA,2003,Molecular biology and evolution,academic.oup.com,https://academic.oup.com/mbe/article-abstract/20/6/855/982805,,
"RL Triplett, S Meier",Morphological analysis of the development of the primary organizer in avian embryos,1982,Journal of Experimental Zoology,Wiley Online Library,https://onlinelibrary.wiley.com/doi/abs/10.1002/jez.1402200208,,
"PJ Reiser, BT Stokes, JA Rall",Isometric contractile properties and velocity of shortening during avian myogenesis,1982,American Journal of Physiology-Cell …,physiology.org,https://www.physiology.org/doi/abs/10.1152/ajpcell.1982.243.3.c177,,
"LW Taylor, DC Lowry, LG Raggi",Effects of an outbreak of avian encephalomyelitis (epidemic tremor) in a breeding flock,1955,Poultry Science,academic.oup.com,https://academic.oup.com/ps/article-abstract/34/5/1036/1508195,,
D Klem,"Avian mortality at windows: the second largest human source of bird mortality on Earth. Tundra to tropics: connecting birds, habitats and people [FULL TEXT]",2008,,sal.muhlenberg.edu,http://sal.muhlenberg.edu:8080/librarydspace/handle/10718/2242,,
"RE Sacco, DW Trampel…","Experimental infection of C3H mice with avian, porcine, or human isolates of Serpulina pilosicoli.",1997,Infection and …,Am Soc Microbiol,https://iai.asm.org/content/65/12/5349.short,,
"P Cassey, ME Hauber, G Maurer…",Sources of variation in reflectance spectrophotometric data: a quantitative analysis using avian eggshell colours,2012,Methods in Ecology and …,Wiley Online Library,https://onlinelibrary.wiley.com/doi/pdf/10.1111/j.2041-210X.2011.00152.x,,
LM Chiappe,The first 85 million years of avian evolution,1995,Nature,nature.com,https://www.nature.com/articles/378349a0,,
"BK Knapp, CM Parsons, KS Swanson…",Physiological responses to novel carbohydrates as assessed using canine and avian models,2008,Journal of agricultural …,ACS Publications,https://pubs.acs.org/doi/abs/10.1021/jf801042b,,
RS DEMAREE JR…,Avian Trypanosome Division; A Light and Electron Microscope Study 1,1971,The Journal of …,Wiley Online Library,https://onlinelibrary.wiley.com/doi/abs/10.1111/j.1550-7408.1971.tb03340.x,,
"JB Miller, FE Stockdale",Developmental regulation of the multiple myogenic cell lineages of the avian embryo.,1986,The Journal of cell biology,jcb.rupress.org,http://jcb.rupress.org/content/103/6/2197.abstract,,
"KLA Marshall, KE Philpot, M Stevens",Microhabitat choice in island lizards enhances camouflage against avian predators,2016,Scientific Reports,nature.com,https://www.nature.com/articles/srep19815,,
"WJ Crossland, CP Hughes",Observations on the afferent and efferent connections of the avian isthmo-optic nucleus,1978,Brain research,Elsevier,https://www.sciencedirect.com/science/article/pii/0006899378908600,,
"C Norman, E Goldberg, ID Porterfield",The effect of visible radiation on the functional life-span of mammalian and avian spermatozoa,1962,Experimental cell research,Elsevier,https://www.sciencedirect.com/science/article/pii/0014482762903130,,
"TJ Johnson, S Kariyawasam…",The genome sequence of avian pathogenic Escherichia coli strain O1: K1: H7 shares strong similarities with human extraintestinal pathogenic E. coli genomes,2007,Journal of …,Am Soc Microbiol,https://jb.asm.org/content/189/8/3228.short,,
"ME Visser, LJM Holleman…",Temperature has a causal effect on avian timing of reproduction,2009,Proceedings of the …,royalsocietypublishing.org,https://royalsocietypublishing.org/doi/abs/10.1098/rspb.2009.0213,,
"AB Novikoff, D Beard, JW Beard",Electron microscopic study of the ATPase activity of the BAI strain A (myeloblastosis) avian tumor virus,1962,The Journal of cell biology,jcb.rupress.org,http://jcb.rupress.org/content/15/3/451.abstract,,
"V Fraifeld, R Blaicher-Kulick, AA Degen, J Kaplanski",Is hypothalamic prostaglandin E2 involved in avian fever?,1995,Life sciences,Elsevier,https://www.sciencedirect.com/science/article/pii/0024320595000860,,
"JT Hughes, D Jerrome, HA Krebs",Ultrastructure of the avian retina an anatomical study of the retina of the domestic pigeon (Columba liva) with particular reference to the distribution of mitochondria,1972,Experimental eye research,Elsevier,https://www.sciencedirect.com/science/article/pii/0014483572900024,,
SI Rothstein,An experimental and teleonomic investigation of avian brood parasitism,1975,The Condor,JSTOR,https://www.jstor.org/stable/1366221,,
"Y Gelb, N Delacretaz",Avian window strike mortality at an urban office building,2006,The Kingbird,nybirds.org,https://nybirds.org/KBsearch/y2006v56n3/y2006v56n3p190-198gelb.pdf,,
"RL Reece, K Howes, JA Frazier",Experimental factors affecting mortality following inoculation of chickens with avian nephritis virus (G-4260),1992,Avian diseases,JSTOR,https://www.jstor.org/stable/1591756,,
KE Harr,Clinical chemistry of companion avian species: a review,2002,Veterinary clinical pathology,Wiley Online Library,https://onlinelibrary.wiley.com/doi/abs/10.1111/j.1939-165X.2002.tb00295.x,,
"K Hirose, LE Westrum, JS Stone…",Dynamic studies of ototoxicity in mature avian auditory epithelium,1999,Annals of the New …,Wiley Online Library,https://onlinelibrary.wiley.com/doi/pdf/10.1111/j.1749-6632.1999.tb08657.x,,
"DR Kattnig, EW Evans, V Déjean, CA Dodson…",Chemical amplification of magnetic field effects relevant to avian magnetoreception,2016,Nature …,nature.com,https://www.nature.com/nchem/journal/v8/n4/abs/nchem.2447.html,,
"K Delhey, A Peters",Quantifying variability of avian colours: are signalling traits more variable?,2008,PLoS One,journals.plos.org,https://journals.plos.org/plosone/article?id=10.1371/journal.pone.0001689,,
"G Horváth, I Pomozi",How celestial polarization changes due to reflection from the deflector panels used in deflector loft and mirror experiments studying avian orientation,1997,Journal of theoretical biology,Elsevier,https://www.sciencedirect.com/science/article/pii/S0022519396902453,,
"W Chantratita, C Sukasem, S Kaewpongsri…",Qualitative detection of avian influenza A (H5N1) viruses: A comparative evaluation of four real-time nucleic acid amplification methods,2008,Molecular and cellular …,Elsevier,https://www.sciencedirect.com/science/article/pii/S0890850808000509,,
"JAH Koop, SK Huber, DH Clayton",Does sunlight enhance the effectiveness of avian preening for ectoparasite control?,2012,The Journal of parasitology,ncbi.nlm.nih.gov,https://www.ncbi.nlm.nih.gov/pmc/articles/PMC3771632/,,
LW OLIPHANT,Pteridines and purines as major pigments of the avian iris,1987,Pigment Cell Research,Wiley Online Library,https://onlinelibrary.wiley.com/doi/abs/10.1111/j.1600-0749.1987.tb00401.x,,
"I Mikšík, V Holáň, Z Deyl",Avian eggshell pigments and their variability,1996,Comparative Biochemistry and Physiology Part B …,Elsevier,https://www.sciencedirect.com/science/article/pii/030504919502073X,,
"P De Benedictis, MS Beato…",Inactivation of avian influenza viruses by chemical agents and physical conditions: a review,2007,Zoonoses and public …,Wiley Online Library,https://onlinelibrary.wiley.com/doi/abs/10.1111/j.1863-2378.2007.01029.x,,
SE Bloom,Current knowledge about the avian W chromosome,1974,BioScience,academic.oup.com,https://academic.oup.com/bioscience/article-abstract/24/6/340/229737,,
"CP Woods, RM Brigham",The avian enigma:''hibernation''by common poorwills (Phalaenoptilus nuttallii),2004,"Life in the cold: evolution, mechanisms …",uregina.ca,https://www.uregina.ca/science/biology/people/faculty-research/brigham-mark/files/Woods_and_Brigham_2004_LITC.pdf,,
"S Kobayashi, T Fujita",Fine structure of mammalian and avian pancreatic islets with special reference to D cells and nervous elements,1969,Zeitschrift für Zellforschung und mikroskopische …,Springer,https://link.springer.com/article/10.1007/BF00571491,,
"JK Lauber, JE Boyd, TAS Boyd",Sympathetic denervation effects on avian eye development and aqueous fluid dynamics,1972,Proceedings of the Society …,journals.sagepub.com,https://journals.sagepub.com/doi/pdf/10.3181/00379727-140-36457,,
"MD Kendall, JA Frazier",Ultrastructural studies on erythropoiesis in the avian thymus,1979,Cell and tissue research,Springer,https://link.springer.com/article/10.1007/BF00237726,,
"PE Super, C Riper III",A comparison of avian hematozoan epizootiology in two California coastal scrub communities,1995,Journal of Wildlife Diseases,Wildlife Dis Assoc,http://www.jwildlifedis.org/doi/abs/10.7589/0090-3558-31.4.447,,
"HI Fisher, DC Goodman",An apparatus for measuring kinetics in avian skulls,1955,The Wilson Bulletin,JSTOR,https://www.jstor.org/stable/4158364,,
"M Bronner-Fraser, S Fraser",Developmental potential of avian trunk neural crest cells in situ,1989,Neuron,Elsevier,https://www.sciencedirect.com/science/article/pii/0896627389902444,,
WK Ovalle,Fine structure of the avian muscle spindle capsule,1976,Cell and tissue research,Springer,https://link.springer.com/article/10.1007/BF00220126,,
"Y Song, SF Pang",lodomelatonin-Binding Sites in the Chicken Kidney: Characterization and Comparison to Other Avian Species,1992,Neurosignals,karger.com,https://www.karger.com/Article/Abstract/109336,,
"DG Gregory, SL Vanhooser, EL Stair",Light and electron microscopic lesions in peripheral nerves of broiler chickens due to roxarsone and lasalocid toxicoses,1995,Avian diseases,JSTOR,https://www.jstor.org/stable/1591886,,
"K Yan, SR Wang",Visual responses of neurons in the avian nucleus isthmi,1986,Neuroscience letters,Elsevier,https://www.sciencedirect.com/science/article/pii/0304394086903526,,
G Nicolet,Avian gastrulation,1971,Advances in morphogenesis,Elsevier,https://www.sciencedirect.com/science/article/pii/B9780120286096500108,,
"JH Fischer, U Munro, JB Phillips",Magnetic navigation by an avian migrant?,2003,Avian migration,Springer,https://link.springer.com/chapter/10.1007/978-3-662-05957-9_30,,
"CL Kaiser, AJ Kamien, PA Shah…",5‐Ethynyl‐2′‐deoxyuridine labeling detects proliferating cells in the regenerating avian cochlea,2009,The …,Wiley Online Library,https://onlinelibrary.wiley.com/doi/abs/10.1002/lary.20557,,
"H Bao, Y Zhao, Y Wang, X Xu, J Shi, X Zeng…",Development of a reverse transcription loop-mediated isothermal amplification method for the rapid detection of subtype H7N9 avian influenza virus,2014,BioMed research …,hindawi.com,https://www.hindawi.com/journals/bmri/2014/525064/abs/,,
"NM Le Douarin, MA Teillet, C Ziller…",Adrenergic differentiation of cells of the cholinergic ciliary and Remak ganglia in avian embryo after in vivo transplantation,1978,Proceedings of the …,National Acad Sciences,https://www.pnas.org/content/75/4/2030.short,,
"HCE Larsson, GP Wagner",Pentadactyl ground state of the avian wing,2002,Journal of Experimental Zoology,Wiley Online Library,https://onlinelibrary.wiley.com/doi/abs/10.1002/jez.10153,,
"M Whittingham, H Markland",The influence of substrate on the functional response of an avian granivore and its implications for farmland bird conservation,2002,Oecologia,Springer,https://link.springer.com/article/10.1007/s00442-001-0850-z,,
"M Desholm, J Kahlert",Avian collision risk at an offshore wind farm,2005,Biology letters,royalsocietypublishing.org,https://royalsocietypublishing.org/doi/abs/10.1098/rsbl.2005.0336,,
"P Adamík, T Emmenegger, M Briedis, L Gustafsson…",Barrier crossing in small avian migrants: individual tracking reveals prolonged nocturnal flights into the day as a common migratory strategy,2016,Scientific reports,nature.com,https://www.nature.com/articles/srep21560,,
SG Tullett,Regulation of avian eggshell porosity,1975,Journal of Zoology,Wiley Online Library,https://zslpublications.onlinelibrary.wiley.com/doi/abs/10.1111/j.1469-7998.1975.tb02237.x,,
A Kilejian,Circular mitochondrial DNA from the avian malarial parasite Plasmodium lophurae,1975,Biochimica et Biophysica Acta (BBA)-Nucleic Acids and …,Elsevier,https://www.sciencedirect.com/science/article/pii/0005278775903482,,
"J Sui, WC Hwang, S Perez, G Wei, D Aird…",Structural and functional bases for broad-spectrum neutralization of avian and human influenza A viruses,2009,Nature structural & …,nature.com,https://www.nature.com/nsmb/journal/v16/n3/abs/nsmb.1566.html,,
"SA Ernst, JW Mills",Basolateral plasma membrane localization of ouabain-sensitive sodium transport sites in the secretory epithelium of the avian salt gland,1977,The Journal of cell biology,jcb.rupress.org,http://jcb.rupress.org/content/75/1/74.abstract,,
"A Husain, GJ Howlett, WH Sawyer",The interaction of calmodulin with human and avian spectrin,1984,Biochemical and biophysical research …,Elsevier,https://www.sciencedirect.com/science/article/pii/0006291X8491218X,,
"MR Kanter, RE Smith, WS Hayward",Rapid induction of B-cell lymphomas: insertional activation of c-myb by avian leukosis virus.,1988,Journal of virology,Am Soc Microbiol,https://jvi.asm.org/content/62/4/1423.short,,
"LK Fonken, JL Workman, JC Walton…",Light at night increases body mass by shifting the time of food intake,2010,Proceedings of the …,National Acad Sciences,https://www.pnas.org/content/107/43/18664.short,,
"MI Sánchez, BB Georgiev, AJ Green",Avian cestodes affect the behaviour of their intermediate host Artemia parthenogenetica: an experimental study,2007,Behavioural Processes,Elsevier,https://www.sciencedirect.com/science/article/pii/S0376635706002506,,
"H Rubin, L Fanshier, A Cornelius, WF Hughes",Tolerance and immunity in chickens after congenital and contact infection with an avian leukosis virus,1962,Virology,Elsevier,https://www.sciencedirect.com/science/article/pii/0042682262900910,,
LJ Rogers,"The molecular neurobiology of early learning, development, and sensitive periods, with emphasis on the avian brain",1993,Molecular Neurobiology,Springer,https://link.springer.com/article/10.1007/BF02769174,,
"M Clavero, L Brotons, P Pons, D Sol",Prominent role of invasive species in avian biodiversity loss,2009,Biological Conservation,Elsevier,https://www.sciencedirect.com/science/article/pii/S0006320709001694,,
"L Li, JJ Giambrone, VS Panangala, FJ Hoerr",Production and characterization of monoclonal antibodies against avian reovirus strain S1133.,1996,Avian diseases,europepmc.org,https://europepmc.org/abstract/med/8790885,,
"T Bennett, JLS Cobb",Studies on the avian gizzard: the development of the gizzard and its innervation,1969,Zeitschrift für Zellforschung und mikroskopische …,Springer,https://link.springer.com/article/10.1007/BF00347035,,
"TW Pearson, AM Goldner",Calcium transport across avian uterus. I. Effects of electrolyte substitution,1973,American Journal of Physiology-Legacy …,physiology.org,https://www.physiology.org/doi/pdf/10.1152/ajplegacy.1973.225.6.1508,,
"M Ruokonen, L Kvist",Structure and evolution of the avian mitochondrial control region,2002,Molecular Phylogenetics and Evolution,Elsevier,https://www.sciencedirect.com/science/article/pii/S1055790302000210,,
"JE Mank, H Ellegren",Parallel divergence and degradation of the avian W sex chromosome,2007,Trends in Ecology & Evolution,Elsevier,https://www.sciencedirect.com/science/article/pii/S0169534707001528,,
"DF Newgreen, ME Powell, B Moser",Spatiotemporal changes in HNK-1/L2 glycoconjugates on avian embryo somite and neural crest cells,1990,Developmental biology,Elsevier,https://www.sciencedirect.com/science/article/pii/001216069090282N,,
"L Chen, Z Sheng, A Zhang, X Guo, J Li, H Han…",Quantum‐dots‐based fluoroimmunoassay for the rapid and sensitive detection of avian influenza virus subtype H5N1,2010,…,Wiley Online Library,https://onlinelibrary.wiley.com/doi/abs/10.1002/bio.1167,,
"MC Gong, A Fuglsang, D Alessi, S Kobayashi…",Arachidonic acid inhibits myosin light chain phosphatase and sensitizes smooth muscle to calcium.,1992,Journal of Biological …,ASBMB,http://www.jbc.org/content/267/30/21492.short,,
J Zavada,A Host-cell DNA Function Involved in the Replication of Avian Tumour Viruses and of Fowl-plague Virus,1969,Journal of General Virology,jgv.microbiologyresearch.org,https://jgv.microbiologyresearch.org/content/journal/jgv/10.1099/0022-1317-4-4-571,,
"C Batini, MA Telliet, R Naquet",An avian model of genetic reflex epilepsy.,2004,Archives italiennes de biologie,architalbiol.org,http://www.architalbiol.org/aib/article/view/142297,,
"DA Graiver, SE Saunders, CL Topliff, CL Kelling…",Ethidium monoazide does not inhibit RT-PCR amplification of nonviable avian influenza RNA,2010,Journal of virological …,Elsevier,https://www.sciencedirect.com/science/article/pii/S0166093409005084,,
"MC Garvin, EC Greiner",Ecology of Culicoides (Diptera: Ceratopogonidae) in southcentral Florida and experimental Culicoides vectors of the avian hematozoan Haemoproteus danilewskyi …,2003,Journal of Wildlife Diseases,Wildlife Dis Assoc,http://www.jwildlifedis.org/doi/abs/10.7589/0090-3558-39.1.170,,
"S Gharaibeh, T Brown, N Stedman, M Pantin",Immunohistochemical localization of avian leukosis virus subgroup J in tissues from naturally infected chickens,2001,Avian diseases,JSTOR,https://www.jstor.org/stable/1592879,,
SR Witkin,The importance of directional sound radiation in avian vocalization,1977,The Condor,sora.unm.edu,http://sora.unm.edu/sites/default/files/journals/condor/v079n04/p0490-p0493.pdf,,
"SD Meriney, MJ Ford, D Oliva, G Pilar",Endogenous opioids modulate neuronal survival in the developing avian ciliary ganglion,1991,Journal of Neuroscience,Soc Neuroscience,http://www.jneurosci.org/content/11/12/3705.short,,
"A Reiner, JT Erichsen, JB Cabot, C Evinger…",Neurotransmitter organization of the nucleus of Edinger–Westphal and its projection to the avian ciliary ganglion,1991,Visual …,cambridge.org,https://www.cambridge.org/core/journals/visual-neuroscience/article/neurotransmitter-organization-of-the-nucleus-of-edingerwestphal-and-its-projection-to-the-avian-ciliary-ganglion/4947181B2CF36CEE83063B6ABC29AE16,,
WJ Odom Jr,Avian house lighting apparatus and method,2013,"US Patent App. 13/544,219",Google Patents,https://patents.google.com/patent/US20130016506A1/en,,
"SA Bhave, JS Stone, EW Rubel…",Cell cycle progression in gentamicin-damaged avian cochleas,1995,Journal of …,Soc Neuroscience,http://www.jneurosci.org/content/15/6/4618.short,,
"WC Beckman Jr, SK Powers, JT Brown, GY Gillespie…",Differential retention of rhodamine 123 by avian sarcoma virus‐induced glioma and normal brain tissue of the rat in vivo,1987,Cancer,Wiley Online Library,https://onlinelibrary.wiley.com/doi/abs/10.1002/1097-0142(19870115)59:2%3C266::AID-CNCR2820590215%3E3.0.CO;2-6,,
"WM Colwell, PD Lukert",Effects of avian infectious bronchitis virus (IBV) on tracheal organ cultures,1969,Avian diseases,JSTOR,https://www.jstor.org/stable/1588596,,
"GN Serbedzija, M Bronner-Fraser, SE Fraser",A vital dye analysis of the timing and pathways of avian trunk neural crest cell migration,1989,Development,dev.biologists.org,http://dev.biologists.org/content/106/4/809.short,,
"H Van Campen, BC Easterday…",Destruction of lymphocytes by a virulent avian influenza A virus,1989,Journal of general …,jgv.microbiologyresearch.org,https://jgv.microbiologyresearch.org/content/journal/jgv/10.1099/0022-1317-70-2-467,,
"KM Sefc, RB Payne, MD Sorenson",Single base errors in PCR products from avian museum specimens and their effect on estimates of historical genetic diversity,2007,Conservation Genetics,Springer,https://link.springer.com/article/10.1007/s10592-006-9240-8,,
"AS King, V Molony, J McLelland, DR Bowsher…",Afferent respiratory pathways in the avian vagus,1968,Experientia,Springer,https://link.springer.com/article/10.1007/BF02138718,,
"I Morild, A Bohle, JA Christensen",Structure of the avian kidney,1985,The Anatomical Record,Wiley Online Library,https://onlinelibrary.wiley.com/doi/abs/10.1002/ar.1092120105,,
"D Dong, MH Zile",Endogenous retinoids in the early avian embryo,1995,Biochemical and biophysical research communications,Elsevier,https://www.sciencedirect.com/science/article/pii/S0006291X85728720,,
"SA Ernst, RA Ellis",The development of surface specialization in the secretory epithelium of the avian salt gland in response to osmotic stress,1969,The Journal of cell biology,jcb.rupress.org,http://jcb.rupress.org/content/40/2/305.abstract,,
"SL Deem, DJ Heard, JH Fox",Avian pox in eastern screech owls and barred owls from Florida,1997,Journal of Wildlife Diseases,Wildlife Dis Assoc,http://www.jwildlifedis.org/doi/abs/10.7589/0090-3558-33.2.323,,
"D Evans, JB Miller, FE Stockdale",Developmental patterns of expression and coexpression of myosin heavy chains in atria and ventricles of the avian heart,1988,Developmental biology,Elsevier,https://www.sciencedirect.com/science/article/pii/0012160688903247,,
"S Jurt, A Aemissegger, P Güntert…",A photoswitchable miniprotein based on the sequence of avian pancreatic polypeptide,2006,Angewandte Chemie …,Wiley Online Library,https://onlinelibrary.wiley.com/doi/abs/10.1002/anie.200602084,,
"S Kawai, H Hanafusa",Genetic recombination with avian tumor virus,1972,Virology,Elsevier,https://www.sciencedirect.com/science/article/pii/S0042682272800059,,
"AR Liboff, KA Jenrow",New model for the avian magnetic compass,2000,"… , The Society for Physical Regulation in …",Wiley Online Library,https://onlinelibrary.wiley.com/doi/abs/10.1002/1521-186X(200012)21:8%3C555::AID-BEM1%3E3.0.CO;2-N,,
"KK Nordén, TD Price",Historical contingency and developmental constraints in avian coloration,2018,Trends in ecology & evolution,Elsevier,https://www.sciencedirect.com/science/article/pii/S0169534718301150,,
BK Williams,"Policy, research, and adaptive management in avian conservation",2003,The Auk,academic.oup.com,https://academic.oup.com/auk/article-abstract/120/1/212/5147256,,
"SM Gatesy, KP Dial",Locomotor modules and the evolution of avian flight,1996,Evolution,Wiley Online Library,https://onlinelibrary.wiley.com/doi/abs/10.1111/j.1558-5646.1996.tb04496.x,,
"I Nanda, E Zend-Ajusch, Z Shan, F Grützner…",Conserved synteny between the chicken Z sex chromosome and human chromosome 9 includes the male regulatory gene DMRT1: a comparative (re) view on avian …,2000,… and Genome Research,karger.com,https://www.karger.com/Article/Abstract/15567,,
"CE Sayegh, SL Demaries, KA Pike…",The chicken B‐cell receptor complex and its role in avian B‐cell development,2000,Immunological …,Wiley Online Library,https://onlinelibrary.wiley.com/doi/abs/10.1111/j.1600-065X.2000.imr017507.x,,
"S Belák, I Kiss, GJ Viljoen",New developments in the diagnosis of avian influenza,2009,Rev Sci Tech,pdfs.semanticscholar.org,https://pdfs.semanticscholar.org/e87e/bd77d82123634d6e4b7492800026d00913d8.pdf,,
"J Kovacs-Nolan, Y Mine",Avian egg antibodies: basic and potential applications,2004,Avian and Poultry Biology Reviews,ingentaconnect.com,https://www.ingentaconnect.com/contentone/stl/apbr/2004/00000015/00000001/art00003,,
"AW Stoker, MJ Bissell",Quantitative immunocytochemical assay for infectious avian retroviruses,1987,Journal of general virology,jgv.microbiologyresearch.org,https://jgv.microbiologyresearch.org/content/journal/jgv/10.1099/0022-1317-68-9-2481,,
S Ugoretz,Avian mortalities at tall structures,2001,Proceedings of National Avian-Wind Power Planning …,osti.gov,https://www.osti.gov/servlets/purl/822422#page=169,,
"SJ Jones, A Boyde, NN Ali",The resorption of biological and non-biological substrates by cultured avian and mammalian osteoclasts,1984,Anatomy and embryology,Springer,https://link.springer.com/article/10.1007/BF00318728,,
"MT Hincke, YC Chien…",Colloidal-gold immunocytochemical localization of osteopontin in avian eggshell gland and eggshell,2008,… of Histochemistry & …,journals.sagepub.com,https://journals.sagepub.com/doi/abs/10.1369/jhc.2008.950576,,
"VM Cassone, JK Paulose, MG Whitfield-Rucker…",Time's arrow flies like a bird: two paradoxes for avian circadian biology,2009,General and …,Elsevier,https://www.sciencedirect.com/science/article/pii/S0016648009000112,,
"JA Smith, JF Dwyer",Avian interactions with renewable energy infrastructure: An update,2016,The Condor: Ornithological Applications,academic.oup.com,https://academic.oup.com/condor/article-abstract/118/2/411/5153228,,
FE Pettinger,Application of ultraviolet reflective materials to surfaces to enhance avian and human safety,2010,"US Patent App. 12/383,987",Google Patents,https://patents.google.com/patent/US20100098844A1/en,,
"R Seifert, B Christ",On the differentiation and origin of myoid cells in the avian thymus,1990,Anatomy and embryology,Springer,https://link.springer.com/article/10.1007/BF00174622,,
"MW Kieran, BM Longenecker",Organ specific metastasis with special reference to avian systems,1983,Cancer and Metastasis Reviews,Springer,https://link.springer.com/article/10.1007/BF00048968,,
"TB Champlin, JC Kilgo, ML Gumpertz…",Avian response to microclimate in canopy gaps in a bottomland hardwood forest,2009,Southeastern …,BioOne,https://bioone.org/journals/Southeastern-Naturalist/volume-8/issue-1/058.008.0110/Avian-Response-to-Microclimate-in-Canopy-Gaps-in-a-Bottomland/10.1656/058.008.0110.short,,
"K Stromberg, MD Litwack…",Structural studies on avian myeloblastosis virus: rapid purification and quantitation,1972,Proceedings of the …,journals.sagepub.com,https://journals.sagepub.com/doi/abs/10.3181/00379727-141-36745,,
"NB Alhaji, IA Odetokun",Assessment of Biosecurity Measures Against Highly Pathogenic Avian Influenza Risks in Small‐Scale Commercial Farms and Free‐Range Poultry Flocks in the …,2011,Transboundary and emerging …,Wiley Online Library,https://onlinelibrary.wiley.com/doi/abs/10.1111/j.1865-1682.2010.01195.x,,
"A Tran, F Goutard, L Chamaillé, N Baghdadi…",Remote sensing and avian influenza: A review of image processing methods for extracting key variables affecting avian influenza virus survival in water from Earth …,2010,International Journal of …,Elsevier,https://www.sciencedirect.com/science/article/pii/S0303243409000956,,
"AC Beall, TH Rosenquist",Smooth muscle cells of neural crest origin form the aorticopulmonary septum in the avian embryo,1990,The Anatomical Record,Wiley Online Library,https://onlinelibrary.wiley.com/doi/abs/10.1002/ar.1092260313,,
"VM Cassone, DF Westneat",The bird of time: cognition and the avian biological clock,2012,Frontiers in molecular neuroscience,frontiersin.org,https://www.frontiersin.org/articles/10.3389/fnmol.2012.00032,,
"DH Cohen, DA Trauner",Studies of avian visual pathways involved in cardiac conditioning: Nucleus rotundus and ectostriatum,1969,Experimental brain research,Springer,https://link.springer.com/article/10.1007/BF00235439,,
"J Moreno, JL Osorno",Avian egg colour and sexual selection: does eggshell pigmentation reflect female condition and genetic quality?,2003,Ecology Letters,Wiley Online Library,https://onlinelibrary.wiley.com/doi/abs/10.1046/j.1461-0248.2003.00505.x,,
"RL Wasserman, JM Kehoe…",The VHIII subgroup of immunoglobulin heavy chains: Phylogenetically associated residues in several avian species,1974,The Journal of …,Am Assoc Immnol,http://www.jimmunol.org/content/113/3/954.short,,
"RA Lautenschlager, JD Podgwaite","Passage of Nucleopolyhedrosis Virus by Avian and Mammalian Predators of the Gypsy Moth, Lymantria dispar",1979,Environmental Entomology,academic.oup.com,https://academic.oup.com/ee/article-abstract/8/2/210/2396177,,
"JAC Uy, AC Stein",Variable visual habitats may influence the spread of colourful plumage across an avian hybrid zone,2007,Journal of Evolutionary Biology,Wiley Online Library,https://onlinelibrary.wiley.com/doi/abs/10.1111/j.1420-9101.2007.01378.x,,
"JA Hepinstall, M Alberti, JM Marzluff",Predicting land cover change and avian community responses in rapidly urbanizing environments,2008,Landscape ecology,Springer,https://link.springer.com/article/10.1007/s10980-008-9296-6,,
"RC Jones, JRM Guneratne",The pathogenicity of some avian reoviruses with particular reference to tenosynovitis,1984,Avian Pathology,Taylor & Francis,https://www.tandfonline.com/doi/abs/10.1080/03079458408418522,,
"HJ Karten, W Hodos, WJH Nauta…",Neural connections of the “visual wulst” of the avian telencephalon. Experimental studies in the pigeon (Columba livia) and owl (Speotyto cunicularia),1973,Journal of Comparative …,Wiley Online Library,https://onlinelibrary.wiley.com/doi/abs/10.1002/cne.901500303,,
"HR Juul-Madsen, M Munch, KJ Handberg…",Serum levels of mannan-binding lectin in chickens prior to and during experimental infection with avian infectious bronchitis virus,2003,Poultry …,academic.oup.com,https://academic.oup.com/ps/article-abstract/82/2/235/1498377,,
"CM Eising, W Müller, TGG Groothuis",Avian mothers create different phenotypes by hormone deposition in their eggs,2005,Biology Letters,royalsocietypublishing.org,https://royalsocietypublishing.org/doi/abs/10.1098/rsbl.2005.0391,,
"O Lassila, JD Lambris, RH Gisler",A role for Lys-His-Gly-NH2 in avian and murine B cell development,1989,Cellular immunology,Elsevier,https://www.sciencedirect.com/science/article/pii/0008874989900804,,
"KE Slack, A Janke, D Penny, U Arnason",Two new avian mitochondrial genomes (penguin and goose) and a summary of bird and reptile mitogenomic features,2003,Gene,Elsevier,https://www.sciencedirect.com/science/article/pii/S0378111902010533,,
RP Coppinger,The effect of experience and novelty on avian feeding behavior with reference to the evolution of warning coloration in butterflies. II. Reactions of naive birds to novel …,1970,The American Naturalist,journals.uchicago.edu,https://www.journals.uchicago.edu/doi/abs/10.1086/282666,,
"L Zsak, J Kisary",Some biological and physico-chemical properties of egg drop syndrome (EDS) avian adenovirus strain B8/78,1981,Archives of virology,Springer,https://link.springer.com/article/10.1007/BF01314574,,
"MG Betts, J Verschuyl, J Giovanini, T Stokely…",Initial experimental effects of intensive forest management on avian abundance,2013,Forest Ecology and …,Elsevier,https://www.sciencedirect.com/science/article/pii/S0378112713003903,,
ANJ Heyn,The crystalline structure of calcium carbonate in the avian egg shell: An electron microscope study,1963,Journal of ultrastructure research,Elsevier,https://www.sciencedirect.com/science/article/pii/S0022532063800295,,
"PE Funk, J Pifer, M Kharas, G Crisafi, A Johnson",The avian chB6 alloantigen induces apoptosis in DT40 B cells,2003,Cellular immunology,Elsevier,https://www.sciencedirect.com/science/article/pii/S0008874903002831,,
DS Farner,Photoperiodism in animals with special reference to avian testicular cycles,1958,Photobiology. Oregon State College Biology …,ir.library.oregonstate.edu,https://ir.library.oregonstate.edu/downloads/2801pn268#page=24,,
"HS Gupta, P Roschger, I Zizak, N Fratzl-Zelman…",Mineralized microstructure of calcified avian tendons: a scanning small angle X-ray scattering study,2003,Calcified tissue …,Springer,https://link.springer.com/article/10.1007/s00223-002-1031-8,,
DJ Levey,Seed size and fruit-handling techniques of avian frugivores,1987,The American Naturalist,journals.uchicago.edu,https://www.journals.uchicago.edu/doi/abs/10.1086/284652,,
"V Saranathan, JD Forster, H Noh…",Structure and optical function of amorphous photonic nanostructures from avian feather barbs: a comparative small angle X-ray scattering (SAXS) analysis of 230 bird …,2012,Journal of the …,royalsocietypublishing.org,https://royalsocietypublishing.org/doi/abs/10.1098/rsif.2012.0191,,
"DW Mock, H Drummond, CH Stinson",Avian siblicide,1990,American Scientist,researchgate.net,https://www.researchgate.net/profile/Douglas_Mock/publication/253293389_Avian_Siblicide/links/53d8f9180cf2e38c6331cc47/Avian-Siblicide.pdf,,
"HJ Bauer, G Monreal",Herpesviruses provide helper functions for avian adeno-associated parvovirus,1986,Journal of general virology,jgv.microbiologyresearch.org,https://jgv.microbiologyresearch.org/content/journal/jgv/10.1099/0022-1317-67-1-181,,
"DB Meyer, SR Stuckey, RA Hudson",Oil droplet carotenoids of avian cones—I. Dietary exclusion: models for biochemical and physiological studies,1971,Comparative Biochemistry and …,academia.edu,http://www.academia.edu/download/46064266/0305-0491_2871_2990062-920160530-14486-1ratu7n.pdf,,
"WJ Kuenzel, A van Tienhoven",Nomenclature and location of avian hypothalamic nuclei and associated circumventricular organs,1982,Journal of Comparative …,Wiley Online Library,https://febs.onlinelibrary.wiley.com/doi/pdf/10.1002/cne.902060309,,
SI Rothstein,Mechanisms of avian egg recognition: Which egg parameters elicit responses by rejecter species?,1982,Behavioral Ecology and Sociobiology,Springer,https://link.springer.com/article/10.1007/BF00299299,,
"AP Waters, DG Higgins…",Plasmodium falciparum appears to have arisen as a result of lateral transfer between avian and human hosts.,1991,Proceedings of the …,National Acad Sciences,https://www.pnas.org/content/88/8/3140.short,,
"M Sevoian, RN Larose, DM Chamberlain",Avian lymphomatosis. VI. A virus of unusual potency and pathogenicity,1964,Avian Diseases,JSTOR,https://www.jstor.org/stable/1587964,,
ML Morrison,Avian risk and fatality protocol,1998,,osti.gov,https://www.osti.gov/biblio/10346,,
"APS HIKIM, J Chakraborty","Effects of diazacholesterol dihydrochloride (SC‐12937), an avian antifertility agent, on rat testis",1986,Journal of andrology,Wiley Online Library,https://onlinelibrary.wiley.com/doi/abs/10.1002/j.1939-4640.1986.tb00930.x,,
"R Inger, S Bearhop",Applications of stable isotope analyses to avian ecology,2008,Ibis,Wiley Online Library,https://onlinelibrary.wiley.com/doi/abs/10.1111/j.1474-919X.2008.00839.x,,
"Y Tang, X Yu, H Chen, Y Diao",An immunoassay-based reverse-transcription loop-mediated isothermal amplification assay for the rapid detection of avian influenza H5N1 virus viremia,2016,Biosensors and Bioelectronics,Elsevier,https://www.sciencedirect.com/science/article/pii/S0956566316306042,,
"YYT Su, CB Watt",Interaction between enkephalin and dopamine in the avian retina,1987,Brain research,Elsevier,https://www.sciencedirect.com/science/article/pii/0006899387908250,,
"B Giovani, M Byrdin, M Ahmad, K Brettel",Light-induced electron transfer in a cryptochrome blue-light photoreceptor,2003,Nature Structural & Molecular …,nature.com,https://www.nature.com/articles/nsb933,,
"SK Srivastava, MJ Modak",Rose Bengal mediated inhibition of DNA polymerases. 2. Mechanism of inhibition of avian myeloblastosis virus reverse transcriptase under photooxidative conditions,1983,Biochemistry,ACS Publications,https://pubs.acs.org/doi/pdf/10.1021/bi00278a035,,
JL Dubbeldam,Shape and structure of the avian brain an old problem revisited.,1989,Acta morphologica Neerlando-Scandinavica,europepmc.org,https://europepmc.org/abstract/med/2683598,,
MT Carrano,"Locomotion in non-avian dinosaurs: integrating data from hindlimb kinematics, in vivo strains, and bone morphology",1998,Paleobiology,cambridge.org,https://www.cambridge.org/core/journals/paleobiology/article/locomotion-in-nonavian-dinosaurs-integrating-data-from-hindlimb-kinematics-in-vivo-strains-and-bone-morphology/12BD8F4866A71A845C7D84A082D366B1,,
"M Kaldhusdal, Ø Evensen, T Landsverk","Clostridium perfringens necrotizing enteritis of the fowl: A light microscopic, immunohistochemical and ultrastructural study of spontaneous disease",1995,Avian Pathology,Taylor & Francis,https://www.tandfonline.com/doi/abs/10.1080/03079459508419082,,
"KV Fite, A Blaustein, L Bengston, HE Hewitt",Evidence of retinal light damage in Rana cascadae: a declining amphibian species,1998,Copeia,JSTOR,https://www.jstor.org/stable/1447337,,
"FSB Kibenge, RC Jones, CE Savage",Effects of experimental immunosuppression on reovirus‐induced tenosynovitis in light‐hybrid chickens,1987,Avian Pathology,Taylor & Francis,https://www.tandfonline.com/doi/abs/10.1080/03079458708436354,,
AM Kerr,Low frequency of stabilimenta in orb webs of Argiope appensa (Araneae: Araneidae) from Guam: an indirect effect of an introduced avian predator,1993,,scholarspace.manoa.hawaii.edu,https://scholarspace.manoa.hawaii.edu/bitstream/10125/1862/v47n4-328-337.pdf,,
DR Wise,Staphylococcal osteomyelitis of the avian vertebral column,1971,Research in veterinary science,Elsevier,https://www.sciencedirect.com/science/article/pii/S0034528818342140,,
"LS Jensen, WE Matson",Enlargement of avian eye by subjecting chicks to continuous incandescent illumination,1957,Science,science.sciencemag.org,http://science.sciencemag.org/content/125/3251/741.1.short,,
"Z Aidala, L Huynen, PLR Brennan, J Musser…","Ultraviolet visual sensitivity in three avian lineages: paleognaths, parrots, and passerines",2012,Journal of Comparative …,Springer,https://link.springer.com/article/10.1007/s00359-012-0724-3,,
"GS Bakken, VC Vanderbilt, WA Buttemer…",Avian eggs: thermoregulatory value of very high near-infrared reflectance,1978,…,science.sciencemag.org,http://science.sciencemag.org/content/200/4339/321.short,,
"RE Karess, WS Hayward…",Cellular information in the genome of recovered avian sarcoma virus directs the synthesis of transforming protein,1979,Proceedings of the …,National Acad Sciences,https://www.pnas.org/content/76/7/3154.short,,
"L Zídková, I Cepicka, J Szabová…",Biodiversity of avian trypanosomes,2012,"Infection, Genetics and …",Elsevier,https://www.sciencedirect.com/science/article/pii/S1567134811003807,,
P Berthold,"A comprehensive theory for the evolution, control and adaptability of avian migration",1999,Ostrich,Taylor & Francis,https://www.tandfonline.com/doi/abs/10.1080/00306525.1999.9639744,,
"M Aikawa, CG Huff, H Sprinz","Comparative fine structure study of the gametocytes of avian, reptilian, and mammalian malarial parasites",1969,Journal of ultrastructure research,Elsevier,https://www.sciencedirect.com/science/article/pii/S0022532069800109,,
"CL Nagra, JG Birnie, GJ Baum, RK Meyer",The role of the pituitary in regulating steroid secretion by the avian adrenal,1963,General and comparative …,Elsevier,https://www.sciencedirect.com/science/article/pii/0016648063900224,,
"M Klaassen, BJ Hoye, BA Nolet…",Ecophysiology of avian migration in the face of current global hazards,2012,… transactions of the …,royalsocietypublishing.org,https://royalsocietypublishing.org/doi/abs/10.1098/rstb.2012.0008,,
V Kumar,Avian photoreceptors and their role in the regulation of daily and seasonal physiology,2015,General and comparative endocrinology,Elsevier,https://www.sciencedirect.com/science/article/pii/S0016648014002329,,
"CV GAY, WJ MUELLER",Cellular localization of carbonic anhydrase in avian tissues by labeled inhibitor autoradiography,1973,Journal of Histochemistry & …,journals.sagepub.com,https://journals.sagepub.com/doi/abs/10.1177/21.8.693,,
"A Carano, SL Teitelbaum, JD Konsek…",Bisphosphonates directly inhibit the bone resorption activity of isolated avian osteoclasts in vitro.,1990,The Journal of …,Am Soc Clin Investig,https://www.jci.org/articles/view/114459,,
"DM Webber, D Menton, P Osdoby",An in vivo model system for the study of avian osteoclast recruitment and activity,1990,Bone and mineral,Elsevier,https://www.sciencedirect.com/science/article/pii/016960099090053I,,
"YC Chien, MT Hincke, MD McKee",Ultrastructure of avian eggshell during resorption following egg fertilization,2009,Journal of structural biology,Elsevier,https://www.sciencedirect.com/science/article/pii/S1047847709001750,,
"H Cui, J Jiang, W Gu, C Sun, D Wu…",Photocatalytic Inactivation Efficiency of Anatase Nano‐TiO2 Sol on the H9N2 Avian Influenza Virus,2010,Photochemistry and …,Wiley Online Library,https://onlinelibrary.wiley.com/doi/abs/10.1111/j.1751-1097.2010.00763.x,,
"A Surmacki, A Ożarowska-Nowicka, ZM Rosin",Color polymorphism in a land snail Cepaea nemoralis (Pulmonata: Helicidae) as viewed by potential avian predators,2013,Naturwissenschaften,Springer,https://link.springer.com/article/10.1007/s00114-013-1049-y,,
"US Euler, ROYL SWANK",Tension changes during tetanus in mammalian and avian muscle,1940,Acta Physiologica Scandinavica,Wiley Online Library,https://onlinelibrary.wiley.com/doi/abs/10.1111/j.1748-1716.1940.tb00269.x,,
"NM Le Douarin, FV Jotereau",Tracing of cells of the avian thymus through embryonic life in interspecific chimeras.,1975,Journal of Experimental Medicine,jem.rupress.org,http://jem.rupress.org/content/142/1/17.abstract,,
"P Donner, I Greiser-Wilke, K Moelling",Nuclear localization and DNA binding of the transforming gene product of avian myelocytomatosis virus,1982,Nature,nature.com,https://www.nature.com/articles/296262a0,,
"Z Mladenov, U Heine, D Beard…","Strain MC29 avian leukosis virus. Myelocytoma, endothelioma, and renal growths: pathomorphological and ultrastructural aspects",1967,Journal of the National …,academic.oup.com,https://academic.oup.com/jnci/article-abstract/38/3/251/889703,,
"J Komdeur, BJ Hatchwell",Kin recognition: function and mechanism in avian societies,1999,Trends in Ecology & Evolution,Elsevier,https://www.sciencedirect.com/science/article/pii/S0169534798015730,,
"A da Silva Jr, U Kawazoe, FFT Freitas, MSV Gatti…",Avian anticoccidial activity of a novel membrane-interactive peptide selected from phage display libraries,2002,Molecular and …,Elsevier,https://www.sciencedirect.com/science/article/pii/S016668510100439X,,
"SD Meriney, G Pilar, M Ogawa…",Differential neuronal survival in the avian ciliary ganglion after chronic acetylcholine receptor blockade,1987,Journal of …,Soc Neuroscience,http://www.jneurosci.org/content/7/12/3840.short,,
TE Rudolph,Avian decoy covering,1987,"US Patent 4,691,464",Google Patents,https://patents.google.com/patent/US4691464A/en,,
RG Board,A non‐destructive method for studying the outer surface of avian egg shells,1981,British Poultry Science,Taylor & Francis,https://www.tandfonline.com/doi/pdf/10.1080/00071688108447901,,
"W Halfwerk, LJM Holleman…",Negative impact of traffic noise on avian reproductive success,2011,Journal of applied …,Wiley Online Library,https://besjournals.onlinelibrary.wiley.com/doi/abs/10.1111/j.1365-2664.2010.01914.x,,
JY Yoon,Detection of avian influenza type A H3N2 virus antigens in microchannel and droplet microfluidics,2008,Biological Engineering Transactions,elibrary.asabe.org,https://elibrary.asabe.org/abstract.asp?aid=26855,,
"KR Emslie, S Nade",Acute hematogenous staphylococcal osteomyelitis. A description of the natural history in an avian model.,1983,The American journal of pathology,ncbi.nlm.nih.gov,https://www.ncbi.nlm.nih.gov/pmc/articles/PMC1916166/,,
"RA Feldman, LA Freed, RL Cann",A PCR test for avian malaria in Hawaiian birds,1995,Molecular Ecology,Wiley Online Library,https://onlinelibrary.wiley.com/doi/abs/10.1111/j.1365-294X.1995.tb00267.x,,
GD Guiloff,Ultrastructural study of the avian ventral lateral geniculate nucleus,1991,Visual neuroscience,cambridge.org,https://www.cambridge.org/core/journals/visual-neuroscience/article/ultrastructural-study-of-the-avian-ventral-lateral-geniculate-nucleus/DAED22C80E2F525EB89DE2A7A96941EF,,
"M Pittman, A Laddomada",Legislation for the control of avian influenza in the European Union,2008,Zoonoses and public health,Wiley Online Library,https://onlinelibrary.wiley.com/doi/abs/10.1111/j.1863-2378.2007.01087.x,,
"R Minkoff, VR Rundus, SB Parker, EC Beyer…",Connexin expression in the developing avian cardiovascular system.,1993,Circulation …,Am Heart Assoc,https://www.ahajournals.org/doi/abs/10.1161/01.RES.73.1.71,,
"KJ Gaston, J Bennie, TW Davies…",The ecological impacts of nighttime light pollution: a mechanistic appraisal,2013,Biological reviews,Wiley Online Library,https://onlinelibrary.wiley.com/doi/abs/10.1111/brv.12036,,
"GD Guiloff, HR Maturana…",Cytoarchitecture of the avian ventral lateral geniculate nucleus,1987,Journal of Comparative …,Wiley Online Library,https://onlinelibrary.wiley.com/doi/abs/10.1002/cne.902640406,,
"DG Sharp, JW Beard","Virus of avian erythromyeloblastic leukosis IV. Sedimentation, density and hydration",1954,Biochimica et biophysica acta,Elsevier,https://www.sciencedirect.com/science/article/pii/0006300254901249,,
"A Teti, HC Blair, SL Teitelbaum…",Cytoplasmic pH regulation and chloride/bicarbonate exchange in avian osteoclasts.,1989,The Journal of …,Am Soc Clin Investig,https://www.jci.org/articles/view/113863,,
"H Zentgraf, U Scheer, WW Franke",Characterization and localization of the RNA synthesized in mature avian erythrocytes,1975,Experimental cell research,Elsevier,https://www.sciencedirect.com/science/article/pii/S0014482775800401,,
"A Boyde, AJ Banes, RM Dillaman…",A morphological study of an avian bone disorder caused by myetosis-associated virus,1978,Metabolic Bone Disease …,Elsevier,https://www.sciencedirect.com/science/article/pii/0221874778900085,,
"AS Garner, HJ Menegay, KL Boeshore…",Expression of TrkB receptor isoforms in the developing avian visual system,1996,Journal of …,Soc Neuroscience,http://www.jneurosci.org/content/16/5/1740.short,,
"M Parida, S Sannarangaiah, PK Dash…",Loop mediated isothermal amplification (LAMP): a new generation of innovative gene amplification technique; perspectives in clinical diagnosis of infectious diseases,2008,Reviews in medical …,Wiley Online Library,https://onlinelibrary.wiley.com/doi/abs/10.1002/rmv.593,,
"MH Schweitzer, FD Jackson, LM Chiappe…",Late Cretaceous avian eggs with embryos from Argentina,2002,Journal of Vertebrate …,Taylor & Francis,https://www.tandfonline.com/doi/abs/10.1671/0272-4634(2002)022%5B0191:LCAEWE%5D2.0.CO;2,,
"MA Diuk-Wasser, G Molaei, JE Simpson…",Avian communal roosts as amplification foci for West Nile virus in urban areas in northeastern United States,2010,The American journal of …,ASTMH,https://www.ajtmh.org/content/journals/10.4269/ajtmh.2010.09-0506,,
"JF Pennock, G Neiss, HR Mahler",Biochemical studies on the developing avian embryo. 5. Ubiquinone and some other unsaponifiable lipids,1962,Biochemical Journal,ncbi.nlm.nih.gov,https://www.ncbi.nlm.nih.gov/pmc/articles/PMC1243777/,,
"J Moss, M Vaughan",Isolation of an avian erythrocyte protein possessing ADP-ribosyltransferase activity and capable of activating adenylate cyclase,1978,… of the National Academy of Sciences,National Acad Sciences,https://www.pnas.org/content/75/8/3621.short,,
"VO Ezenwa, MS Godsey, RJ King…",Avian diversity and West Nile virus: testing associations between biodiversity and infectious disease risk,2005,Proceedings of the …,royalsocietypublishing.org,https://royalsocietypublishing.org/doi/abs/10.1098/rspb.2005.3284,,
"MA Norell, JA Clarke",Fossil that fills a critical gap in avian evolution,2001,Nature,nature.com,https://www.nature.com/articles/35051563,,
"E Cuesta, I Diaz-Martinez, F Ortega, JL Sanz",Did all theropods have chicken-like feet? First evidence of a non-avian dinosaur podotheca,2015,Cretaceous Research,Elsevier,https://www.sciencedirect.com/science/article/pii/S0195667115000373,,
"TP Good, JC Ellis, CA Annett, R Pierotti","Bounded hybrid superiority in an avian hybrid zone: effects of mate, diet, and habitat choice",2000,Evolution,Wiley Online Library,https://onlinelibrary.wiley.com/doi/abs/10.1111/j.0014-3820.2000.tb00721.x,,
"PR Jesudhasan, JL McReynolds, AJ Byrd, H He…",Electron-Beam–Inactivated Vaccine Against Salmonella Enteritidis Colonization in Molting Hens,2015,Avian …,aaapjournals.info,http://www.aaapjournals.info/doi/abs/10.1637/10917-081014-ResNoteR,,
"A Sakurai, F Shibasaki",Updated values for molecular diagnosis for highly pathogenic avian influenza virus,2012,Viruses,mdpi.com,https://www.mdpi.com/1999-4915/4/8/1235,,
A Reiner,A VIP-like peptide co-occurs with substance P and enkephalin in cholinergic preganglionic terminals of the avian ciliary ganglion,1987,Neuroscience letters,Elsevier,https://www.sciencedirect.com/science/article/pii/0304394087905556,,
"MJC Showers, P Lyons",Avian nucleus isthmi and its relation to hippus,1968,Journal of Comparative Neurology,Wiley Online Library,https://onlinelibrary.wiley.com/doi/abs/10.1002/cne.901320407,,
LM Chiappe,Enantiornithine (Aves) tarsometatarsi and the avian affinities of the Late Cretaceous Avisauridae,1992,Journal of Vertebrate Paleontology,Taylor & Francis,https://www.tandfonline.com/doi/abs/10.1080/02724634.1992.10011464,,
"SD Pawar, SD Kale, AS Rawankar…","Avian influenza surveillance reveals presence of low pathogenic avian influenza viruses in poultry during 2009-2011 in the West Bengal State, India",2012,Virology …,virologyj.biomedcentral.com,https://virologyj.biomedcentral.com/articles/10.1186/1743-422X-9-151,,
N Abou-Madi,Avian anesthesia,2001,Veterinary Clinics of North America: Exotic Animal …,Elsevier,https://www.sciencedirect.com/science/article/pii/S1094919417300555,,
"T Longcore, C Rich, P Mineau, B MacDonald, DG Bert…",An estimate of avian mortality at communication towers in the United States and Canada,2012,PLoS one,journals.plos.org,https://journals.plos.org/plosone/article?id=10.1371/journal.pone.0034025,,
"J Ekman, M Hake",Avian flocking reduces starvation risk: an experimental demonstration,1988,Behavioral Ecology and Sociobiology,Springer,https://link.springer.com/article/10.1007/BF00303543,,
"DE Stallknecht, JD Brown",Tenacity of avian influenza viruses,2009,Revue scientifique et …,pdfs.semanticscholar.org,https://pdfs.semanticscholar.org/4556/0521cf6246e4852e1ccffd0936e9fadc80bc.pdf,,
WT Keeton,Avian orientation and navigation: a brief overview,1979,British Birds,britishbirds.co.uk,https://britishbirds.co.uk/wp-content/uploads/article_files/V72/V72_N10/V72_N10_P451_470_A116.pdf,,
JJ BOLHUIS,Mechanisms of avian imprinting: a review,1991,Biological Reviews,Wiley Online Library,https://onlinelibrary.wiley.com/doi/abs/10.1111/j.1469-185X.1991.tb01145.x,,
"CJ Adams, SH Feldman, JM Sleeman",Phylogenetic analysis of avian poxviruses among free-ranging birds of Virginia,2005,Avian diseases,aaapjournals.info,http://www.aaapjournals.info/doi/abs/10.1637/7369-041805r.1,,
JG Nevarez,Monitoring during avian and exotic pet anesthesia,2005,Seminars in Avian and Exotic Pet Medicine,Elsevier,https://www.sciencedirect.com/science/article/pii/S1055937X05000757,,
"X LIu, N ChERNEtsoV",Avian orientation: multi-cue integration and calibration of compass systems,2012,Chin. Birds,chinesebirds.net,http://www.chinesebirds.net/EN/article/downloadArticleFile.do?attachType=PDF&id=176,,
"J Keawcharoen, D Van Riel…",Wild ducks as long-distance vectors of highly pathogenic avian influenza virus (H5N1),2008,Emerging infectious …,ncbi.nlm.nih.gov,https://www.ncbi.nlm.nih.gov/pmc/articles/PMC2570914/,,
"H Tazawa, T Hiraguchi, T Asakura, H Fujii…",Noncontact measurements of avian embryo heart rate by means of the laser speckle: comparison with contact measurements,1989,Medical and Biological …,Springer,https://link.springer.com/article/10.1007/BF02441639,,
"LM Austin, RE Boissy",Mammalian tyrosinase-related protein-1 is recognized by autoantibodies from vitiliginous Smyth chickens. An avian model for human vitiligo.,1995,The American journal of pathology,ncbi.nlm.nih.gov,https://www.ncbi.nlm.nih.gov/pmc/articles/PMC1870917/,,
"H Beug, H Müller, S Grieser, G Doederlein, T Graf",Hematopoietic cells transformed in vitro by REVT avian reticuloendotheliosis virus express characteristics of very immature lymphoid cells,1981,Virology,Elsevier,https://www.sciencedirect.com/science/article/pii/0042682281901124,,
"KM McNagny, T Graf",Acute avian leukemia viruses as tools to study hematopoietic cell differentiation,1996,Immunology and Developmental Biology of the …,Springer,https://link.springer.com/chapter/10.1007/978-3-642-80057-3_13,,
"…, A Adite, G Voelker, JE Light","An assessment of host associations, geographic distributions, and genetic diversity of avian chewing lice (Insecta: Phthiraptera) from Benin",2017,Journal of …,journalofparasitology.org,http://www.journalofparasitology.org/doi/abs/10.1645/16-137,,
"HB Fell, R Robison",The development of the calcifying mechanism in avian cartilage and osteoid tissue,1934,Biochemical Journal,ncbi.nlm.nih.gov,https://www.ncbi.nlm.nih.gov/pmc/articles/PMC1253461/,,
FE Stockdale,The myogenic lineage: evidence for multiple cellular precursors during avian limb development,1990,Proceedings of the Society for Experimental …,journals.sagepub.com,https://journals.sagepub.com/doi/abs/10.3181/00379727-194-43058,,
FA Miles,Centrifugal control of the avian retina. II. Receptive field properties of cells in the isthmo-optic nucleus,1972,Brain Research,Elsevier,https://www.sciencedirect.com/science/article/pii/0006899372901722,,
"ZY Lin, CA Dechesne, J Eldridge…",An avian muscle factor related to MyoD1 activates muscle-specific promoters in nonmuscle cells of different germ-layer origin and in BrdU-treated myoblasts.,1989,Genes & …,genesdev.cshlp.org,http://genesdev.cshlp.org/content/3/7/986.short,,
BGM Jamieson,Avian spermatozoa: structure and phylogeny,2007,Reproductive biology and phylogeny of birds,books.google.com,https://books.google.com/books?hl=en&lr=&id=pUBZDwAAQBAJ&oi=fnd&pg=PT361&dq=avian+(light+OR+streetlight+OR+headlight+OR+spotlight+OR+lamp+OR+beacon+OR+beam+OR+ceilometer)&ots=IvlFpJxXxE&sig=-SXZxMnWleq7n4ui3QVzzPkzKHU,,
"RD Cook, AS King",Observations on the ultrastructure of the smooth muscle and its innervation in the avian lung.,1970,Journal of anatomy,ncbi.nlm.nih.gov,https://www.ncbi.nlm.nih.gov/pmc/articles/PMC1233702/,,
"WL Davis, RG Jones","Lysosomal proliferation in rachitic avian intestinal absorptive cells following 1, 25-dihydroxycholecalciferol",1982,Tissue and Cell,Elsevier,https://www.sciencedirect.com/science/article/pii/0040816682900490,,
"BC Wentworth, H Tsai, JH Hallett, DS Gonzales…",Manipulation of avian primordial germ cells and gonadal differentiation,1989,Poultry …,academic.oup.com,https://academic.oup.com/ps/article-abstract/68/7/999/1556541,,
T Sato,Sensory and endocrine characteristics of the avian pineal organ,2001,Microscopy research and technique,Wiley Online Library,https://onlinelibrary.wiley.com/doi/abs/10.1002/jemt.1063,,
"T Hanafusa, H Hanafusa…",Recovery of a new virus from apparently normal chick cells by infection with avian tumor viruses,1970,Proceedings of the …,National Acad Sciences,https://www.pnas.org/content/67/4/1797.short,,
"M Alderson, K Emslie, D Speers, S Nade",Transphyseal blood vessels exist in avian species.,1986,Journal of anatomy,ncbi.nlm.nih.gov,https://www.ncbi.nlm.nih.gov/pmc/articles/PMC1166536/,,
"AA Farke, J Alicea",Femoral strength and posture in terrestrial birds and non‐avian theropods,2009,The Anatomical Record: Advances in …,Wiley Online Library,https://onlinelibrary.wiley.com/doi/abs/10.1002/ar.20963,,
"RW Alexander, C Moscovici…",Avian oncovirus Mill Hill No. 2: pathogenicity in chickens,1979,Journal of the National …,academic.oup.com,https://academic.oup.com/jnci/article-abstract/62/2/359/924359,,
"N Chai, P Bates",Na+/H+ exchanger type 1 is a receptor for pathogenic subgroup J avian leukosis virus,2006,Proceedings of the National Academy of …,National Acad Sciences,https://www.pnas.org/content/103/14/5531.short,,
DM Noden,Somatotopic and functional organization of the avian trigeminal ganglion: an HRP analysis in the hatchling chick,1980,Journal of Comparative Neurology,Wiley Online Library,https://onlinelibrary.wiley.com/doi/abs/10.1002/cne.901900302,,
"MS Engel, DA Grimaldi",New light shed on the oldest insect,2004,Nature,nature.com,https://www.nature.com/articles/nature02291,,
"ADME Osterhaus, VJ Munster, RAM Fouchier",Epidemiology of avian influenza,2008,Avian influenza,karger.com,https://www.karger.com/Article/Abstract/151603,,
"AL Pearlman, CP Hughes",Functional role of efferents to the avian retina. II. Effects of reversible cooling of the isthmo‐optic nucleus,1976,Journal of comparative Neurology,Wiley Online Library,https://onlinelibrary.wiley.com/doi/abs/10.1002/cne.901660109,,
"S Monsarrat, S Benhamou, F Sarrazin…",How predictability of feeding patches affects home range and foraging habitat selection in avian social scavengers?,2013,PloS one,journals.plos.org,https://journals.plos.org/plosone/article?id=10.1371/journal.pone.0053077,,
"R Wiltschko, W Wiltschko",Avian magnetic compass: Its functional properties and physical basis.,2010,Current Zoology,researchgate.net,https://www.researchgate.net/profile/Roswitha_Wiltschko/publication/287715981_Avian_magnetic_compass_Its_functional_properties_and_physical_basis/links/5774fb1a08aead7ba06fbdd1.pdf,,
"S Edelman, B Westerlund-Wikström…",In vitro adhesion specificity of indigenous lactobacilli within the avian intestinal tract,2002,Appl. Environ …,Am Soc Microbiol,https://aem.asm.org/content/68/10/5155.short,,
"RK Didham, RM Ewers, NJ Gemmell","Comment on"" avian extinction and mammalian introductions on oceanic islands""",2005,Science,science.sciencemag.org,http://science.sciencemag.org/content/307/5714/1412.1.short,,
"DD Copeland, FA Talley, DD Bigner",The fine structure of intracranial neoplasms induced by the inoculation of avian sarcoma virus in neonatal and adult rats.,1976,The American journal of …,ncbi.nlm.nih.gov,https://www.ncbi.nlm.nih.gov/pmc/articles/PMC2032440/,,
"MD Cooper, HG Purchase, DE Bockman…",Studies on the nature of the abnormality of B cell differentiation in avian lymphoid leukosis: production of heterogeneous IgM by tumor cells,1974,The Journal of …,Am Assoc Immnol,http://www.jimmunol.org/content/113/4/1210.short,,
"JS Brugge, RL Erikson",Identification of a transformation-specific antigen induced by an avian sarcoma virus,1977,Nature,nature.com,https://www.nature.com/articles/269346a0,,
"MD Saad, SA Lu'ay, MA Gamal-Eldein…","Possible avian influenza (H5N1) from migratory bird, Egypt",2007,Emerging infectious …,ncbi.nlm.nih.gov,https://www.ncbi.nlm.nih.gov/pmc/articles/PMC2878221/,,
"S Priolo, JG Sivak, JR Kuszak…",Effects of experimentally induced ametropia on the morphology and optical quality of the avian crystalline lens,2000,… ophthalmology & visual …,arvojournals.org,https://arvojournals.org/article.aspx?articleID=2123549,,
"L Chen, MY Lim, H Bose…",Rearrangements of chicken immunoglobulin genes in lymphoid cells transformed by the avian retroviral oncogene v-rel,1988,Proceedings of the …,National Acad Sciences,https://www.pnas.org/content/85/2/549.short,,
"FE Stockdale, JB Miller",The cellular basis of myosin heavy chain isoform expression during development of avian skeletal muscles,1987,Developmental biology,Elsevier,https://www.sciencedirect.com/science/article/pii/0012160687904209,,
MF Willson,Avian frugivory and seed dispersal in eastern North America,1986,Current ornithology,Springer,https://link.springer.com/chapter/10.1007/978-1-4615-6784-4_5,,
"K Pacifici, TR Simons, KH Pollock",Effects of vegetation and background noise on the detection process in auditory avian point-count surveys,2008,The Auk,academic.oup.com,https://academic.oup.com/auk/article-abstract/125/3/600/5148274,,
JG Carr,Internal structure of avian melanin granules: An electron microscope study,1957,Journal of Cell Science,jcs.biologists.org,http://jcs.biologists.org/content/s3-98/42/159.short,,
"DL Lacey, WE Huffer",Studies on the pathogenesis of avian rickets. I. Changes in epiphyseal and metaphyseal vessels in hypocalcemic and hypophosphatemic rickets.,1982,The American journal of pathology,ncbi.nlm.nih.gov,https://www.ncbi.nlm.nih.gov/pmc/articles/PMC1916114/,,
"F Gutiérrez‐Corchero, MV Arruga, L Sanz…",Using FTA® cards to store avian blood samples for genetic studies. Their application in sex determination,2002,Molecular Ecology …,Wiley Online Library,https://onlinelibrary.wiley.com/doi/abs/10.1046/j.1471-8278.2001.00110.x,,
"RG Deeley, DP Mullinix, W Wetekam…",Vitellogenin synthesis in the avian liver. Vitellogenin is the precursor of the egg yolk phosphoproteins.,1975,Journal of Biological …,ASBMB,http://www.jbc.org/content/250/23/9060.short,,
"CW Nichols, GB Koelle",Comparison of the localization of acetylcholinesterase and non‐specific cholinesterase activities in mammalian and avian retians,1968,Journal of Comparative Neurology,Wiley Online Library,https://onlinelibrary.wiley.com/doi/abs/10.1002/cne.901330102,,
"JK Kim, JC Haselgrove…",Measurement of metabolic events in the avian epiphyseal growth cartilage using a bioluminescence technique.,1993,Journal of Histochemistry …,journals.sagepub.com,https://journals.sagepub.com/doi/abs/10.1177/41.5.8468450,,
"BWC Rosser, MB Davis, JR Brocklebank, JC George",On the histochemical characterization and distribution of fast and slow muscle fibers in certain avian skeletal muscles,1987,Acta histochemica,Elsevier,https://www.sciencedirect.com/science/article/pii/S0065128187800818,,
"JE Crandall, MB Heaton…",Tectal projection of displaced ganglion cells in avian retina.,1977,… ophthalmology & visual …,iovs.arvojournals.org,https://iovs.arvojournals.org/article.aspx?articleid=2158816,,
"CH Domermuth, WB Gross","A medium for isolation and tentative identification of fecal streptococci, and their role as avian pathogens",1969,Avian diseases,JSTOR,https://www.jstor.org/stable/1588508,,
"HL Sweeney, H Feng",Structure—Function Analysis of Cytoskeletal/Contractile Proteins in Avian Myotubes,1997,Methods in cell biology,Elsevier,https://www.sciencedirect.com/science/article/pii/S0091679X08603830,,
"MC Gong, P Cohen, T Kitazawa, M Ikebe…",Myosin light chain phosphatase activities and the effects of phosphatase inhibitors in tonic and phasic smooth muscle.,1992,Journal of Biological …,ASBMB,http://www.jbc.org/content/267/21/14662.short,,
H Hanafusa,Avian RNA tumor viruses,1975,Cancer a Comprehensive Treatise 2,Springer,https://link.springer.com/chapter/10.1007/978-1-4684-2733-2_2,,
"ER Walker, MH Friedman, NO Olson…","An Ultrastructural Study of Avian Synovium Infected With An Arthrotropic Mycoplasma, Mycoplasma synoviae",1978,Veterinary …,journals.sagepub.com,https://journals.sagepub.com/doi/abs/10.1177/030098587801500317,,
"J Bitman, HC Cecil, GF Fries",DDT-induced inhibition of avian shell gland carbonic anhydrase: a mechanism for thin eggshells,1970,Science,science.sciencemag.org,http://science.sciencemag.org/content/168/3931/594.short,,
J Moore,Responses of an avian predator and its isopod prey to an acanthocephalan parasite,1983,Ecology,Wiley Online Library,https://esajournals.onlinelibrary.wiley.com/doi/abs/10.2307/1937807,,
"K Johnson, JM Marzluff",Some problems and approaches in avian mate choice,1990,The Auk,academic.oup.com,https://academic.oup.com/auk/article-abstract/107/2/296/5191684,,
"V Krenn, P Gorka, F Wachtler, B Christ…",On the origin of cells determined to form skeletal muscle in avian embryos,1988,Anatomy and embryology,Springer,https://link.springer.com/article/10.1007/BF00305099,,
"RM Dwars, FG Davelaar, HF Smit",Infection of broiler parent hens with avian intestinal spirochaetes: effects on egg production and chick quality,1993,Avian Pathology,Taylor & Francis,https://www.tandfonline.com/doi/abs/10.1080/03079459308418957,,
"LM Siegfried, C Olson",Characteristics of avian transmissible lymphoid tumor cells maintained in culture,1972,Journal of the National Cancer Institute,academic.oup.com,https://academic.oup.com/jnci/article-abstract/48/3/791/1337712,,
"JM Perez-Pomares, R Carmona…",Origin of coronary endothelial cells from epicardial mesothelium in avian embryos.,2002,International Journal of …,ijdb.ehu.es,http://www.ijdb.ehu.es/web/paper/12533024,,
IW Sherman,Molecular heterogeneity of lactic dehydrogenase in avian malaria (Plasmodium lophurae),1961,Journal of experimental medicine,jem.rupress.org,http://jem.rupress.org/content/114/6/1049.abstract,,
"JT Rotenberry, JA Wiens","Habitat structure, patchiness, and avian communities in North American steppe vegetation: a multivariate analysis",1980,Ecology,Wiley Online Library,https://esajournals.onlinelibrary.wiley.com/doi/abs/10.2307/1936840,,
"M Krautwald-Junghanns, SE Orosz, T Tully Jr",Essentials of avian medicine and surgery,2008,,books.google.com,https://books.google.com/books?hl=en&lr=&id=Y__okjurvl8C&oi=fnd&pg=PP2&dq=avian+(light+OR+streetlight+OR+headlight+OR+spotlight+OR+lamp+OR+beacon+OR+beam+OR+ceilometer)&ots=8NHnb4d0eu&sig=Ljtu44s--7_OZz8en4CAZw3a7bk,,
"TX O'Brien, KJ Lee, KR Chien",Positional specification of ventricular myosin light chain 2 expression in the primitive murine heart tube,1993,Proceedings of the National …,National Acad Sciences,https://www.pnas.org/content/90/11/5157.short,,
"RM Riehl, WP Sullivan, BT Vroman, VJ Bauer…",Immunological evidence that the nonhormone binding component of avian steroid receptors exists in a wide range of tissues and species,1985,Biochemistry,ACS Publications,https://pubs.acs.org/doi/pdf/10.1021/bi00344a042,,
"J Verhaal, JA Kirsch, I Vlachos…",Lateralized reward‐related visual discrimination in the avian entopallium,2012,European Journal of …,Wiley Online Library,https://onlinelibrary.wiley.com/doi/abs/10.1111/j.1460-9568.2012.08049.x,,
"MM Dietl, R Cortes, JM Palacios",Neurotransmitter receptors in the avian brain. II. Muscarinic cholinergic receptors,1988,Brain research,Elsevier,https://www.sciencedirect.com/science/article/pii/0006899388914953,,
"KY Njabo, AJ Cornel, RNM Sehgal…","Coquillettidia (Culicidae, Diptera) mosquitoes are natural vectors of avian malaria in Africa",2009,Malaria …,malariajournal.biomedcentral.com,https://malariajournal.biomedcentral.com/articles/10.1186/1475-2875-8-193,,
"VP Bingman, JJ Siegel, A Gagliardo…",Representing the richness of avian spatial cognition: properties of a lateralized homing pigeon hippocampus,2006,Reviews in the …,degruyter.com,https://www.degruyter.com/view/j/revneuro.2006.17.issue-1-2/revneuro.2006.17.1-2.17/revneuro.2006.17.1-2.17.xml,,
"DE Stallknecht, SM Shane, MT Kearney, PJ Zwank",Persistence of avian influenza viruses in water,1990,Avian diseases,JSTOR,https://www.jstor.org/stable/1591428,,
"RK Holt, GS Sohal",Elimination of multiple innervation in the developing avian superior oblique muscle,1978,American Journal of Anatomy,Wiley Online Library,https://onlinelibrary.wiley.com/doi/abs/10.1002/aja.1001510212,,
"GC Schoenwolf, MV Franks",Quantitative analyses of changes in cell shapes during bending of the avian neural plate,1984,Developmental biology,Elsevier,https://www.sciencedirect.com/science/article/pii/0012160684902847,,
"S Walsh, A Milner",11 Evolution of the Avian Brain and Senses,2011,Living dinosaurs: the evolutionary history of …,books.google.com,https://books.google.com/books?hl=en&lr=&id=GdRnFn7I38kC&oi=fnd&pg=PA282&dq=avian+(light+OR+streetlight+OR+headlight+OR+spotlight+OR+lamp+OR+beacon+OR+beam+OR+ceilometer)&ots=8WbW-HO3Xj&sig=tAbEE5xkeZwGNU--QZfPqSwLsOQ,,
"X Xing, MA Norell","Non‐avian dinosaur fossils from the Lower Cretaceous Jehol Group of western Liaoning, China",2006,Geological Journal,Wiley Online Library,https://onlinelibrary.wiley.com/doi/abs/10.1002/gj.1044,,
"MO Braune, RF Gentry",Standardization of the fluorescent antibody technique for the detection of avian respiratory viruses,1965,Avian diseases,JSTOR,https://www.jstor.org/stable/1588136,,
E Bandman,Functional properties of myosin isoforms in avian muscle,1999,Poultry science,academic.oup.com,https://academic.oup.com/ps/article-abstract/78/5/729/1558818,,
"MH Maxwell, GW Robertson",The avian basophilic leukocyte: a review,1995,World's Poultry Science Journal,cambridge.org,https://www.cambridge.org/core/journals/world-s-poultry-science-journal/article/avian-basophilic-leukocyte-a-review/FE147AC497302CF81C5CEB59656AA49D,,
CA Keepax,Avian egg-shell from archaeological sites,1981,Journal of Archaeological Science,Elsevier,https://www.sciencedirect.com/science/article/pii/0305440381900327,,
E Gwinner,Circannual rhythms in the control of avian migrations,1986,Advances in the Study of Behavior,Elsevier,https://www.sciencedirect.com/science/article/pii/S0065345408601916,,
"SS Arshad, AP Bland, SM Hacker, LN Payne",A low incidence of histiocytic sarcomatosis associated with infection of chickens with the HPRS-103 strain of subgroup J avian leukosis virus,1997,Avian diseases,JSTOR,https://www.jstor.org/stable/1592351,,
"LA Lipsich, AJ Lewis, JS Brugge",Isolation of monoclonal antibodies that recognize the transforming proteins of avian sarcoma viruses.,1983,Journal of virology,Am Soc Microbiol,https://jvi.asm.org/content/48/2/352.short,,
EM Macphail,The role of the avian hippocampus in spatial memory,2002,Psicologica,Universitat de València,,,
HG Wallraff,Avian olfactory navigation: its empirical foundation and conceptual state,2004,Animal Behaviour,Elsevier,https://www.sciencedirect.com/science/article/pii/S0003347203003956,,
RH Sawyer,Avian scale development. I. Histogenesis and morphogenesis of the epidermis and dermis during formation of the scale ridge,1972,Journal of Experimental Zoology,Wiley Online Library,https://onlinelibrary.wiley.com/doi/abs/10.1002/jez.1401810307,,
TM Work,Avian necropsy manual for biologists in remote refuges,2000,,pelagicos.net,http://www.pelagicos.net/pdfs/necropsy/USGS_seabirdmanual.pdf,,
"KA Brogden, KR Rhoades, RB Rimler",Serologic types and physiologic characteristics of 46 avian Pasteurella anatipestifer cultures,1982,Avian diseases,JSTOR,https://www.jstor.org/stable/1589877,,
KC KLASING,Avian leukocytic cytokines,1994,Poultry science,academic.oup.com,https://academic.oup.com/ps/article-abstract/73/7/1035/1481481,,
"JP Card, N Brecha, HJ Karten…",… localization of vasoactive intestinal polypeptide-containing cells and processes in the suprachiasmatic nucleus of the rat: light and electron microscopic analysis,1981,Journal of …,Soc Neuroscience,http://www.jneurosci.org/content/1/11/1289.short,,
"KS Naidu, LW Morgan…",Inflammation in the avian spleen: timing is everything,2010,BMC molecular …,bmcmolbiol.biomedcentral.com,https://bmcmolbiol.biomedcentral.com/articles/10.1186/1471-2199-11-104,,
"Y Jiao, T Lau, H Hatzikirou, M Meyer-Hermann…",Avian photoreceptor patterns represent a disordered hyperuniform solution to a multiscale packing problem,2014,Physical Review E,APS,https://journals.aps.org/pre/abstract/10.1103/PhysRevE.89.022721,,
"H Rubin, A Cornelius, L Fanshier",The pattern of congenital transmission of an avian leukosis virus,1961,… of Sciences of the United States …,ncbi.nlm.nih.gov,https://www.ncbi.nlm.nih.gov/pmc/articles/PMC221325/,,
"BL Woodworth, CT Atkinson…",Host population persistence in the face of introduced vector-borne diseases: Hawaii amakihi and avian malaria,2005,Proceedings of the …,National Acad Sciences,https://www.pnas.org/content/102/5/1531.short,,
"FL Margolis, SC Bondy",Effect of unilateral visual deprivation by eyelid suturing on protein and ribonucleic acid metabolism of avian brain,1970,Experimental neurology,Elsevier,https://www.sciencedirect.com/science/article/pii/001448867090227X,,
"AJ Langlois, RB Fritz, U Heine, D Beard, DP Bolognesi…",Response of bone marrow to MC29 avian leukosis virus in vitro,1969,Cancer research,AACR,http://cancerres.aacrjournals.org/content/29/11/2056.short,,
"Y Bai, ME Cook",Histological study of tibial dyschondroplasia-like lesion from light-type chicks fed cysteine-supplemented diets,1994,Avian diseases,JSTOR,https://www.jstor.org/stable/1592079,,
"B Diekamp, A Gagliardo, O Güntürkün",Nonspatial and subdivision-specific working memory deficits after selective lesions of the avian prefrontal cortex,2002,Journal of Neuroscience,Soc Neuroscience,http://www.jneurosci.org/content/22/21/9573.short,,
"MH Ellisman, TJ Deerinck, Y Ouyang, CF Beck…",Identification and localization of ryanodine binding proteins in the avian central nervous system,1990,Neuron,Elsevier,https://www.sciencedirect.com/science/article/pii/089662739090304X,,
"MA Gray, SL Baldauf, PJ Mayhew…",The response of avian feeding guilds to tropical forest disturbance,2007,Conservation …,Wiley Online Library,https://onlinelibrary.wiley.com/doi/abs/10.1111/j.1523-1739.2006.00557.x,,
"B Fresnillo, J Belliure, JJ Cuervo",Red tails are effective decoys for avian predators,2015,Evolutionary ecology,Springer,https://link.springer.com/article/10.1007/s10682-014-9739-2,,
"BH Thorp, SB Jakowlew, C Goddard",Avian dyschondroplasia: local deficiencies in growth factors are integral to the aetiopathogenesis,1995,Avian Pathology,Taylor & Francis,https://www.tandfonline.com/doi/abs/10.1080/03079459508419054,,
MN ROSEN,Species susceptibility to avian cholera,1969,Bulletin of the Wildlife Disease Association,Wildlife Dis Assoc,http://www.jwildlifedis.org/doi/abs/10.7589/0090-3558-5.3.195,,
"L Yang, S You, L Zhang, T Yang, P Li…",Noninvasive vasculature detection using laser speckle imaging in avian embryos through intact egg in early incubation stage,2013,Biomedical optics …,osapublishing.org,https://www.osapublishing.org/abstract.cfm?uri=boe-4-1-32,,
"A Van Tienhoven, RJ Planck",The effect of light on avian reproductive activity,1973,"Handbook of physiology, endocrinology II, part",,,,
"RM Dougherty, AA Marucci…",Application of immunohistochemistry to study of avian leukosis virus,1972,Journal of General …,jgv.microbiologyresearch.org,https://jgv.microbiologyresearch.org/content/journal/jgv/10.1099/0022-1317-15-2-149,,
DW Roberson,Light microscopic evidence that direct transdifferentiation gives rise to new hair cells in regenerating avian auditory epithelium,1996,Auditory Neuroscience,ci.nii.ac.jp,https://ci.nii.ac.jp/naid/10029379792/,,
H Richner,Avian Laparoscopy as a Field Technique for Sexing Birds and an Assessment of Its Effects on Wild Birds (Laparoscopía en el Campo como Técnica para Determinar …,1989,Journal of Field Ornithology,JSTOR,https://www.jstor.org/stable/4513412,,
W Rowan,Relation of light to bird migration and developmental changes,1925,Nature,nature.com,https://www.nature.com/articles/115494b0,,
"F SARDÀ‐PALOMERA, G Bota, C Viñolo, O Pallarés…",Fine‐scale bird monitoring from light unmanned aircraft systems,2012,Ibis,Wiley Online Library,https://onlinelibrary.wiley.com/doi/abs/10.1111/j.1474-919X.2011.01177.x,,
"M Liedvogel, K Maeda, K Henbest, E Schleicher…",Chemical magnetoreception: bird cryptochrome 1a is excited by blue light and forms long-lived radical-pairs,2007,PloS one,journals.plos.org,https://journals.plos.org/plosone/article/file?id=10.1371/journal.pone.0001106&type=printable,,
"D Gomez, M Théry",Influence of ambient light on the evolution of colour signals: comparative analysis of a Neotropical rainforest bird community,2004,Ecology Letters,Wiley Online Library,https://onlinelibrary.wiley.com/doi/abs/10.1111/j.1461-0248.2004.00584.x,,
"M Avery, PF Springer, JF Cassel",The effects of a tall tower on nocturnal bird migration—a portable ceilometer study,1976,Auk,JSTOR,https://www.jstor.org/stable/4085044?seq=1&cid=pdf-reference,,
"SA Gauthreaux Jr, JW Livingston",Monitoring bird migration with a fixed‐beam radar and a thermal‐imaging camera,2006,Journal of Field Ornithology,Wiley Online Library,https://onlinelibrary.wiley.com/doi/abs/10.1111/j.1557-9263.2006.00060.x,,
"U Munro, JA Munro, JB Phillips, W Wiltschko",Effect of wavelength of light and pulse magnetisation on different magnetoreception systems in a migratory bird,1997,Australian Journal of Zoology,CSIRO,http://www.publish.csiro.au/ZO/ZO96066,,
"M Olofsson, A Vallin, S Jakobsson, C Wiklund",Marginal eyespots on butterfly wings deflect bird attacks under low light intensities with UV wavelengths,2010,PLoS One,journals.plos.org,https://journals.plos.org/plosone/article?id=10.1371/journal.pone.0010798,,
"JB Phillips, FR Moore",Calibration of the sun compass by sunset polarized light patterns in a migratory bird,1992,Behavioral Ecology and Sociobiology,Springer,https://link.springer.com/article/10.1007/BF00168646,,
"W Wiltschko, J Traudt, O Güntürkün, H Prior…",Lateralization of magnetic compass orientation in a migratory bird,2002,Nature,nature.com,https://www.nature.com/articles/nature00958,,
"BM Van Doren, KG Horton, AM Dokter…",High-intensity urban light installation dramatically alters nocturnal bird migration,2017,Proceedings of the …,National Acad Sciences,https://www.pnas.org/content/114/42/11175.short,,
"ELC Shepard, RP Wilson…",Pushed for time or saving on fuel: fine-scale energy budgets shed light on currencies in a diving bird,2009,… of the Royal …,royalsocietypublishing.org,https://royalsocietypublishing.org/doi/abs/10.1098/rspb.2009.0683,,
"FR Merkel, KL Johansen",Light-induced bird strikes on vessels in Southwest Greenland,2011,Marine Pollution Bulletin,Elsevier,https://www.sciencedirect.com/science/article/pii/S0025326X11004644,,
"RL Holberton, KP Able",Persistence of circannual cycles in a migratory bird held in constant dim light,1992,Journal of Comparative Physiology A,Springer,https://link.springer.com/article/10.1007/BF00194580,,
"…, Y Xie, D Xu, R Xu, J Zhang, W Zhao, H Albrecht, F Bird…",Determination of the number of light neutrino species,1989,Physics Letters B,Elsevier,https://www.sciencedirect.com/science/article/pii/0370269389907041,,
"AE Jahn, DJ Levey, VR Cueto, JP Ledezma, DT Tuero…",Long-distance bird migration within South America revealed by light-level geolocators,2013,The Auk,academic.oup.com,https://academic.oup.com/auk/article-abstract/130/2/223/5149351,,
"…, J Marshall, JI Krafft, RA Alexander, PS Hiscott, AC Bird",Sorsby's fundus dystrophy: a light and electron microscopic study,1989,Ophthalmology,Elsevier,https://www.sciencedirect.com/science/article/pii/S0161642089326649,,
"NC Coops, RH Waring, MA Wulder…",Bird diversity: a predictable function of satellite‐derived estimates of seasonal variation in canopy light absorbance across the United States,2009,Journal of …,Wiley Online Library,https://onlinelibrary.wiley.com/doi/abs/10.1111/j.1365-2699.2008.02053.x,,
GA Bird,Transition regime behavior of supersonic beam skimmers,1976,The Physics of fluids,aip.scitation.org,https://aip.scitation.org/doi/abs/10.1063/1.861351,,
"NA Barber, RJ Marquis",Light environment and the impacts of foliage quality on herbivorous insect attack and bird predation,2011,Oecologia,Springer,https://link.springer.com/article/10.1007/s00442-010-1840-9,,
Q Fan,Hexagonal roofed bird feeder with a solar powered lamp,2007,"US Patent App. 29/260,391",Google Patents,https://patents.google.com/patent/USD555841S1/en,,
"DM Bird, M Saunders",Inversion of convergent-beam electron diffraction patterns,1992,Acta Crystallographica Section A …,scripts.iucr.org,https://scripts.iucr.org/cgi-bin/paper?S0108767392001843,,
W Rowan,"Experiments in bird migration: III. The effects of artificial light, castration and certain extracts on the autumn movements of the American crow (Corvus brachyrhynchis)",1932,Proceedings of the National Academy of Sciences of …,ncbi.nlm.nih.gov,https://www.ncbi.nlm.nih.gov/pmc/articles/PMC1076302/,,
"RM Grover, DL Anderson, RA Damon Jr…","The effects of bird density, dietary energy, light intensity, and cage level on the reproductive performance of heavy type chickens in wire cages",1972,Poultry …,academic.oup.com,https://academic.oup.com/ps/article-abstract/51/2/565/1500003,,
"JD Blount, NB Metcalfe, KE Arnold, PF Surai…",Effects of neonatal nutrition on adult reproduction in a passerine bird,2006,Ibis,Wiley Online Library,https://onlinelibrary.wiley.com/doi/abs/10.1111/j.1474-919X.2006.00554.x,,
"SL Preston, DV Thiel, JW Lu, SG O'keefe, TS Bird",Electronic beam steering using switched parasitic patch elements,1997,Electronics Letters,IET,https://digital-library.theiet.org/content/journals/10.1049/el_19970048,,
"A Bruni, DJ Mennill, JR Foote","Dawn chorus start time variation in a temperate bird community: relationships with seasonality, weather, and ambient light",2014,Journal of Ornithology,Springer,https://link.springer.com/article/10.1007/s10336-014-1071-7,,
"G Maurer, SJ Portugal, ME Hauber, I Mikšík…",First light for avian embryos: eggshell thickness and pigmentation mediate variation in development and UV exposure in wild bird eggs,2015,Functional …,Wiley Online Library,https://besjournals.onlinelibrary.wiley.com/doi/abs/10.1111/1365-2435.12314,,
"A Möller, S Sagasser, W Wiltschko, B Schierwater",Retinal cryptochrome in a migratory passerine bird: a possible transducer for the avian magnetic compass,2004,Naturwissenschaften,Springer,https://link.springer.com/article/10.1007/s00114-004-0578-9,,
"B Robertson, G Kriska, V Horvath…",Glass buildings as bird feeders: urban birds exploit insects trapped by polarized light pollution,2010,Acta Zoologica …,arago.elte.hu,https://arago.elte.hu/sites/default/files/CaddisBirds_AZASH.pdf,,
"FA La Sorte, D Fink, JJ Buler, A Farnsworth…",Seasonal associations with urban light pollution for nocturnally migrating bird populations,2017,Global change …,Wiley Online Library,https://onlinelibrary.wiley.com/doi/abs/10.1111/gcb.13792,,
"GR Bird, M Parrish Jr",Light polarizer,1970,"US Patent 3,536,373",Google Patents,https://patents.google.com/patent/US3536373A/en,,
"G Mayr, H Alvarenga, C Mourer-Chauviré","Out of Africa: Fossils shed light on the origin of the hoatzin, an iconic Neotropic bird",2011,Naturwissenschaften,Springer,https://link.springer.com/article/10.1007/s00114-011-0849-1,,
"S Rani, S Singh, S Malik, J Singh…",Synchronization of Indian weaver bird circadian rhythms to food and light zeitgebers: role of pineal,2009,Chronobiology …,Taylor & Francis,https://www.tandfonline.com/doi/abs/10.1080/07420520902926009,,
M Théry,Effects of light environment on color communication,2006,Bird coloration,books.google.com,https://books.google.com/books?hl=en&lr=&id=WnJ8cSoXRMIC&oi=fnd&pg=PA148&dq=bird+(light+OR+streetlight+OR+headlight+OR+spotlight+OR+lamp+OR+beacon+OR+beam+OR+ceilometer)&ots=VVnF5Tth5h&sig=GVrR5zwIawSmamuOt01cNQ3mBgo,,
JK Piper,Germination and growth of bird‐dispersed plants: effects of seed size and light on seedling vigor and biomass allocation,1986,American Journal of Botany,Wiley Online Library,https://bsapubs.onlinelibrary.wiley.com/doi/abs/10.1002/j.1537-2197.1986.tb08539.x,,
"R Bird, I Gopal, A Herzberg, P Janson…",The kryptoknight family of light-weight protocols for authentication and key distribution,1995,… ACM transactions on …,ieeexplore.ieee.org,https://ieeexplore.ieee.org/abstract/document/365435/,,
"DC Lahti, DR Ardia",Shedding light on bird egg color: Pigment as parasol and the dark car effect,2016,The American Naturalist,journals.uchicago.edu,https://www.journals.uchicago.edu/doi/abs/10.1086/685780,,
"KJ Benoit-Bird, WWL Au…",Nocturnal light and lunar cycle effects on diel migration of micronekton,2009,Limnology and …,Wiley Online Library,https://aslopubs.onlinelibrary.wiley.com/doi/abs/10.4319/lo.2009.54.5.1789,,
"NC Bird, OS Davies",Light pen input systems,1999,"US Patent 5,959,617",Google Patents,https://patents.google.com/patent/US5959617A/en,,
"GE Hill, GE Hill, KJ McGraw",Bird coloration: mechanisms and measurements,2006,,books.google.com,https://books.google.com/books?hl=en&lr=&id=WnJ8cSoXRMIC&oi=fnd&pg=PR7&dq=bird+(light+OR+streetlight+OR+headlight+OR+spotlight+OR+lamp+OR+beacon+OR+beam+OR+ceilometer)&ots=VVnF5Tth5i&sig=Y1LWjq_WCA1N3EwkKYcApZIpFaQ,,
M Oliver,Red bird: poems,2008,,books.google.com,https://books.google.com/books?hl=en&lr=&id=sr7GMCknvLQC&oi=fnd&pg=PA1&dq=bird+(light+OR+streetlight+OR+headlight+OR+spotlight+OR+lamp+OR+beacon+OR+beam+OR+ceilometer)&ots=kvbXkWDaQ3&sig=Ew3tPRm-9Sfs_3XW-j7Nafx7e8U,,
M Jeckle,Ultraviolet light absorbing composition for bird hunting apparatus,2009,"US Patent 7,528,187",Google Patents,https://patents.google.com/patent/US7528187B2/en,,
S Lustick,The effect of intense light on bird behavior and physiology,1973,,digitalcommons.unl.edu,https://digitalcommons.unl.edu/icwdmbirdcontrol/119/,,
"GR Bird, JM Parrish",Processes for preparing light polarizing materials,1962,"US Patent 3,046,839",Google Patents,https://patents.google.com/patent/US3046839A/en,,
"CL Ralph, L Hedlund…",Diurnal cycles of melatonin in bird pineal bodies,1967,Comparative …,mdanderson.elsevierpure.com,https://mdanderson.elsevierpure.com/en/publications/diurnal-cycles-of-melatonin-in-bird-pineal-bodies,,
N Ginsburg,Conditioned talking in the mynah bird.,1963,Journal of Comparative and Physiological …,psycnet.apa.org,https://psycnet.apa.org/record/1964-05619-001,,
DJ Duncan,"My story as told by water: confessions, Druidic rants, reflections, bird-watchings, fish-stalkings, visions, songs and prayers refracting light, from living rivers, in …",2002,,books.google.com,https://books.google.com/books?hl=en&lr=&id=HAviEKoOChcC&oi=fnd&pg=PA3&dq=bird+(light+OR+streetlight+OR+headlight+OR+spotlight+OR+lamp+OR+beacon+OR+beam+OR+ceilometer)&ots=8D6vc4E9Iq&sig=wyJ9Ak9jiNjOBT8pKBkGaUaYF28,,
CE Borroni-Bird,Fuel cell commercialization issues for light-duty vehicle applications,1996,Journal of Power Sources,Elsevier,https://www.sciencedirect.com/science/article/pii/S037877539602335X,,
LJ Evans Ogden,Summary Report on the Bird Friendly Building Program: Effect of Light Reduction on Collision of Migratory Birds.,2002,,digitalcommons.unl.edu,https://digitalcommons.unl.edu/flap/5/,,
"…, J Zhang, W Zhao, H Albrecht, WB Atwood, F Bird…",A precise determination of the number of families with light neutrinos and of the Z boson partial widths,1990,Physics Letters B,Elsevier,https://www.sciencedirect.com/science/article/pii/037026939091984J,,
"T Schneider, HP Thalau, P Semm",Effects of light or different earth-strength magnetic fields on the nocturnal melatonin concentration in a migratory bird,1994,Neuroscience letters,Elsevier,https://www.sciencedirect.com/science/article/pii/0304394094904197,,
SA Gauthreaux,A portable ceilometer technique for studying low-level nocturnal migration,1969,Bird-banding,JSTOR,https://www.jstor.org/stable/4511604,,
"ET Mezquida, A Villarán, J Pascual-Parra",Timing of autumn bird migration in central Spain in light of recent climate change,2007,Ardeola,researchgate.net,https://www.researchgate.net/profile/Alfonso_Villaran/publication/274635050_Timing_of_autumn_bird_migration_in_central_Spain_in_light_of_recent_climate_change/links/5523f3750cf2c815e0741fa4/Timing-of-autumn-bird-migration-in-central-Spain-in-light-of-recent-climate-change.pdf,,
"H Mouritsen, T Ritz",Magnetoreception and its use in bird navigation,2005,Current opinion in neurobiology,Elsevier,https://www.sciencedirect.com/science/article/pii/S0959438805000942,,
"V Ferrante, S Lolli, S Marelli, G Vezzoli, F Sirri…","Effect of light programmes, bird densities and litter types on broilers welfare",2006,Proc. XII European …,cabi.org,https://www.cabi.org/Uploads/animal-science/worlds-poultry-science-association/WPSA-italy-2006/10583.pdf,,
"JY Navarro, DC Lahti",Light dulls and darkens bird eggs,2014,PloS one,journals.plos.org,https://journals.plos.org/plosone/article?id=10.1371/journal.pone.0116112,,
DR Griffin,"Acoustic orientation in the oil bird, Steatornis",1953,Proceedings of the National Academy of Sciences of …,ncbi.nlm.nih.gov,https://www.ncbi.nlm.nih.gov/pmc/articles/PMC1063873/,,
G Kramer,EXPERIMENTS ON BIRD ORIENTATION*.,1952,Ibis,Wiley Online Library,https://onlinelibrary.wiley.com/doi/abs/10.1111/j.1474-919X.1952.tb01817.x,,
"MK Bird, H Volland, RA Howard, MJ Koomen…",White-light and radio sounding observations of coronal transients,1985,Solar physics,Springer,https://link.springer.com/article/10.1007/BF00152465,,
M Karplus,Bird activity in the continuous daylight of arctic summer,1952,Ecology,JSTOR,https://www.jstor.org/stable/1931264,,
"DM Chen, JS Collins, TH Goldsmith",The ultraviolet receptor of bird retinas,1984,Science,science.sciencemag.org,https://science.sciencemag.org/content/225/4659/337.short,,
P Marler,Bird songs and mate selection,1958,Animal Behaviour,Academic Press,,,
"M Brydegaard, P Lundin, Z Guan, A Runemark…",Feasibility study: fluorescence lidar for remote bird classification,2010,Applied …,osapublishing.org,https://www.osapublishing.org/abstract.cfm?uri=ao-49-24-4531,,
"M Zapka, D Heyers, CM Hein, S Engels, NL Schneider…",Visual but not trigeminal mediation of magnetic compass information in a migratory bird,2009,Nature,nature.com,https://www.nature.com/articles/nature08528,,
SA Gauthreaux Jr,Weather radar quantification of bird migration,1970,BioScience,academic.oup.com,https://academic.oup.com/bioscience/article-abstract/20/1/17/221953,,
"GR Bird, JM Parrish",Metallic grid light-polarizing device,1966,"US Patent 3,291,550",Google Patents,https://patents.google.com/patent/US3291550A/en,,
"I Friedmann, L Michaels, J Gerwat, ES Bird",The microscopic anatomy of the nasopharyngeal tonsil by light and electron microscopy,1972,Orl,karger.com,https://www.karger.com/Article/Abstract/275051,,
"GJ Tate, JM Bishop, A Amar",Differential foraging success across a light level spectrum explains the maintenance and spatial structure of colour morphs in a polymorphic bird,2016,Ecology Letters,Wiley Online Library,https://onlinelibrary.wiley.com/doi/abs/10.1111/ele.12606,,
"XY Xing, P Alström, XJ Yang…","Recent northward range expansion promotes song evolution in a passerine bird, the Light‐vented Bulbul",2013,Journal of Evolutionary …,Wiley Online Library,https://onlinelibrary.wiley.com/doi/abs/10.1111/jeb.12101,,
NV Kokshaysky,Tracing the wake of a flying bird,1979,Nature,nature.com,https://www.nature.com/articles/279146a0,,
"J Zaumseil, CR McNeill, M Bird, DL Smith…",Quantum efficiency of ambipolar light-emitting polymer field-effect transistors,2008,Journal of Applied …,aip.scitation.org,https://aip.scitation.org/doi/abs/10.1063/1.2894723,,
"DC Klein, JL Weller",Rapid light-induced decrease in pineal serotonin N-acetyltransferase activity,1972,Science,science.sciencemag.org,https://science.sciencemag.org/content/177/4048/532.short,,
"H Appelquist, S Asbirk, I Drabæk",Mercury monitoring: mercury stability in bird feathers,1984,Marine Pollution Bulletin,Elsevier,https://www.sciencedirect.com/science/article/pii/0025326X84904193,,
CS Robbins,Bird activity levels related to weather,1981,Studies in avian biology,sora.unm.edu,https://sora.unm.edu/sites/default/files/SAB_006_1981_P301-310%20Part%206%20Bird%20Activity%20Levels%20Related%20to%20Weather%20Chandler%20S.%20Robbins.pdf,,
"DJG Pearce, AM Miller, G Rowlands…",Role of projection in the control of bird flocks,2014,Proceedings of the …,National Acad Sciences,https://www.pnas.org/content/111/29/10422.short,,
"JF Lin, JP Bird, L Rotkina, PA Bennett",Classical and quantum transport in focused-ion-beam-deposited Pt nanointerconnects,2003,Applied Physics Letters,aip.scitation.org,https://aip.scitation.org/doi/abs/10.1063/1.1541940,,
"JC Howell, AR Laskey, JT Tanner",Bird mortality at airport ceilometers,1954,The Wilson Bulletin,JSTOR,https://www.jstor.org/stable/4158327,,
AM Dorado-Correa…,"Anthropogenic noise, but not artificial light levels predicts song behaviour in an equatorial bird",2016,Royal Society …,royalsocietypublishing.org,https://royalsocietypublishing.org/doi/abs/10.1098/rsos.160231,,
"JP Thapliyal, RN Saxena",Absence of a refractory period in the common weaver bird,1964,The Condor,sora.unm.edu,http://sora.unm.edu/sites/default/files/journals/condor/v066n03/p0199-p0208.pdf,,
TS Bird,Contoured-beam synthesis for array-fed reflector antennas by field correlation,1982,"IEE Proceedings H (Microwaves, Optics and Antennas)",IET,https://digital-library.theiet.org/content/journals/10.1049/ip-h-1.1982.0061,,
"B Bruderer, D Peter, T Steuri",Behaviour of migrating birds exposed to X-band radar and a bright light beam,1999,Journal of experimental biology,jeb.biologists.org,https://jeb.biologists.org/content/202/9/1015.short,,
"AV Kociolek, AP Clevenger, CC St. Clair…",Effects of road networks on bird populations,2011,Conservation …,Wiley Online Library,https://onlinelibrary.wiley.com/doi/abs/10.1111/j.1523-1739.2010.01635.x,,
"D Burkhardt, E Maier",The spectral sensitivity of a passerine bird is highest in the UV,1989,Naturwissenschaften,Springer,http://www.springerlink.com/index/wx57611624n85x27.pdf,,
CC Totaro,Bird observatory,1991,"US Patent 5,016,571",Google Patents,https://patents.google.com/patent/US5016571A/en,,
H van Grouw,What colour is that bird,2013,British birds,researchgate.net,https://www.researchgate.net/profile/Hein_Grouw/publication/273348895_What_Colour_is_that_bird_The_causes_and_recognition_of_common_colour_aberrations_in_birds/links/54ff070b0cf2eaf210b49016/What-Colour-is-that-bird-The-causes-and-recognition-of-common-colour-aberrations-in-birds.pdf,,
"…, Z Zhang, W Zhao, H Albrecht, WB Atwood, F Bird…",Search for a very light Higgs boson in Z decays,1990,Physics Letters B,Elsevier,https://www.sciencedirect.com/science/article/pii/037026939090148Y,,
"L Rotkina, JF Lin, JP Bird",Nonlinear current-voltage characteristics of Pt nanowires and nanowire transistors fabricated by electron-beam deposition,2003,Applied Physics Letters,aip.scitation.org,https://aip.scitation.org/doi/abs/10.1063/1.1629382,,
H KOBAYASHI,"Inhibition by sex steroids and thyroid substance of light-induced gonadal development in the passerine bird, Zosterops palpebrosa japonica",1954,Endocrinologia japonica,jstage.jst.go.jp,https://www.jstage.jst.go.jp/article/endocrj1954/1/1/1_1_51/_article/-char/ja/,,
R Steffen,Process and apparatus for preventing bird collisions,1988,"US Patent 4,736,907",Google Patents,https://patents.google.com/patent/US4736907A/en,,
"NL Bird, LCM Chen, J McLachlan","Effects of temperature, light and salinity on growth in culture of Chondrus crispus. Furcellaria lumbricalis, Gracilaria tikvahiae (Gigartinales, Rhodophyta), and Fucus …",1979,Botanica Marina,degruyter.com,https://www.degruyter.com/view/j/botm.1979.22.issue-8/botm.1979.22.8.521/botm.1979.22.8.521.xml?fst=0&r=1&l=ri,,
B Bruderer,The study of bird migration by radar part 1: The technical basis,1997,Naturwissenschaften,Springer,http://www.springerlink.com/index/59TW4C9635NN482Y.pdf,,
JR Bird,Nuclear cross sections for ion beam analysis,1980,Nuclear Instruments and Methods,Elsevier,https://www.sciencedirect.com/science/article/pii/0029554X80912367,,
"M Ciach, A Fröhlich","Habitat type, food resources, noise and light pollution explain the species composition, abundance and stability of a winter bird assemblage in an urban …",2017,Urban Ecosystems,Springer,https://link.springer.com/article/10.1007/s11252-016-0613-6,,
"JR Bird, P Duerden, DJ Wilson",Ion beam techniques in archaeology and the arts,1983,Nucl. Sci. Appl.;(United States),osti.gov,https://www.osti.gov/biblio/5055378,,
GG Kuelbs,Solar powered bird feeder,2007,"US Patent 7,168,392",Google Patents,https://patents.google.com/patent/US7168392B2/en,,
"ME Deetjen, AA Biewener…",High-speed surface reconstruction of a flying bird using structured light,2017,Journal of Experimental …,jeb.biologists.org,https://jeb.biologists.org/content/220/11/1956.abstract,,
H Fernandez,Bird cage,1994,"US Patent App. 29/015,532",Google Patents,https://patents.google.com/patent/USD353030S/en,,
"KP Able, MA Able",Daytime calibration of magnetic orientation in a migratory bird requires a view of skylight polarization,1993,Nature,nature.com,https://www.nature.com/articles/364523a0,,
"A Chandola, R Singh, JP Thapliyal",Evidence for a circadian oscillation in the gonadal response of the tropical weaver bird (Ploceus philippinus) to programmed photoperiod.,1976,Chronobiologia,europepmc.org,https://europepmc.org/abstract/med/1017360,,
NC Bird,Matrix display device with light sensing function and time-shared amplifier,1995,"US Patent 5,386,543",Google Patents,https://patents.google.com/patent/US5386543A/en,,
EJ Maier,Spectral sensitivities including the ultraviolet of the passeriform bird Leiothrix lutea,1992,Journal of Comparative Physiology A,Springer,https://link.springer.com/article/10.1007/BF00198981,,
JM Faure,To adapt the environment to the bird or the bird to the environment?,1980,The laying hen and its environment,Springer,https://link.springer.com/chapter/10.1007/978-94-009-8922-1_3,,
S Lustick,Bird energetics: effects of artificial radiation,1969,Science,science.sciencemag.org,https://science.sciencemag.org/content/163/3865/387.short,,
"JA Hemmingson, RH Furneaux","Manipulation of galactan biosynthesis in Gracilaria chilensis Bird, McLachlan et Oliveira by light deprivation",2000,Botanica Marina,degruyter.com,https://www.degruyter.com/view/j/botm.2000.43.issue-3/bot.2000.030/bot.2000.030.xml,,
E Finger,Visible and UV coloration in birds: Mie scattering as the basis of color in many bird feathers,1995,Naturwissenschaften,Springer,http://www.springerlink.com/index/v356u70268w24nhu.pdf,,
GG Kuelbs,Solar powered bird feeder,2005,"US Patent 6,901,882",Google Patents,https://patents.google.com/patent/US6901882B2/en,,
FF Darling,Bird flocks and the breeding cycle. A contribution to the study of avian sociality,1938,,era.lib.ed.ac.uk,https://www.era.lib.ed.ac.uk/bitstream/handle/1842/32309/DarlingFF_1938_v1redux.pdf?sequence=1&isAllowed=y,,
N Goel,"An arousing, musically enhanced bird song stimulus mediates circadian rhythm phase advances in dim light",2006,"American Journal of Physiology-Regulatory, Integrative …",physiology.org,https://www.physiology.org/doi/abs/10.1152/ajpregu.00550.2005,,
"RCG Naber, M Bird, H Sirringhaus",A gate dielectric that enables high ambipolar mobilities in polymer light-emitting field-effect transistors,2008,Applied Physics Letters,aip.scitation.org,https://aip.scitation.org/doi/abs/10.1063/1.2957472,,
"U Schreiber, R Gademann, P Bird, PJ Ralph…",APPARENT LIGHT REQUIREMENT FOR ACTIVATION OF PHOTOSYNTHESIS UPON REHYDRATION OF DESICCATED BEACHROCK MICROBIAL MATS1,2002,Journal of …,Wiley Online Library,https://onlinelibrary.wiley.com/doi/abs/10.1046/j.1529-8817.2002.01103.x,,
T Graham,Bird repellent light,1961,"US Patent 3,013,145",Google Patents,https://patents.google.com/patent/US3013145A/en,,
LS Buurma,Long-range surveillance radars as indicators of bird numbers aloft,1995,Israel Journal of Ecology and Evolution,brill.com,https://brill.com/view/journals/ijee/41/3/article-p221_5.xml,,
"JM Hoggard, JL Lane",Bird protection apparatus,1982,"US Patent 4,359,844",Google Patents,https://patents.google.com/patent/US4359844A/en,,
"…, G Bardin, G Baum, P Berglund, L Betev, IG Bird…",Measurement of the polarisation of a high energy muon beam,1994,Nuclear Instruments and …,Elsevier,https://www.sciencedirect.com/science/article/pii/0168900294902135,,
"T Longcore, C Rich",Ecological light pollution,2004,Frontiers in Ecology and the Environment,Wiley Online Library,https://esajournals.onlinelibrary.wiley.com/doi/abs/10.1890/1540-9295(2004)002[0191:ELP]2.0.CO;2,,
"…, J Park, D Cline, D Chrisman, MD Petroff, F Bird…",Tracking with scintillating fibers and visible light photon counters,1992,Nuclear Instruments and …,Elsevier,https://www.sciencedirect.com/science/article/pii/016890029290774X,,
"EJ Cramer, MD Tocci",Non-lethal visual bird dispersal system,2003,"US Patent 6,575,597",Google Patents,https://patents.google.com/patent/US6575597B1/en,,
G Mayr,"New specimens of Eocene stem-group psittaciform birds may shed light on the affinities of the first named fossil bird, Halcyornis toliapicus Koenig, 1825",2007,Neues Jahrbuch für Geologie und Paläontologie …,ingentaconnect.com,https://www.ingentaconnect.com/content/schweiz/njbgeol/2007/00000244/00000002/art00007,,
"DW Swift, EJ Holliday, CT Rich",Bird feeder,2005,"US Patent App. 29/192,001",Google Patents,https://patents.google.com/patent/USD503019S1/en,,
"M Vorobyev, D Osorio, ATD Bennett…","Tetrachromacy, oil droplets and bird plumage colours",1998,Journal of Comparative …,Springer,https://link.springer.com/article/10.1007/s003590050286,,
"P Duerden, E Clayton, JR Bird, DD Cohen",Recent ion beam analysis studies on archaeology and art,1986,… Research Section B: Beam …,Elsevier,https://www.sciencedirect.com/science/article/pii/0168583X86904222,,
"H Schmaljohann, F Liechti, E Bächler, T Steuri…",Quantification of bird migration by radar–a detection probability problem,2008,Ibis,Wiley Online Library,https://onlinelibrary.wiley.com/doi/abs/10.1111/j.1474-919X.2007.00797.x,,
"…, R Chaney, H Hammack, D Adams, F Bird…",Performance of multiclad scintillating and clear waveguide fibers read out with visible light photon counters,1994,Nuclear Instruments and …,Elsevier,https://www.sciencedirect.com/science/article/pii/0168900294910014,,
"KT Bird, CJ Dawes, JT Romeo",Light quality effects on carbon metabolism and allocation in Gracilaria verrucosa,1981,Marine Biology,Springer,https://link.springer.com/article/10.1007/BF00397112,,
P Berthold,Bird migration: a general survey,2001,,books.google.com,https://books.google.com/books?hl=en&lr=&id=F9JObKNSac8C&oi=fnd&pg=PA1&dq=bird+(light+OR+streetlight+OR+headlight+OR+spotlight+OR+lamp+OR+beacon+OR+beam+OR+ceilometer)&ots=mVp7qiGt9S&sig=8sjzUJ3vQVo2NhjAcIkgeWwxDVc,,
HA Allard,Bird migration from the point of view of light and length of day changes,1928,The American Naturalist,journals.uchicago.edu,https://www.journals.uchicago.edu/doi/pdfplus/10.1086/280218,,
A Chandola,Photoperiodic control of seasonal reproduction in tropical weaver bird,1981,Journal of Experimental Zoology,Wiley Online Library,https://onlinelibrary.wiley.com/doi/abs/10.1002/jez.1402160210,,
"KP Able, MA Able",Manipulations of polarized skylight calibrate magnetic orientation in a migratory bird,1995,Journal of Comparative Physiology A,Springer,https://link.springer.com/article/10.1007/BF00192423,,
W Tharp,Bird transport carrier,2010,"US Patent App. 29/308,065",Google Patents,https://patents.google.com/patent/USD608954S1/en,,
"SA Gauthreaux Jr, CG Belser",Displays of bird movements on the WSR-88D: Patterns and quantification,1998,Weather and Forecasting,journals.ametsoc.org,https://journals.ametsoc.org/doi/abs/10.1175/1520-0434(1998)013%3C0453:DOBMOT%3E2.0.CO%3B2,,
K Carey,Return of the bird tribes,1988,,epubcentered.info,http://epubcentered.info/return-of-the-bird-tribes-book-exchange-strategy-ken-carey.pdf,,
"E Gwinner, R Brandstatter",Complex bird clocks,2001,Philosophical Transactions of …,royalsocietypublishing.org,https://royalsocietypublishing.org/doi/abs/10.1098/rstb.2001.0959,,
DA Nuttle,Bird repelling means,1987,"US Patent 4,656,770",Google Patents,https://patents.google.com/patent/US4656770A/en,,
RE Trippensee,A new type of bird and mammal marker,1941,The Journal of Wildlife Management,JSTOR,https://www.jstor.org/stable/3796062,,
GG Kuelbs,Solar powered bird feeder,2006,"US Patent 7,017,521",Google Patents,https://patents.google.com/patent/US7017521B2/en,,
H Sugimoto,Bird repellent apparatus,1999,"US Patent 5,956,880",Google Patents,https://patents.google.com/patent/US5956880A/en,,
FN Dahl,Bird spook,1979,"US Patent 4,144,832",Google Patents,https://patents.google.com/patent/US4144832A/en,,
"E Gwinner, I Schwabl-Benzinger, H Schwabl…",Twenty-four hour melatonin profiles in a nocturnally migrating bird during and between migratory seasons,1993,General and …,Elsevier,https://www.sciencedirect.com/science/article/pii/S001664808371066X,,
BN Jaroslow,"Review of factors involved in bird-tower kills, and mitigative procedures",1979,,osti.gov,https://www.osti.gov/biblio/6002087,,
"DC Fielder, AJ Furman, PA Miller, BE Rogers",Multistation bird feeder support,1988,"US Patent 4,767,088",Google Patents,https://patents.google.com/patent/US4767088A/en,,
"DM Bird, S McKernan, JW Steeds",Determination of the structure of the orthorhombic commensurate superlattice state of 2H-TaSe2 by convergent-beam electron diffraction,1985,Journal of Physics C: Solid …,iopscience.iop.org,https://iopscience.iop.org/article/10.1088/0022-3719/18/3/004/meta,,
"…, NJ Ko, BW Falk, E Hiebert, R Lastra, J Bird…",Light microscopy of geminivirus-induced nuclear inclusion bodies.,1986,Phytopathology,cabdirect.org,https://www.cabdirect.org/cabdirect/abstract/19861317611,,
"TS Bird, JL Boomars, PJB Clarricoats",Multiple-beam dual-offset reflector antenna with an array feed,1978,Electronics Letters,ieeexplore.ieee.org,https://ieeexplore.ieee.org/abstract/document/4242573/,,
B Spurr,"Limnology of Bird Pond, Ross Island, Antarctica",1975,New Zealand Journal of Marine and Freshwater …,Taylor & Francis,https://www.tandfonline.com/doi/abs/10.1080/00288330.1975.9515588,,
J Gou,Solar powered bird feeder,2008,"US Patent App. 11/890,128",Google Patents,https://patents.google.com/patent/US20080029035A1/en,,
GE Walsberg,Thermal consequences of diurnal microhabitat selection in a small bird,1993,Ornis Scandinavica,JSTOR,https://www.jstor.org/stable/3676733,,
"EF Blick, D Watson, G Belie, H Chu",Bird aerodynamic experiments,1975,Swimming and flying in nature,Springer,https://link.springer.com/chapter/10.1007/978-1-4757-1326-8_30,,
"KL Parkins, SB Elbin, E Barnes","Light, glass, and bird—building collisions in an urban park",2015,Northeastern Naturalist,BioOne,https://bioone.org/journals/Northeastern-Naturalist/volume-22/issue-1/045.022.0113/Light-Glass-and-BirdBuilding-Collisions-in-an-Urban-Park/10.1656/045.022.0113.short,,
"P Schulte, S Schmees, W Lepper, D Nolte",Process and apparatus for the avoidance of bird impacts on airplanes,1993,"US Patent 5,270,707",Google Patents,https://patents.google.com/patent/US5270707A/en,,
TJ Dahmus,Bird house,1966,"US Patent 3,282,251",Google Patents,https://patents.google.com/patent/US3282251A/en,,
"RK Pandey, SK Bhardwaj",Circadian and seasonal responses in Indian weaver bird: subjective interpretation of day and night depends upon both light intensity and contrast between …,2011,Chronobiology international,Taylor & Francis,https://www.tandfonline.com/doi/abs/10.3109/07420528.2011.603873,,
JL Bonhote,Bird migration at some of the Bahama lighthouses,1903,The Auk,JSTOR,https://www.jstor.org/stable/4069833,,
"RW Bullard, MV Garrison, SR Kilburn…",Laboratory comparisons of polyphenols and their repellent characteristics in bird-resistant sorghum grains,1980,Journal of agricultural …,ACS Publications,https://pubs.acs.org/doi/pdf/10.1021/jf60231a015,,
"S Singh, A Chandola",Seasonal variation in photogonadal response of the tropical weaver bird,1982,General and comparative endocrinology,Elsevier,https://www.sciencedirect.com/science/article/pii/0016648082900466,,
"M Imaizumi, K Hama",An electron microscopic study on the interstitial cells of the gizzard in the love-bird (Uroloncha domestica),1969,Cell and Tissue Research,Springer,http://www.springerlink.com/index/t75880167117j61h.pdf,,
EJ Maier,Ultraviolet vision in a passeriform bird: from receptor spectral sensitivity to overall spectral sensitivity in Leiothrix lutea,1994,Vision Research,Elsevier,https://www.sciencedirect.com/science/article/pii/0042698994901414,,
"H Noh, SF Liew, V Saranathan, SGJ Mochrie…",How noniridescent colors are generated by quasi‐ordered structures of bird feathers,2010,Advanced …,Wiley Online Library,https://onlinelibrary.wiley.com/doi/abs/10.1002/adma.200903699,,
"TTZE CHAN, IF Bird",Starch dissolution in tobacco leaves in the light,1960,Journal of Experimental Botany,academic.oup.com,https://academic.oup.com/jxb/article-abstract/11/3/335/755691,,
DL Pearson,Ecological relationships of small antbirds in Amazonian bird communities,1977,The Auk,academic.oup.com,https://academic.oup.com/auk/article-abstract/94/2/283/5209001,,
"CDM Hilditch, TC Williams, ICT Nisbet","Autumnal bird migration over Antigua, WI",1973,Bird-Banding,JSTOR,https://www.jstor.org/stable/4511957,,
"DG Stavenga, HL Leertouwer, DC Osorio…",High refractive index of melanin in shiny occipital feathers of a bird of paradise,2015,Light: Science & …,nature.com,https://www.nature.com/articles/lsa201516,,
"…, R Alterman, JL Martin, A Mittal, S Blundell, S Bird…",Casting light on multiple sclerosis heterogeneity: the role of HLA-DRB1 on spinal cord pathology,2013,Brain,academic.oup.com,https://academic.oup.com/brain/article-abstract/136/4/1025/359299,,
"DJ Brink, NG Van Der Berg",Structural colours from the feathers of the bird Bostrychia hagedash,2004,Journal of Physics D: Applied …,iopscience.iop.org,https://iopscience.iop.org/article/10.1088/0022-3727/37/5/025/meta,,
"US Patent 102,761",Improved bird-trap,1870,Google Patents,,https://patents.google.com/patent/US102761A/en,,
"NR Verfuerth, DC Heimerman",Lighting device with anti bird-perch system,2009,"US Patent App. 12/203,825",Google Patents,https://patents.google.com/patent/US20090000217A1/en,,
"TC Williams, JM Williams, JM Teal, JW Kanwisher",Tracking radar studies of bird migration,1972,,ntrs.nasa.gov,https://ntrs.nasa.gov/search.jsp?R=19720017419,,
"U Munro, R Wiltschko",The role of skylight polarization in the orientation of a day-migrating bird species,1995,Journal of Comparative Physiology A,Springer,https://link.springer.com/article/10.1007/BF00192424,,
IM Bird,Endothelial nitric oxide synthase activation and nitric oxide function: new light through old windows.,2011,,europepmc.org,https://europepmc.org/abstract/med/21824899,,
"DG Stavenga, HL Leertouwer…",Dramatic colour changes in a bird of paradise caused by uniquely structured breast feather barbules,2010,Proceedings of the …,royalsocietypublishing.org,https://royalsocietypublishing.org/doi/abs/10.1098/rspb.2010.2293,,
"P Berthold, AJ Helbig, G Mohr, U Querner",Rapid microevolution of migratory behaviour in a wild bird species,1992,Nature,nature.com,https://www.nature.com/articles/360668a0,,
"AF Doty III, RM Turkewitz, EG Byers",Bird repelling assembly,2003,"US Patent 6,557,482",Google Patents,https://patents.google.com/patent/US6557482B1/en,,
"RH Diehl, RP Larkin, JE Black",Radar observations of bird migration over the Great Lakes,2003,The Auk,academic.oup.com,https://academic.oup.com/auk/article-abstract/120/2/278/5147896,,
GG Kuelbs,Solar powered bird feeder,2004,"US Patent 6,830,009",Google Patents,https://patents.google.com/patent/US6830009B1/en,,
AP Bird,Light microscope autoradiography of ribosomal DNA amplification in Xenopus laevis,1974,Chromosoma,Springer,https://link.springer.com/article/10.1007/BF00331630,,
"HL Leertouwer, BD Wilts, DG Stavenga",Refractive index and dispersion of butterfly chitin and bird keratin measured by polarizing interference microscopy,2011,Optics Express,osapublishing.org,https://www.osapublishing.org/abstract.cfm?uri=oe-19-24-24061,,
DH LeMessurier,Bird frightening devices,1986,"US Patent 4,597,357",Google Patents,https://patents.google.com/patent/US4597357A/en,,
DE Varner,Selective bird feeder,1975,"US Patent 3,927,645",Google Patents,https://patents.google.com/patent/US3927645A/en,,
JC Novello,Bird perch,1963,"US Patent 3,092,076",Google Patents,https://patents.google.com/patent/US3092076A/en,,
"KP ABLE, MA ABLE",Development of sunset orientation in a migratory bird: no calibration by the magnetic field,1997,Animal behaviour,Elsevier,https://www.sciencedirect.com/science/article/pii/S0003347296903942,,
"KP Able, MA Able",Calibration of the magnetic compass of a migratory bird by celestial rotation,1990,Nature,nature.com,https://www.nature.com/articles/347378a0,,
HC Hanson,Apparatus for the study of incubated bird eggs,1954,The Journal of Wildlife Management,JSTOR,https://www.jstor.org/stable/3797714,,
"A Chandola, J Pavnaskar…","Decreasing photoperiods and the testicular cycle of a subtropical bird (spotted Munia), Lonchura punctulata",1976,Biological Rhythm …,Taylor & Francis,https://www.tandfonline.com/doi/abs/10.1080/09291017609359509,,
J Bynon,North African bird lore: new light on old problems,1987,Folklore,Taylor & Francis,https://www.tandfonline.com/doi/pdf/10.1080/0015587X.1987.9716409,,
EB Spurr,DIURNAL ACTIVITY OF ADELIE PENGUINS PYGOSCELIS ADELIAE AT CAPE BIRD,1978,Ibis,Wiley Online Library,https://onlinelibrary.wiley.com/doi/abs/10.1111/j.1474-919X.1978.tb06771.x,,
FJ Verheijen,"Photopollution: artificial light optic spatial control systems fail to cope with. Incidents, causation, remedies.",1985,Experimental biology,europepmc.org,https://europepmc.org/abstract/med/3896840,,
"PF Major, LM Dill",The three-dimensional structure of airborne bird flocks,1978,Behavioral Ecology and Sociobiology,Springer,https://link.springer.com/article/10.1007/BF00354974,,
"G Hussain, SW James, RW Eason",Observation and modeling of dynamic instabilities in the mutually pumped bird-wing phase conjugator in BaTiO3,1990,JOSA B,osapublishing.org,https://www.osapublishing.org/abstract.cfm?uri=josab-7-12-2294,,
"JR Nottingham, JJ Pastrick…",Perch for a bird feeder,1996,"US Patent App. 29/039,662",Google Patents,https://patents.google.com/patent/USD371230S/en,,
"GR Bird, JWE Gray",Inert lamp reflector,1967,"US Patent 3,325,666",Google Patents,https://patents.google.com/patent/US3325666A/en,,
L Harrison,The Mallophaga as a possible clue to bird phylogeny,1914,Australian Zoologist,darwin.biology.utah.edu,http://darwin.biology.utah.edu/pubshtml/LicePubPages/LicePDF's/1914/Harrison1914.pdf,,
"N Saino, D Rubolini, R Ambrosini, M Romano…",Light-level geolocators reveal covariation between winter plumage molt and phenology in a trans-Saharan migratory bird,2015,Oecologia,Springer,https://link.springer.com/article/10.1007/s00442-015-3299-1,,
TC Jan,Auto-control bird-expelling device,2001,"US Patent 6,285,630",Google Patents,https://patents.google.com/patent/US6285630B1/en,,
PT Marshall,Rotating bird feeder/house,1999,"US Patent 5,868,101",Google Patents,https://patents.google.com/patent/US5868101A/en,,
"JG Kaddas, CB Kaddas",Bird guard wire protector,1999,"US Patent 5,873,324",Google Patents,https://patents.google.com/patent/US5873324A/en,,
"JA Endler, M Thery","Interacting effects of lek placement, display behavior, ambient light, and color patterns in three neotropical forest-dwelling birds",1996,The American Naturalist,journals.uchicago.edu,https://www.journals.uchicago.edu/doi/abs/10.1086/285934,,
P Kilham,Bird feeder perch,1982,"US Patent 4,328,765",Google Patents,https://patents.google.com/patent/US4328765A/en,,
"B Helm, E Gwinner",Migratory restlessness in an equatorial nonmigratory bird,2006,PLoS biology,journals.plos.org,https://journals.plos.org/plosbiology/article?id=10.1371/journal.pbio.0040110,,
MS Peterson,Bird feeder/garden stand,2007,"US Patent App. 29/228,899",Google Patents,https://patents.google.com/patent/USD545079S1/en,,
T Van Dyk,Bird feeder,2012,"US Patent App. 29/397,772",Google Patents,https://patents.google.com/patent/USD663489S1/en,,
"EJ Maier, JK Bowmaker","Colour vision in the passeriform bird, Leiothrix lutea: correlation of visual pigment absorbance and oil droplet transmission with spectral sensitivity",1993,Journal of Comparative Physiology A,Springer,https://link.springer.com/article/10.1007/BF00216611,,
K Teraoka,Deterring bird intrusion of spaces,1994,"US Patent 5,353,543",Google Patents,https://patents.google.com/patent/US5353543A/en,,
"M Hau, M Wikelski, JC Wingfield",A neotropical forest bird can measure the slight changes in tropical photoperiod,1998,Proceedings of the …,royalsocietypublishing.org,https://royalsocietypublishing.org/doi/abs/10.1098/rspb.1998.0268,,
"A Zahs, MD Bird, L Ramirez, JR Turner…",Inhibition of long myosin light-chain kinase activation alleviates intestinal damage after binge ethanol exposure and burn injury,2012,American Journal of …,physiology.org,https://www.physiology.org/doi/abs/10.1152/ajpgi.00157.2012,,
GJ Grenzdörffer,UAS-based automatic bird count of a common gull colony,2013,"… of the photogrammetry, Remote sensing and …",researchgate.net,https://www.researchgate.net/profile/Jeremy_Robst/publication/277640772_A_protocol_for_the_aerial_survey_of_penguin_colonies_using_UAVs/links/569ccf1208ae2f0bdb8b9e1a/A-protocol-for-the-aerial-survey-of-penguin-colonies-using-UAVs.pdf,,
"W Wiltschko, U Munro, H Ford…",Bird navigation: what type of information does the magnetite-based receptor provide?,2006,Proceedings of the …,royalsocietypublishing.org,https://royalsocietypublishing.org/doi/abs/10.1098/rspb.2006.3651,,
"JL Sanz, LM Chiappe, BP Pérez-Moreno…",An Early Cretaceous bird from Spain and its implications for the evolution of avian flight,1996,Nature,researchgate.net,https://www.researchgate.net/profile/Francisco_Jose_Poyato-Ariza/publication/31993989_An_Early_Cretaceous_bird_from_Spain_and_its_implications_for_the_evolution_of_avian_flight/links/09e4150589d15a796c000000/An-Early-Cretaceous-bird-from-Spain-and-its-implications-for-the-evolution-of-avian-flight.pdf,,
"E Finger, D Burkhardt",Biological aspects of bird colouration and avian colour vision including ultraviolet range,1994,Vision research,Elsevier,https://www.sciencedirect.com/science/article/pii/004269899490152X,,
K Bevanger,"Bird interactions with utility structures: collision and electrocution, causes and mitigating measures",1994,Ibis,Wiley Online Library,https://onlinelibrary.wiley.com/doi/abs/10.1111/j.1474-919X.1994.tb01116.x,,
"M Weiser, I Weiser",Song bird planter/feeder,2005,"US Patent App. 29/206,925",Google Patents,https://patents.google.com/patent/USD505228S1/en,,
"RMB FERREIRA, B BIRD…",The Effect of Light on the Structure and Organization of Lemna Peroxisomes,1989,Journal of experimental …,academic.oup.com,https://academic.oup.com/jxb/article-abstract/40/9/1029/567407,,
GG Kuelbs,Solar powered bird feeder,2009,"US Patent 7,540,262",Google Patents,https://patents.google.com/patent/US7540262B2/en,,
"M Pluta, P Maksymilian",Advanced light microscopy,1988,,pdfs.semanticscholar.org,https://pdfs.semanticscholar.org/2d0d/030c25024b010551777d7fe8c8cdd5bc8dcf.pdf,,
"O Gilg, NG Yoccoz",Explaining bird migration,2010,Science,science.sciencemag.org,https://science.sciencemag.org/content/327/5963/276.short,,
B Arkles,Bird-deterrent glass coatings,2007,"US Patent App. 11/702,779",Google Patents,https://patents.google.com/patent/US20070190343A1/en,,
A Pass,Bird-scaring device.,1913,"US Patent 1,066,045",Google Patents,https://patents.google.com/patent/US1066045A/en,,
"AM Fudickar, M Wikelski…",Tracking migratory songbirds: accuracy of light‐level loggers (geolocators) in forest habitats,2012,Methods in Ecology and …,Wiley Online Library,https://besjournals.onlinelibrary.wiley.com/doi/abs/10.1111/j.2041-210X.2011.00136.x,,
"D Parejo, JM Avilés, J Rodríguez",Visual cues and parental favouritism in a nocturnal bird,2009,Biology letters,royalsocietypublishing.org,https://royalsocietypublishing.org/doi/abs/10.1098/rsbl.2009.0769,,
"…, G Baum, J Beaufays, CP Bee, C Benchouk, IG Bird…",A measurement of the spin asymmetry and determination of the structure function g1 in deep inelastic muon-proton scattering,1988,Physics Letters B,Elsevier,https://www.sciencedirect.com/science/article/pii/0370269388915237,,
"M Avery, PF Springer, JF Cassel",Weather influences on nocturnal bird mortality at a North Dakota tower,1977,The Wilson Bulletin,JSTOR,https://www.jstor.org/stable/4160911,,
O Campas,Light-reflecting bird-repelling device and method,2004,"US Patent App. 10/754,179",Google Patents,https://patents.google.com/patent/US20040154211A1/en,,
"NS Hart, M Vorobyev",Modelling oil droplet absorption spectra and spectral sensitivities of bird cone photoreceptors,2005,Journal of Comparative Physiology A,Springer,https://link.springer.com/article/10.1007/s00359-004-0595-3,,
"FL Agnolin, FE Novas",A carpometacarpus from the upper cretaceous of patagonia sheds light on the Ornithurine bird radiation,2012,Paläontologische Zeitschrift,Springer,https://link.springer.com/article/10.1007/s12542-011-0112-2,,
R McDarren,Bird accommodation having a birdcall,2006,"US Patent App. 11/420,330",Google Patents,https://patents.google.com/patent/US20060266295A1/en,,
"A Priye, SW Bird, YK Light, CS Ball, OA Negrete…","A smartphone-based diagnostic platform for rapid detection of Zika, chikungunya, and dengue viruses",2017,Scientific reports,nature.com,https://www.nature.com/articles/srep44778,,
"F Liechti, B Bruderer, H Paproth",Quantification of nocturnal bird migration by moonwatching: Comparison with radar and infrared observations (cuantificación de la migración nocturna de aves …,1995,Journal of Field Ornithology,JSTOR,https://www.jstor.org/stable/4514046,,
A DuBow,Bird nest cork cage ornament,2012,"US Patent App. 29/412,495",Google Patents,https://patents.google.com/patent/USD665303S1/en,,
"D Osorio, AD Ham",Spectral reflectance and directional properties of structural coloration in bird plumage,2002,Journal of Experimental Biology,jeb.biologists.org,https://jeb.biologists.org/content/205/14/2017.short,,
G Kramer,Experiments on bird orientation and their interpretation.,1957,Ibis,Wiley Online Library,https://onlinelibrary.wiley.com/doi/abs/10.1111/j.1474-919X.1957.tb01947.x,,
"KP Able, SA Gauthreaux",Quantification of nocturnal passerine migration with a portable ceilometer,1975,The Condor,JSTOR,https://www.jstor.org/stable/1366764,,
SR Bird,"Light, bright, and damned near White: Biracial and triracial culture in america",2009,,books.google.com,https://books.google.com/books?hl=en&lr=&id=BDEDuqIaKEYC&oi=fnd&pg=PR7&dq=bird+(light+OR+streetlight+OR+headlight+OR+spotlight+OR+lamp+OR+beacon+OR+beam+OR+ceilometer)&ots=bB8wkV4lel&sig=DCcMYXBhV4Wnkwaf4XoH8tgapKI,,
"CK Catchpole, PJB Slater",Bird song: biological themes and variations,2003,,books.google.com,https://books.google.com/books?hl=en&lr=&id=sB24pLg4gywC&oi=fnd&pg=PA1&dq=bird+(light+OR+streetlight+OR+headlight+OR+spotlight+OR+lamp+OR+beacon+OR+beam+OR+ceilometer)&ots=Mbgzw_vSPb&sig=j2RhplnLbNxPURgY7Q3XheUlM6Q,,
"JA Manico, RN Blazey, RS Keirsblick…",Window-mounted camera mount and bird feeder,1999,US Patent …,Google Patents,https://patents.google.com/patent/US5904330A/en,,
PW Herbert,Bird feeders,1965,"US Patent 3,211,130",Google Patents,https://patents.google.com/patent/US3211130A/en,,
HS Nakaue,"Effect of type of feeder, feeder space, and bird density under intermittent lighting regimens with broilers",1981,Poultry Science,academic.oup.com,https://academic.oup.com/ps/article-abstract/60/4/708/1483635,,
"HK Kwok, RT Corlett","The bird communities of a natural secondary forest and a Lophostemonconfertus plantation in Hong Kong, South China",2000,Forest Ecology and Management,Elsevier,https://www.sciencedirect.com/science/article/pii/S0378112799001784,,
"V Kumar, BP Singh, S Rani","The bird clock: a complex, multi-oscillatory and highly diversified system",2004,Biological Rhythm Research,Taylor & Francis,https://www.tandfonline.com/doi/abs/10.1080/09291010412331313287,,
LF Bird,Electrical discharge lamp,1960,"US Patent 2,930,920",Google Patents,https://patents.google.com/patent/US2930920A/en,,
WH Liff,Bird watering apparatus,1987,"US Patent 4,640,226",Google Patents,https://patents.google.com/patent/US4640226A/en,,
"X Boulanger, G Carrie, L Castanet…",Statistics of total attenuation and fade dynamics from measurements in Toulouse of the 19.7 GHz beacon of Eutelsat Hot Bird 6,2012,2012 6th European …,ieeexplore.ieee.org,https://ieeexplore.ieee.org/abstract/document/6206630/,,
"DM Bird, R James",Measurement of phase invariants in three-beam diffraction,1988,Ultramicroscopy,Elsevier,https://www.sciencedirect.com/science/article/pii/0304399188903737,,
EG Gwinner,Endogenous timing factors in bird migration,1972,,ntrs.nasa.gov,https://ntrs.nasa.gov/search.jsp?R=19720017432,,
"ON Larsen, F Gollerf",Role of syringeal vibrations in bird vocalizations,1999,… of the Royal Society of London …,royalsocietypublishing.org,https://royalsocietypublishing.org/doi/abs/10.1098/rspb.1999.0822,,
"RC Beason, JE Nichols",Magnetic orientation and magnetically sensitive material in a transequatorial migratory bird,1984,Nature,nature.com,https://www.nature.com/articles/309151a0,,
"A Chandola, K Chakravorty",Termination of seasonal breeding in the photoperiodic weaver bird,1982,Journal of Experimental Zoology,Wiley Online Library,https://onlinelibrary.wiley.com/doi/abs/10.1002/jez.1402220208,,
"KP Able, MA Able",Interactions in the flexible orientation system of a migratory bird,1995,Nature,nature.com,https://www.nature.com/articles/375230a0,,
"TC Williams, JE Marsden, TL Lloyd-Evans…","Spring migration studied by mist-netting, ceilometer, and radar",1981,Journal of Field …,JSTOR,https://www.jstor.org/stable/4512653,,
"…, KP Esselle, TS Bird",Wideband microstrip leaky-wave antennas with two symmetrical side beams for simultaneous dual-beam scanning,2016,IEEE Transactions on …,ieeexplore.ieee.org,https://ieeexplore.ieee.org/abstract/document/7406682/,,
"DA Jackson, MJ Bird, HTA Pentecost, JG Powles",Molecular reorientation rates in crystals by anisotropic light scattering,1971,Physics Letters A,Elsevier,https://www.sciencedirect.com/science/article/pii/0375960171900028,,
IIWG Fort,Bird feeder,2004,"US Patent 6,834,616",Google Patents,https://patents.google.com/patent/US6834616B2/en,,
W Bird,"Oh monstrous lamp! Wendy Bird examines the special effects in Goya's a scene from El Hechizado por Fuerza in the National Gallery, London",2004,Apollo,go.galegroup.com,https://go.galegroup.com/ps/i.do?id=GALE%7CA114477245&sid=googleScholar&v=2.1&it=r&linkaccess=abs&issn=00036536&p=AONE&sw=w,,
"MF Willson, DJ Moriarty",Bird species diversity in forest understory: analysis of mist-net samples,1976,Oecologia,Springer,https://link.springer.com/article/10.1007/BF00345609,,
LG Rapaport,Parenting behaviour: babbling bird teachers?,2006,Current Biology,Elsevier,https://www.sciencedirect.com/science/article/pii/S0960982206019865,,
"SF NOTTINGHAM, JIM Hardie…","Flight behaviour of the bird cherry aphid, Rhopalosiphum padi",1991,Physiological …,Wiley Online Library,https://onlinelibrary.wiley.com/doi/abs/10.1111/j.1365-3032.1991.tb00559.x,,
"R Heinsohn, S Legge, JA Endler",Extreme reversed sexual dichromatism in a bird without sex role reversal,2005,Science,science.sciencemag.org,https://science.sciencemag.org/content/309/5734/617.short,,
"RB Burgos, MAC Santos, RR e Silva",Deslauriers–Dubuc interpolating wavelet beam finite element,2013,Finite Elements in Analysis and …,Elsevier,https://www.sciencedirect.com/science/article/pii/S0168874X13001169,,
EJ Tramer,Bird species diversity: components of Shannon's formula,1969,Ecology,Wiley Online Library,https://esajournals.onlinelibrary.wiley.com/doi/abs/10.2307/1933715,,
"DW Johnston, TP Haines","Analysis of mass bird mortality in October, 1954",1957,The Auk,JSTOR,https://www.jstor.org/stable/4081744,,
T Alerstam,Bird migration,1993,,books.google.com,https://books.google.com/books?hl=en&lr=&id=_oE29KijRlAC&oi=fnd&pg=PR5&dq=bird+(light+OR+streetlight+OR+headlight+OR+spotlight+OR+lamp+OR+beacon+OR+beam+OR+ceilometer)&ots=4boHRsKy7T&sig=M4Z2kmpxrLhq7WRQm54Z79gQ22Y,,
T Sato,Combined clock radio and light,1990,"US Patent App. 07/091,942",Google Patents,https://patents.google.com/patent/USD310080S/en,,
H van Grouw,Not every white bird is an albino: sense and nonsense about colour aberrations in birds,2006,Dutch Birding,researchgate.net,https://www.researchgate.net/profile/Ruben_Barone2/post/Atypical_pigmentations_in_wild_animal_populations/attachment/5a770e414cde266d58889f80/AS:590308295331842@1517751873724/download/Not+every+white+bird+is+an+albino+-+sense+and+nons.+ab.+color+ab..pdf,,
"IL Chaikoff, S Lindsay, FW Lorenz…",Production of atheromatosis in the aorta of the bird by the administration of diethylstilbestrol,1948,Journal of Experimental …,jem.rupress.org,http://jem.rupress.org/content/88/3/373.abstract,,
"AP Bird, HB Holston",Headlight brush,1956,"US Patent 2,749,568",Google Patents,https://patents.google.com/patent/US2749568A/en,,
K Anthony,"Support for combination bridge lamps, bird cages, and the like",1933,"US Patent 1,933,673",Google Patents,https://patents.google.com/patent/US1933673A/en,,
B Krueger,Bird feeder,2012,"US Patent App. 29/387,517",Google Patents,https://patents.google.com/patent/USD671276S1/en,,
"…, J Wellwood, P Marlton, R Bird…",Diagnostic and prognostic utility of the serum free light chain assay in patients with AL amyloidosis,2007,Internal medicine …,Wiley Online Library,https://onlinelibrary.wiley.com/doi/abs/10.1111/j.1445-5994.2007.01368.x,,
DH Wilkinson,Flight recorders. A technique for the study of bird navigation,1950,Journal of Experimental Biology,Citeseer,http://citeseerx.ist.psu.edu/viewdoc/download?doi=10.1.1.609.332&rep=rep1&type=pdf,,
"AJ Bird, MJ Coe, VA McBride…",On the periodicities present in the optical light curves of Small Magellanic Cloud Be/X-ray binaries,2012,Monthly Notices of the …,academic.oup.com,https://academic.oup.com/mnras/article-abstract/423/4/3663/1748982,,
DM Metcalf,The “Bird and Branch” Sceattas in the Light of a Find from Abingdon,1972,Oxoniensia,oxoniensia.org,http://www.oxoniensia.org/volumes/1972/metcalf.pdf,,
"RR Peterson, C Johansson",Bird avert system,1995,"US Patent 5,450,063",Google Patents,https://patents.google.com/patent/US5450063A/en,,
"EJ Cramer, MD Tocci",Non-lethal visual bird dispersal system,2004,"US Patent 6,793,364",Google Patents,https://patents.google.com/patent/US6793364B2/en,,
"…, MKR Redding, RK Bird…",Correlation between microstructure and mechanical properties in an Inconel 718 deposit produced via electron beam freeform fabrication,2014,Journal of …,… .asmedigitalcollection.asme.org,http://manufacturingscience.asmedigitalcollection.asme.org/article.aspx?articleid=1903281,,
M Angelou,I know why the caged bird sings,1997,,books.google.com,https://books.google.com/books?hl=en&lr=&id=fBV7oq42ZfYC&oi=fnd&pg=PA1&dq=bird+(light+OR+streetlight+OR+headlight+OR+spotlight+OR+lamp+OR+beacon+OR+beam+OR+ceilometer)&ots=YgeKn1Ehfo&sig=-dnV8gt923PCnNVdQmicw3Iqk2E,,
"JA Hemmingson, RH Furneaux","Variation of native agar gel strength in light deprived Gracilaria chilensis Bird, McLachlan et Oliveira",2003,Botanica marina,degruyter.com,https://www.degruyter.com/view/j/botm.2003.46.issue-3/bot.2003.027/bot.2003.027.xml,,
"TJ Hollyday, M Platsidakis, DH Helinek",Bird watering device,1991,"US Patent 5,002,017",Google Patents,https://patents.google.com/patent/US5002017A/en,,
FR Moore,Sunset and the orientation of a nocturnal bird migrant: a mirror experiment,1982,Behavioral Ecology and Sociobiology,Springer,https://link.springer.com/article/10.1007/BF00300176,,
ML Holmquist,Bird feeder with scale,1989,"US Patent 4,811,694",Google Patents,https://patents.google.com/patent/US4811694A/en,,
"RH MacArthur, JW MacArthur…",On bird species diversity. II. Prediction of bird census from habitat measurements,1962,The American …,journals.uchicago.edu,https://www.journals.uchicago.edu/doi/pdfplus/10.1086/282219,,
"MA Rodríguez-Gironés, L Santamaría",Why are so many bird flowers red?,2004,PLoS biology,journals.plos.org,https://journals.plos.org/plosbiology/article?id=10.1371/journal.pbio.0020350,,
"RW Bullard, JO York, SR Kilburn",Polyphenolic changes in ripening bird-resistant sorghums,1981,Journal of Agricultural and Food …,ACS Publications,https://pubs.acs.org/doi/pdf/10.1021/jf00107a022,,
M Klein,The Oedipus complex in the light of early anxieties (1945),1989,The Oedipus complex today: Clinical implications,books.google.com,https://books.google.com/books?hl=en&lr=&id=DhbQcuLpU1QC&oi=fnd&pg=PA11&dq=bird+(light+OR+streetlight+OR+headlight+OR+spotlight+OR+lamp+OR+beacon+OR+beam+OR+ceilometer)&ots=YawIgEbK95&sig=ySNMFBViduWte5qQ97n3wIF7luE,,
"EK Mackley, RA Phillips, JRD Silk…",Free as a bird? Activity patterns of albatrosses during the nonbreeding period,2010,Marine Ecology …,int-res.com,https://www.int-res.com/abstracts/meps/v406/p291-303/,,
SM Ellen,Continuous one-piece bird repellent structure,1968,"US Patent 3,407,550",Google Patents,https://patents.google.com/patent/US3407550A/en,,
"JF Piatt, HR Carter, DN Nettleship",Effects of oil pollution on marine bird populations,1991,The Oil Symposium,pubs.er.usgs.gov,https://pubs.er.usgs.gov/publication/70188802,,
"RM Lewis, JC Strasbourger…","Photocell controlled pest, bird, and animal chaser",1968,"US Patent 3,412,394",Google Patents,https://patents.google.com/patent/US3412394A/en,,
"XA Harrison, S Bearhop, R Inger, K Colhoun…",Heterozygosity–fitness correlations in a migratory bird: an analysis of inbreeding and single‐locus effects,2011,Molecular …,Wiley Online Library,https://onlinelibrary.wiley.com/doi/abs/10.1111/j.1365-294X.2011.05283.x,,
JT Burnham,Bird streamer flashovers on FPL transmission lines,1995,IEEE Transactions on Power Delivery,ieeexplore.ieee.org,https://ieeexplore.ieee.org/abstract/document/400832/,,
"V Penteriani, MM Delgado",Living in the dark does not mean a blind life: bird and mammal visual communication in dim light,2017,… Transactions of the Royal …,royalsocietypublishing.org,https://royalsocietypublishing.org/doi/abs/10.1098/rstb.2016.0064,,
"E Fernandez-Juricic, J Gaffney, BF Blackwell…",Bird strikes and aircraft fuselage color: a correlational study,2011,Human-Wildlife …,JSTOR,https://www.jstor.org/stable/24868884,,
"WM Shields, KL Bildstein",Bird versus bats: behavioral interactions at a localized food source,1979,Ecology,Wiley Online Library,https://esajournals.onlinelibrary.wiley.com/doi/abs/10.2307/1936065,,
"HS Gutteridge, S Bird, HI MacGregor…","The effect of heat, insulation and artificial light on egg production and feed consumption of pullets",1944,Scientific …,NRC Research Press,https://www.nrcresearchpress.com/doi/pdf/10.4141/sa-1944-0046,,
RH Dorsey,Collapsible bird cage,1957,"US Patent 2,799,244",Google Patents,https://patents.google.com/patent/US2799244A/en,,
"JJ Buler, RH Diehl",Quantifying bird density during migratory stopover using weather surveillance radar,2009,IEEE Transactions on Geoscience and …,ieeexplore.ieee.org,https://ieeexplore.ieee.org/abstract/document/4813234/,,
"DV Briggs, GC Stevens",Bird counter,1999,"US Patent 5,983,837",Google Patents,https://patents.google.com/patent/US5983837A/en,,
"P Norris, K Bacon, C Bird, J Hawk…","The role of interleukins 1, 6 and 8 as lymphocyte attractants in the photodermatoses polymorphic light eruption and chronic actinic dermatitis.",1999,Clinical and experimental …,europepmc.org,https://europepmc.org/abstract/med/10457140,,
"ZH Forsman, BK Kimokeo, CE Bird…","Coral farming: effects of light, water motion and artificial foods",2012,Journal of the Marine …,cambridge.org,https://www.cambridge.org/core/journals/journal-of-the-marine-biological-association-of-the-united-kingdom/article/coral-farming-effects-of-light-water-motion-and-artificial-foods/BC8845A6BF25F08A37D398A0137C4AEF,,
"M Bonder, CP Bonder",Bird feeder with multi-level roof,2000,"US Patent App. 29/106,583",Google Patents,https://patents.google.com/patent/USD425675S/en,,
"Y Gelb, N Delacretaz",Windows and vegetation: primary factors in Manhattan bird collisions,2009,Northeastern Naturalist,BioOne,https://bioone.org/journals/Northeastern-Naturalist/volume-16/issue-3/045.016.n312/Windows-and-Vegetation-Primary-Factors-in-Manhattan-Bird-Collisions/10.1656/045.016.n312.short,,
J Bird,Track lighting lamp head,1999,"US Patent App. 29/088,563",Google Patents,https://patents.google.com/patent/USD408570S/en,,
"RE Folinsbee, P Fritz, HR Krouse, AR Robblee","Carbon-13 and oxygen-18 in dinosaur, crocodile, and bird eggshells indicate environmental conditions",1970,Science,science.sciencemag.org,https://science.sciencemag.org/content/168/3937/1353.short,,
"IA Solov'yov, T Ritz, KJ Schulten…",A chemical compass for bird navigation,2014,Quantum effects in …,experts.illinois.edu,https://experts.illinois.edu/en/publications/a-chemical-compass-for-bird-navigation,,
"…, L Xie, I Stoykov, T Rooney, P Bird…",… outcomes from a randomised phase III study of baricitinib in patients with rheumatoid arthritis and an inadequate response to biological agents (RA-BEACON),2017,Annals of the …,ard.bmj.com,https://ard.bmj.com/content/76/4/694?intcmp=ard&type=0-A,,
"F Liechti, W Witvliet, R Weber, E Bächler",First evidence of a 200-day non-stop flight in a bird,2013,Nature Communications,nature.com,https://www.nature.com/articles/ncomms3554,,
TM Chervick,Bird diverter,2014,"US Patent 8,869,732",Google Patents,https://patents.google.com/patent/US8869732B1/en,,
BM Kilgore,Response of breeding bird populations to habitat changes in a giant sequoia forest,1971,American Midland Naturalist,JSTOR,https://www.jstor.org/stable/2423918,,
"G Pohland, P Mullen",Preservation agents influence UV-coloration of plumage in museum bird skins,2006,Journal of Ornithology,Springer,https://link.springer.com/article/10.1007/s10336-005-0038-0,,
R Strangio,Bird observatory with one-way observation window,1992,"US Patent 5,170,747",Google Patents,https://patents.google.com/patent/US5170747A/en,,
"L Staveley-Smith, WE Wilson, TS Bird…",The Parkes 21 CM Multi-beam Receiver,1995,Multi-Feed Systems …,adsabs.harvard.edu,http://adsabs.harvard.edu/full/1995ASPC...75..136S,,
CA Gueymard,Parameterized transmittance model for direct beam and circumsolar spectral irradiance,2001,Solar Energy,Elsevier,https://www.sciencedirect.com/science/article/pii/S0038092X01000548,,
"S Bird, J Parker",Low levels of light pollution may block the ability of male glow-worms (Lampyris noctiluca L.) to locate females,2014,Journal of insect conservation,Springer,https://link.springer.com/article/10.1007/s10841-014-9664-2,,
"NP French, A Midwinter, B Holland…",Molecular epidemiology of Campylobacter jejuni isolates from wild-bird fecal material in children's playgrounds,2009,Appl. Environ …,Am Soc Microbiol,https://aem.asm.org/content/75/3/779.short,,
"T Galewski, V Devictor",When common birds became rare: historical records shed light on long-term responses of bird communities to global change in the largest wetland of France,2016,PloS one,journals.plos.org,https://journals.plos.org/plosone/article?id=10.1371/journal.pone.0165542,,
"TC Williams, JM Williams",Autumnal bird migration over,1977,American Birds,sora.unm.edu,https://sora.unm.edu/sites/default/files/journals/nab/v031n03/p00251-p00267.pdf,,
U Watermann,Bird scaring device,2004,"US Patent 6,807,765",Google Patents,https://patents.google.com/patent/US6807765B2/en,,
"BD Wilts, K Michielsen, H De Raedt…",Sparkling feather reflections of a bird-of-paradise explained by finite-difference time-domain modeling,2014,Proceedings of the …,National Acad Sciences,https://www.pnas.org/content/111/12/4363.short,,
D Klem Jr,Bird: window collisions,1989,The Wilson Bulletin,JSTOR,https://www.jstor.org/stable/4162790,,
"M Zeman, E Gwinner","Ontogeny of the rhythmic melatonin production in a precocial and an altricial bird, the Japanese quail and the European starling",1993,Journal of Comparative Physiology A,Springer,https://link.springer.com/article/10.1007/BF00216615,,
"R Hafley, K Taminger, R Bird",Electron beam freeform fabrication in the space environment,2007,45th AIAA Aerospace Sciences Meeting …,arc.aiaa.org,https://arc.aiaa.org/doi/pdf/10.2514/6.2007-1154,,
"DE Balmer, S Gillings, BJ Caffrey, RL Swann…",Bird Atlas 2007-11: the breeding and wintering birds of Britain and Ireland,2013,,seabirdgroup.org.uk,http://www.seabirdgroup.org.uk/journals/seabird-27/seabird-27-112.pdf,,
"RJ Craig, KG Beal",The influence of habitat variables on marsh bird communities of the Connecticut River estuary,1992,The Wilson Bulletin,JSTOR,https://www.jstor.org/stable/4163153,,
"T Sprod, BL Jones",The Sun Can't Bounce off a Bird': Young Children and their Understanding of Vision,1997,Australasian Journal of Early Childhood,journals.sagepub.com,https://journals.sagepub.com/doi/abs/10.1177/183693919702200207,,
AJ Marshall,Bird and animal activity in the arctic,1938,The Journal of Animal Ecology,JSTOR,https://www.jstor.org/stable/1158,,
"AJ Marshall, HJS Disney","Photostimulation of an equatorial bird (Quelea quelea, Linnaeus)",1956,Nature,nature.com,https://www.nature.com/articles/177143a0,,
"CP Simantob, CH Johnson",Collapsible bird house,2000,"US Patent 6,024,051",Google Patents,https://patents.google.com/patent/US6024051A/en,,
"CT Collins, A Watson",Field observations of bird predation on neotropical moths,1983,Biotropica,JSTOR,https://www.jstor.org/stable/2387999,,
AJ Smith,Invasion and ecesis of bird‐disseminated woody plants in a temperate forest sere,1975,Ecology,Wiley Online Library,https://esajournals.onlinelibrary.wiley.com/doi/abs/10.2307/1935297,,
JF Malone,Bird cage heater,1981,"US Patent 4,249,065",Google Patents,https://patents.google.com/patent/US4249065A/en,,
"…, YJ Guo, PY Qin, KP Esselle, TS Bird",Forward and backward beam-scanning tri-band leaky-wave antenna,2017,IEEE Antennas and …,ieeexplore.ieee.org,https://ieeexplore.ieee.org/abstract/document/7883920/,,
CR Pember,Bird frightener,1978,"US Patent 4,074,653",Google Patents,https://patents.google.com/patent/US4074653A/en,,
"YK Zhang, YL Li",Analysis of the anti-bird impact performance of typical beam-edge structure based on ANSYS/LS-DYNA,2008,Advanced Materials Research,Trans Tech Publ,https://www.scientific.net/AMR.33-37.395,,
"JE York, AJ Young, AN Radford",Singing in the moonlight: dawn song performance of a diurnal bird varies with lunar phase,2014,Biology letters,royalsocietypublishing.org,https://royalsocietypublishing.org/doi/abs/10.1098/rsbl.2013.0970,,
"WH Buskirk, GVN Powell, JF Wittenberger, RE Buskirk…",Interspecific bird flocks in tropical highland Panama,1972,The Auk,JSTOR,https://www.jstor.org/stable/4084260,,
"B Bruderer, P Steidinger",Methods of quantitative and qualitative analysis of bird migration with a tracking radar,1972,,ntrs.nasa.gov,https://ntrs.nasa.gov/search.jsp?R=19720017422,,
"VP Bingman, KP Able, P Kerlinger","Wind drift, compensation, and the use of landmarks by nocturnal bird migrants",1982,Animal Behaviour,Elsevier,https://www.sciencedirect.com/science/article/pii/S0003347282802364,,
"B Sahin, H Aslan, B Unal, S Canan…","Brain volumes of the lamb, rat and bird do not show hemispheric asymmetry: a stereological study",2011,Image Analysis & …,862.gvs.arnes.si,http://862.gvs.arnes.si/ojs/IAS/article/view/653,,
"J Barber, J Wilbeck",Bird impact loading,1978,The shock and vibration bulletin,apps.dtic.mil,https://apps.dtic.mil/dtic/tr/fulltext/u2/a148083.pdf#page=121,,
"RM Turkewitz, AF Doty III, EG Byers",Bird repeller and assembly method,2004,"US Patent 6,814,021",Google Patents,https://patents.google.com/patent/US6814021B1/en,,
"NT Yu, EJ East, RCC Chang, JFR Kuck Jr",Raman spectra of bird and reptile lens proteins,1977,Experimental eye research,Elsevier,https://www.sciencedirect.com/science/article/pii/0014483577901452,,
"KT Vierling, LA Vierling, WA Gould…",Lidar: shedding new light on habitat characterization and modeling,2008,Frontiers in Ecology …,Wiley Online Library,https://esajournals.onlinelibrary.wiley.com/doi/abs/10.1890/070001,,
"K Meints, K Plunkett, PL Harris",When does and ostrich become a bird? The role of typicality in early word comprehension.,1999,Developmental Psychology,psycnet.apa.org,https://psycnet.apa.org/record/1999-05934-017,,
"RC Fenner, BA Fenner",Bird feeder,1988,"US Patent 4,732,112",Google Patents,https://patents.google.com/patent/US4732112A/en,,
"M Desholm, AD Fox, PDL Beasley, J Kahlert",Remote techniques for counting and estimating the number of bird–wind turbine collisions at sea: a review,2006,Ibis,Wiley Online Library,https://onlinelibrary.wiley.com/doi/abs/10.1111/j.1474-919X.2006.00509.x,,
SM Nelson,Spirit bird journey,2016,,content.taylorfrancis.com,https://content.taylorfrancis.com/books/download?dac=C2016-0-97926-7&isbn=9781315419886&format=googlePreviewPdf,,
"…, B Badełek, M Ballintijn, G Baum, J Beaufays, IG Bird…","Measurement of the proton and deuteron structure functions, F2p and F2d, and of the ratio σLσT",1997,Nuclear Physics B,Elsevier,https://www.sciencedirect.com/science/article/pii/S055032139600538X,,
O Campas,Light-reflecting bird repelling device,2003,"US Patent App. 09/996,185",Google Patents,https://patents.google.com/patent/US20030097777A1/en,,
JR Bird,The potential of MeV ion beam techniques in museum science,1986,"… research. Section B, Beam interactions with materials …",bcin.ca,http://www.bcin.ca/bcin/detail.app?id=36036,,
A Dawson,Seasonality in a temperate zone bird can be entrained by near equatorial photoperiods,2006,Proceedings of the Royal Society B …,royalsocietypublishing.org,https://royalsocietypublishing.org/doi/abs/10.1098/rspb.2006.0067,,
JR Hurford,The origins of grammar: Language in the light of evolution II,2011,,books.google.com,https://books.google.com/books?hl=en&lr=&id=u2832EbMXe4C&oi=fnd&pg=PT3&dq=bird+(light+OR+streetlight+OR+headlight+OR+spotlight+OR+lamp+OR+beacon+OR+beam+OR+ceilometer)&ots=Mywbk9t5ho&sig=iXtfrpfMEhJ9mtEZRF31V3jqGdE,,
CT Rich,Bird feeder with removable bird seed reservoir,2004,"US Patent 6,758,164",Google Patents,https://patents.google.com/patent/US6758164B2/en,,
"JH Grosslight, PC Harrison…",Reinforcement control of vocal responses in the mynah bird (Gracula religiosa),1962,The Psychological …,search.proquest.com,http://search.proquest.com/openview/2f0cca50646fd8a68bd1c4d784733cef/1?pq-origsite=gscholar&cbl=1817765,,
LD Drouet,Bird warming device,1955,"US Patent 2,722,596",Google Patents,https://patents.google.com/patent/US2722596A/en,,
"S Sultana, MR Hassan, HS Choe…",Impact of different monochromatic LED light colours and bird age on the behavioural output and fear response in ducks,2013,Italian Journal of Animal …,Taylor & Francis,https://www.tandfonline.com/doi/abs/10.4081/ijas.2013.e94,,
"AM Dokter, F Liechti, H Stark…",Bird migration flight altitudes studied by a network of operational weather radars,2010,Journal of the …,royalsocietypublishing.org,https://royalsocietypublishing.org/doi/abs/10.1098/rsif.2010.0116,,
"LJ Lajoie, TF Rosinski",Bird feeder,1950,"US Patent 2,532,726",Google Patents,https://patents.google.com/patent/US2532726A/en,,
EJ Tramer,Bird behavior during a total solar eclipse,2000,The Wilson Journal of Ornithology,BioOne,https://bioone.org/journals/The-Wilson-Journal-of-Ornithology/volume-112/issue-3/0043-5643(2000)112[0431:BBDATS]2.0.CO;2/Bird-Behavior-During-a-Total-Solar-Eclipse/10.1676/0043-5643(2000)112[0431:BBDATS]2.0.CO;2.short,,
GR Bird,Gas microcell in the form of a light pipe for use with an infrared spectrometer,1964,"US Patent 3,120,608",Google Patents,https://patents.google.com/patent/US3120608A/en,,
"P Berthold, F Pulido",Heritability of migratory activity in a natural bird population,1994,… of the Royal Society of London …,royalsocietypublishing.org,https://royalsocietypublishing.org/doi/abs/10.1098/rspb.1994.0131,,
"R Sharma, A Capoor","Seasonal variations in physical, chemical and biological parameters of lake water of Patna bird sanctuary in relation to fish productivity",2010,World Applied Sciences Journal,pdfs.semanticscholar.org,https://pdfs.semanticscholar.org/3b8c/f96603118ddb3206528ae7c22da8202dc4dd.pdf,,
"F Moyen, D GOME, C Doutrelant…","Interacting effects of signalling behaviour, ambient light and plumage colour in a temperate bird, the blue tit Parus caeruleus",2006,Revue d' …,documents.irevues.inist.fr,http://documents.irevues.inist.fr/handle/2042/55693,,
R Miller,Bird feeder,2000,"US Patent App. 29/113,229",Google Patents,https://patents.google.com/patent/USD428537S/en,,
PA Stewart,A preliminary list of bird weights,1937,The Auk,sora.unm.edu,https://sora.unm.edu/sites/default/files/journals/auk/v054n03/p0324-p0332.pdf,,
M Weiser,Song bird,2004,"US Patent App. 29/194,101",Google Patents,https://patents.google.com/patent/USD497653S1/en,,
H Brumm,The impact of environmental noise on song amplitude in a territorial bird,2004,Journal of animal ecology,Wiley Online Library,https://besjournals.onlinelibrary.wiley.com/doi/abs/10.1111/j.0021-8790.2004.00814.x,,
FJ Liethen,Jelly/jam bird feeder,2010,"US Patent 7,789,040",Google Patents,https://patents.google.com/patent/US7789040B2/en,,
PAP Moran,The statistical analysis of game-bird records,1952,Journal of Animal Ecology,JSTOR,https://www.jstor.org/stable/1915,,
B Donoho,Bird deterrent,2004,"US Patent App. 10/464,712",Google Patents,https://patents.google.com/patent/US20040255837A1/en,,
"K Dmowski, F Gast, P Müller, G Wagner",Variability of cadmium and lead concentrations in bird feathers,1984,Naturwissenschaften,Springer,http://www.springerlink.com/index/M31J431006775R14.pdf,,
GE Probasco,Bird habitat-woody plant relations on Missouri limestone glades,1978,Bird numbers,images.library.wisc.edu,http://images.library.wisc.edu/EcoNatRes/EFacs/NAPC/NAPC05/reference/econatres.napc05.gprobasco.pdf,,
"J Qiang, LM Chiappe, J Shu'An",A new late Mesozoic confuciusornithid bird from China,1999,Journal of Vertebrate …,Taylor & Francis,https://www.tandfonline.com/doi/pdf/10.1080/02724634.1999.10011117,,
"B Helm, ME Visser",Heritable circadian period length in a wild bird population,2010,Proceedings of the Royal Society B …,royalsocietypublishing.org,https://royalsocietypublishing.org/doi/abs/10.1098/rspb.2010.0871,,
"ME El Halawani, WH Burke, JR Millam…",Regulation of prolactin and its role in gallinaceous bird reproduction,1984,Journal of …,Wiley Online Library,https://onlinelibrary.wiley.com/doi/abs/10.1002/jez.1402320319,,
WD Fitzwater,Bird Limes and Rat Glues—Sticky Situations,1982,,digitalcommons.unl.edu,https://digitalcommons.unl.edu/vpc10/15/,,
"LDC Fishpool, MI Evans",Important Bird Areas in Africa and associated islands: Priority sites for conservation,2001,,researchgate.net,https://www.researchgate.net/profile/Falk_Huettmann/publication/312398316_Important_Bird_Areas_in_Africa_and_Associated_Islands_Priority_Sites_for_Conservation_by_L_D_C_Fishpool_and_M_I_Evans_2001_book_review/links/58d8ce7f92851c44d4ad4000/Important-Bird-Areas-in-Africa-and-Associated-Islands-Priority-Sites-for-Conservation-by-L-D-C-Fishpool-and-M-I-Evans-2001-book-review.pdf,,
B Bruderer,The radar window to bird migration,2003,Avian migration,Springer,https://link.springer.com/chapter/10.1007/978-3-662-05957-9_24,,
"P Olsson, O Lind, A Kelber",Bird colour vision: behavioural thresholds reveal receptor noise,2015,Journal of Experimental Biology,jeb.biologists.org,https://jeb.biologists.org/content/218/2/184,,
"IJ Davenport, RB Bradbury, GQA Anderson…",Improving bird population models using airborne remote sensing,2000,… Journal of Remote …,Taylor & Francis,https://www.tandfonline.com/doi/abs/10.1080/01431160050110241,,
"JK Bowmaker, GR Martin","Visual pigments and colour vision in a nocturnal bird, Strix aluco (tawny owl)",1978,Vision Research,Elsevier,https://www.sciencedirect.com/science/article/pii/0042698978900950,,
"HK Kwok, RT CORLETT","Seasonality of a forest bird community in Hong Kong, South China",1999,Ibis,Wiley Online Library,https://onlinelibrary.wiley.com/doi/abs/10.1111/j.1474-919X.1999.tb04264.x,,
HS Lillard,Improving quality of bird chiller water for recycling by diatomaceous earth filtration and chlorination,1978,Journal of Food Science,Wiley Online Library,https://onlinelibrary.wiley.com/doi/abs/10.1111/j.1365-2621.1978.tb02535.x,,
"AJ Campbell, JA Kershaw",Notes on a small collection of bird-skins from the Northern Territory,1913,Emu-Austral Ornithology,Taylor & Francis,https://www.tandfonline.com/doi/pdf/10.1071/MU912274,,
"GL Talesara, G Goldspink","A combined histochemical and biochemical study of myofibrillar ATPase in pectoral, leg and cardiac muscle of several species of bird",1978,The Histochemical journal,Springer,https://link.springer.com/article/10.1007/BF01003119,,
"GE Hill, GE Hill, KJ McGraw",Bird coloration: function and evolution,2006,,books.google.com,https://books.google.com/books?hl=en&lr=&id=BnM8musSTS4C&oi=fnd&pg=PR7&dq=bird+(light+OR+streetlight+OR+headlight+OR+spotlight+OR+lamp+OR+beacon+OR+beam+OR+ceilometer)&ots=05f9ZS-QR5&sig=SCbdrp7IRxz5KEAgCuKvSrNesaM,,
RM Skinner,Grassland use patterns and prairie bird populations in Missouri,1974,,images.library.wisc.edu,http://images.library.wisc.edu/EcoNatRes/EFacs/NAPC/NAPC04/reference/econatres.napc04.rskinner.pdf,,
"SA Gauthreaux, CG Belser",Bird movements on Doppler weather surveillance radar,2003,Birding,academia.edu,http://www.academia.edu/download/31696948/Gauthreaux___Belser_2003.pdf,,
B Benton,Bird feeder,1966,"US Patent 3,244,150",Google Patents,https://patents.google.com/patent/US3244150A/en,,
C Woodward,"Eutrophication of a small, deep lake in southern New Zealand: the effects of twentieth-century forest clearance, changing nutrient influx, light penetration and bird …",2013,Journal of paleolimnology,Springer,https://link.springer.com/article/10.1007/s10933-013-9734-6,,
"RC Bird, JS Williams",Ion beams for materials analysis,1990,,books.google.com,https://books.google.com/books?hl=en&lr=&id=xchwfTZyBOQC&oi=fnd&pg=PP1&dq=bird+(light+OR+streetlight+OR+headlight+OR+spotlight+OR+lamp+OR+beacon+OR+beam+OR+ceilometer)&ots=pj24nMZs8G&sig=2pGg-tGwzM2K6Mkx1wPTk128z0k,,
D Klem Jr,Preventing bird–window collisions,2009,The Wilson Journal of Ornithology,BioOne,https://bioone.org/journals/The-Wilson-Journal-of-Ornithology/volume-121/issue-2/08-118.1/Preventing-BirdWindow-Collisions/10.1676/08-118.1.short,,
WH Thorpe,COMMENTS ON 'THE BIRD FANCYER'S DELIGHT': TOGETHER WITH NOTES ON IMITATION IN THE SUB‐SONG OF THE CHAFFINCH.,1955,Ibis,Wiley Online Library,https://onlinelibrary.wiley.com/doi/abs/10.1111/j.1474-919X.1955.tb01911.x,,
"ED Barrientos, EBY Mata",Bird collision prevention device for an aircraft,2011,"US Patent 7,971,827",Google Patents,https://patents.google.com/patent/US7971827B2/en,,
"HR Hoogenboom, AD Griffiths, KS Johnson…",Multi-subunit proteins on the surface of filamentous phage: methodologies for displaying antibody (Fab) heavy and light chains,1991,Nucleic acids …,academic.oup.com,https://academic.oup.com/nar/article-abstract/19/15/4133/1115775,,
R Baker,Bird navigation: the solution of a mystery?,1984,,books.google.com,https://books.google.com/books?hl=en&lr=&id=eu46AAAAIAAJ&oi=fnd&pg=PR7&dq=bird+(light+OR+streetlight+OR+headlight+OR+spotlight+OR+lamp+OR+beacon+OR+beam+OR+ceilometer)&ots=urCKjmafiF&sig=gOJ9mC_FfPvEuws4tUAmRgfdrOE,,
KP Able,Environmental influences on the orientation of free-flying nocturnal bird migrants,1974,Animal behaviour,Elsevier,https://www.sciencedirect.com/science/article/pii/S0003347274800734,,
"B Helm, I Schwabl, E Gwinner",Circannual basis of geographically distinct bird schedules,2009,Journal of Experimental Biology,jeb.biologists.org,https://jeb.biologists.org/content/212/9/1259.short,,
"TC Williams, JM Williams, PG Williams, P Stokstad","Bird migration through a mountain pass studied with high resolution radar, ceilometers, and census",2001,The Auk,academic.oup.com,https://academic.oup.com/auk/article-abstract/118/2/389/5146971,,
"SS Singh, C Haldar",Peripheral melatonin modulates seasonal immunity and reproduction of Indian tropical male bird Perdicula asiatica,2007,Comparative Biochemistry and Physiology Part A …,Elsevier,https://www.sciencedirect.com/science/article/pii/S1095643306005435,,
W Rowan,Experiments in bird migration. II. Reversed migration,1930,Proceedings of the National Academy of Sciences of …,ncbi.nlm.nih.gov,https://www.ncbi.nlm.nih.gov/pmc/articles/PMC526679/,,
"A Łukowski, E Mąderek, P Karolewski",Light conditions effect on bird cherry ermine moth-the main pest of bird cherry.,2014,Sylwan,cabdirect.org,https://www.cabdirect.org/cabdirect/abstract/20143393627,,
"NS Hart, JC Partridge, IC Cuthill…","Visual pigments, oil droplets, ocular media and cone photoreceptor distribution in two species of passerine bird: the blue tit (Parus caeruleus L.) and the blackbird …",2000,Journal of Comparative …,Springer,https://link.springer.com/article/10.1007/s003590050437,,
AD Coleman,Bird decoy,1997,"US Patent 5,595,012",Google Patents,https://patents.google.com/patent/US5595012A/en,,
"S Magkiriadou, JG Park, YS Kim, VN Manoharan","Absence of red structural color in photonic glasses, bird feathers, and certain beetles",2014,Physical Review E,APS,https://journals.aps.org/pre/abstract/10.1103/PhysRevE.90.062302,,
"RK Bird, J Hibberd",Tensile Properties and Microstructure of Inconel 718 Fabricated with Electron Beam Freeform Fabrication (EBF (sup 3)),2009,,ntrs.nasa.gov,https://ntrs.nasa.gov/search.jsp?R=20090033142,,
"C Lin, DE Robertson, M Ahmad, AA Raibekas…",Association of flavin adenine dinucleotide with the Arabidopsis blue light receptor CRY1,1995,…,science.sciencemag.org,https://science.sciencemag.org/content/269/5226/968.short,,
RE Laverty,Bird feeder,1994,"US Patent 5,291,855",Google Patents,https://patents.google.com/patent/US5291855A/en,,
"H Noh, SF Liew, V Saranathan, RO Prum, SGJ Mochrie…",Contribution of double scattering to structural coloration in quasiordered nanostructures of bird feathers,2010,Physical Review E,APS,https://journals.aps.org/pre/abstract/10.1103/PhysRevE.81.051923,,
"ET Holahan, BC Meyer, TE Webb",Animated action toy bird,1981,"US Patent 4,244,138",Google Patents,https://patents.google.com/patent/US4244138A/en,,
JM Olesen,The Macaronesian bird-flower element and its relation to bird and bee opportunists,1985,Botanical Journal of the Linnean Society,academic.oup.com,https://academic.oup.com/botlinnean/article-abstract/91/3/395/2633508,,
"ML Lindvall, JB Low","Nesting ecology and production of western grebes at Bear River Migratory Bird Refuge, Utah",1982,The Condor,academic.oup.com,https://academic.oup.com/condor/article-abstract/84/1/66/5204859,,
AB Goodwin,Bird feeder pavilion,1999,"US Patent 5,893,335",Google Patents,https://patents.google.com/patent/US5893335A/en,,
MJ Goodman,Selective bird feeder,1968,"US Patent 3,399,650",Google Patents,https://patents.google.com/patent/US3399650A/en,,
"P Olsson, D Wilby, A Kelber",Spatial summation improves bird color vision in low light intensities,2017,Vision research,Elsevier,https://www.sciencedirect.com/science/article/pii/S0042698916301535,,
WJ Richardson,Timing of bird migration in relation to weather: updated review,1990,Bird migration,Springer,https://link.springer.com/chapter/10.1007/978-3-642-74542-3_6,,
EH Barman,Bird cage,1997,"US Patent App. 29/039,193",Google Patents,https://patents.google.com/patent/USD379681S/en,,
"AL Batchelor, GJB Ross","The diet and implications of dietary change of Cape gannets on Bird Island, Algoa Bay",1984,Ostrich,Taylor & Francis,https://www.tandfonline.com/doi/abs/10.1080/00306525.1984.9634757,,
"R Julliard, J Clavel, V Devictor, F Jiguet…",Spatial segregation of specialists and generalists in bird communities,2006,Ecology letters,Wiley Online Library,https://onlinelibrary.wiley.com/doi/abs/10.1111/j.1461-0248.2006.00977.x,,
DL McDonald,Bird orientation: A method of study,1968,Science,science.sciencemag.org,https://science.sciencemag.org/content/161/3840/486.short,,
"L Staveley-Smith, WE Wilson, TS Bird…",The Parkes 21 cm multibeam receiver,1996,Publications of the …,cambridge.org,https://www.cambridge.org/core/journals/publications-of-the-astronomical-society-of-australia/article/parkes-21-cm-multibeam-receiver/971C56D08F52750EEB22693158AD481C,,
"XA Harrison, DJ Hodgson, R Inger, K Colhoun…",Environmental conditions during breeding modify the strength of mass-dependent carry-over effects in a migratory bird,2013,PloS one,journals.plos.org,https://journals.plos.org/plosone/article?id=10.1371/journal.pone.0077783,,
"P Semm, RC Beason",Sensory basis of bird orientation,1990,Experientia,Springer,https://link.springer.com/article/10.1007/BF01952170,,
"TCP Melman, AGM Schotman, S Hunink…","Evaluation of meadow bird management, especially black-tailed godwit (Limosa limosa L.), in the Netherlands",2008,Journal for Nature …,Elsevier,https://www.sciencedirect.com/science/article/pii/S1617138108000046,,
"HVAN GASTEREN, I Holleman, W Bouten…",Extracting bird migration information from C‐band Doppler weather radars,2008,Ibis,Wiley Online Library,https://onlinelibrary.wiley.com/doi/abs/10.1111/j.1474-919X.2008.00832.x,,
"N Bird, N Papanikolopoulos",Optimal image-based euclidean calibration of structured light systems in general scenes,2011,IEEE Transactions on Automation …,ieeexplore.ieee.org,https://ieeexplore.ieee.org/abstract/document/5772037/,,
"W Hemmer, C Klug, I Swoboda",Update on the bird-egg syndrome and genuine poultry meat allergy,2016,Allergo journal international,Springer,https://link.springer.com/article/10.1007/s40629-016-0108-2,,
"HL McQuillen, LW Brewer",Methodological considerations for monitoring wild bird nests using video technology,2000,Journal of field Ornithology,BioOne,https://bioone.org/journals/Journal-of-Field-Ornithology/volume-71/issue-1/0273-8570-71.1.167/METHODOLOGICAL-CONSIDERATIONS-FOR-MONITORING-WILD-BIRD-NESTS-USING-VIDEO-TECHNOLOGY/10.1648/0273-8570-71.1.167.short,,
VA Tucker,The energetics of bird flight,1969,Scientific American,JSTOR,https://www.jstor.org/stable/24926360,,
WB Herapath,"XXVI. On the optical properties of a newly-discovered salt of quinine, which crystalline substance possesses the power of polarizing a ray of light, like tourmaline, and …",1852,"The London, Edinburgh, and Dublin Philosophical …",Taylor & Francis,https://www.tandfonline.com/doi/pdf/10.1080/14786445208646983,,
"JA Hemmingson, RH Furneaux…","Biosynthesis of agar polysaccharides in Gracilaria chilensis Bird, McLachlan et Oliveira",1996,Carbohydrate research,Elsevier,https://www.sciencedirect.com/science/article/pii/0008621596000572,,
"N Greiner, L Blair, P Bird",A 0.2-GW pulsed H2-F2chemical laser initiated by an electron beam,1974,IEEE Journal of Quantum Electronics,ieeexplore.ieee.org,https://ieeexplore.ieee.org/abstract/document/1068366/,,
IIWG Fort,Bird feeder,2006,"US Patent 7,040,251",Google Patents,https://patents.google.com/patent/US7040251B2/en,,
"S Hinsley, R Hill, R Fuller, P Bellamy…",Bird species distributions across woodland canopy structure gradients,2009,Community Ecology,akademiai.com,https://akademiai.com/doi/abs/10.1556/ComEc.10.2009.1.12,,
CJ Howard,Bird feeder,1960,"US Patent 2,931,336",Google Patents,https://patents.google.com/patent/US2931336A/en,,
DC Lahti,Evolution of bird eggs in the absence of cuckoo parasitism,2005,Proceedings of the National Academy of …,National Acad Sciences,https://www.pnas.org/content/102/50/18057.short,,
P Berthold,The endogenous control of bird migration: a survey of experimental evidence,1984,Bird Study,Taylor & Francis,https://www.tandfonline.com/doi/abs/10.1080/00063658409476810,,
"SR Loss, T Will, SS Loss, PP Marra",Bird–building collisions in the United States: Estimates of annual mortality and species vulnerability,2014,The Condor,academic.oup.com,https://academic.oup.com/condor/article-abstract/116/1/8/5153098,,
"PS Light, F Benabid, GJ Pearce, F Couny…",Electromagnetically induced transparency in acetylene molecules with counterpropagating beams in V and schemes,2009,Applied Physics …,aip.scitation.org,https://aip.scitation.org/doi/abs/10.1063/1.3115143,,
RW DeHaven,"Bird damage to wine grapes in central California, 1973",1974,,digitalcommons.unl.edu,https://digitalcommons.unl.edu/vpc6/9/?a_aid=3598aabf,,
"Y Guo, P Jia, G Hong",Research on bird strike simulation of composite leading edge,2012,AASRI Procedia,Elsevier,https://www.sciencedirect.com/science/article/pii/S2212671612002661,,
"P Heeb, T Schwander, S Faoro",Nestling detectability affects parental feeding preferences in a cavity-nesting bird,2003,Animal Behaviour,Elsevier,https://www.sciencedirect.com/science/article/pii/S000334720392238X,,
"F Zou, G Chen, Q Yang","Impacts of bird abundance, activity height and light intensity on the number of birds captured by mist netting",2010,Chinese Birds,chinesebirds.net,http://www.chinesebirds.net/EN/abstract/abstract52.shtml,,
"…, CB Eaton, BV Howard, C Bird…",Both light intensity and moderate‐to‐vigorous physical activity measured by accelerometry are favorably associated with cardiometabolic risk factors in older women …,2017,Journal of the …,Am Heart Assoc,https://www.ahajournals.org/doi/abs/10.1161/JAHA.117.007064,,
"RE Bird, KD Hardman, JW Jacobson, S Johnson…",Single-chain antigen-binding proteins,1988,…,science.sciencemag.org,https://science.sciencemag.org/content/242/4877/423.short,,
"AF Bird, MR Sauer, RN Chapman…",The influence of light quality on the growth and fecundity of Meloidogyne infesting tomato,1980,Nematologia …,inaav.ba.cnr.it,"http://www.inaav.ba.cnr.it/vol08-1,%201980/vol08-1h.pdf",,
"D Gomez, M Théry",Simultaneous crypsis and conspicuousness in color patterns: comparative analysis of a neotropical rainforest bird community,2007,the american naturalist,journals.uchicago.edu,https://www.journals.uchicago.edu/doi/abs/10.1086/510138,,
EM Phelps,Bird-like statuette or the like,1979,"US Patent App. 05/817,837",Google Patents,https://patents.google.com/patent/USD253097S/en,,
"R Plante, M Lafond",Bird cage,2004,"US Patent 6,715,445",Google Patents,https://patents.google.com/patent/US6715445B2/en,,
"BF Blackwell, TL DeVault, TW Seamans…",Exploiting avian vision with aircraft lighting to reduce bird strikes,2012,Journal of Applied …,Wiley Online Library,https://besjournals.onlinelibrary.wiley.com/doi/abs/10.1111/j.1365-2664.2012.02165.x,,
GS Archer,"Comparison of incandescent, CFL, LED and bird level LED lighting: growth, fear and stress",2015,International Journal of Poultry Science,free-journal.umm.ac.id,http://free-journal.umm.ac.id/files/file/fin2786.pdf,,
"ZM Bocheński, T Tomek",Preservation of bird bones: erosion versus digestion by owls,1997,International Journal of …,Wiley Online Library,https://onlinelibrary.wiley.com/doi/abs/10.1002/(SICI)1099-1212(199707/08)7:4%3C372::AID-OA355%3E3.0.CO;2-W,,
V Fasino,Weight-discriminating bird feeder,2003,"US Patent 6,622,654",Google Patents,https://patents.google.com/patent/US6622654B2/en,,
M Maeterlinck,The Blue Bird: A Fairy Play in Six Acts,1911,,"Dodd, Mead",,,
"…, G Bardin, G Baum, P Berglund, L Betev, IG Bird…",Measurement of the spin-dependent structure function g1 (x) of the proton,1994,Physics Letters B,Elsevier,https://www.sciencedirect.com/science/article/pii/0370269394907935,,
PS Vosbikian,Modular bird feeder,2010,"US Patent App. 29/348,391",Google Patents,https://patents.google.com/patent/USD623805S1/en,,
DR Griffin,Oriented bird migration in or between opaque cloud layers,1973,Proceedings of the American Philosophical Society,JSTOR,https://www.jstor.org/stable/986062,,
"RO Prum, RL Morrison, GR Ten Eyck",Structural color production by constructive reflection from ordered collagen arrays in a bird (Philepitta castanea: Eurylaimidae),1994,Journal of Morphology,Wiley Online Library,https://onlinelibrary.wiley.com/doi/abs/10.1002/jmor.1052220107,,
DA Bloedorn,Bird feeder having removable apertured metal floor,2000,"US Patent 6,095,087",Google Patents,https://patents.google.com/patent/US6095087A/en,,
WJ Richardson,"Bird migration and wind turbines: Migration timing, flight behaviour and collision risk",1998,Proceedings of the National Avian-wind Power …,academia.edu,http://www.academia.edu/download/29500196/avian98.pdf#page=142,,
P Weiss,Bird-kite.,1906,"US Patent 810,690",Google Patents,https://patents.google.com/patent/US810690A/en,,
LG Copeman,Bird feeding station,1940,"US Patent 2,216,511",Google Patents,https://patents.google.com/patent/US2216511A/en,,
"MY Chen, TY Yu, YH Chu, WOJ Brown…",Application of Capon technique to mitigate bird contamination on a spaced antenna wind profiler,2007,Radio Science,ieeexplore.ieee.org,https://ieeexplore.ieee.org/abstract/document/7771528/,,
"K Thorup, RA Holland",The bird GPS–long-range navigation in migrants,2009,Journal of Experimental Biology,jeb.biologists.org,https://jeb.biologists.org/content/212/22/3597.short,,
T Ritz,Quantum effects in biology: Bird navigation,2011,Procedia Chemistry,Elsevier,https://www.sciencedirect.com/science/article/pii/S1876619611000738,,
TS Brandes,Automated sound recording and analysis techniques for bird surveys and conservation,2008,Bird Conservation International,cambridge.org,https://www.cambridge.org/core/journals/bird-conservation-international/article/automated-sound-recording-and-analysis-techniques-for-bird-surveys-and-conservation/880ECBEB1916BC4929B2E21E5053F27B,,
"DJ Bird, SC Corbato, HY Dai, JW Elbert…",Detection of a cosmic ray with measured energy well beyond the expected spectral cutoff due to cosmic microwave radiation,1995,The Astrophysical …,adsabs.harvard.edu,http://adsabs.harvard.edu/full/1995ApJ...441..144B,,
"G Bird, D Rowlands",Financing balance of payments adjustment: options in the light of the elusive catalytic effect of IMF-supported programmes,2004,Comparative Economic Studies,Springer,https://link.springer.com/article/10.1057/palgrave.ces.8100058,,
"RW Chamberlain, RK Sikes",Laboratory rearing methods for three common species of bird mites,1950,The Journal of parasitology,JSTOR,https://www.jstor.org/stable/3273173,,
DE James,Expanded Cinema in Los Angeles: The Single Wing Turquoise Bird,2005,Millennium Film Journal,search.proquest.com,http://search.proquest.com/openview/cb55da85736ec186/1.pdf?pq-origsite=gscholar&cbl=15368,,
J Gentilli,Foundations of Australian bird geography,1949,Emu-Austral Ornithology,Taylor & Francis,https://www.tandfonline.com/doi/pdf/10.1071/MU949085,,
DB Hyde,Birdhouse and bird-feeding device,1946,"US Patent 2,392,532",Google Patents,https://patents.google.com/patent/US2392532A/en,,
"J Van Belle, J Shamoun‐Baranes…",An operational model predicting autumn bird migration intensities for flight safety,2007,Journal of applied …,Wiley Online Library,https://besjournals.onlinelibrary.wiley.com/doi/abs/10.1111/j.1365-2664.2007.01322.x,,
"T Newbold, JPW Scharlemann…",Ecological traits affect the response of tropical forest bird species to land-use intensity,2013,… of the Royal …,royalsocietypublishing.org,https://royalsocietypublishing.org/doi/abs/10.1098/rspb.2012.2131,,
PG Davis,The bioerosion of bird bones,1997,International Journal of Osteoarchaeology,Wiley Online Library,https://onlinelibrary.wiley.com/doi/abs/10.1002/(SICI)1099-1212(199707/08)7:4%3C388::AID-OA357%3E3.0.CO;2-H,,
"PL Manning, NP Edwards, RA Wogelius…",Synchrotron-based chemical imaging reveals plumage patterns in a 150 million year old early bird,2013,Journal of Analytical …,pubs.rsc.org,https://pubs.rsc.org/en/content/articlehtml/2013/ja/c3ja50077b,,
"BW Locke, HE Kerchner",Bird cage cover,1967,"US Patent 3,297,001",Google Patents,https://patents.google.com/patent/US3297001A/en,,
"TA Birks, DM Bird, TD Hedley, JM Pottage…",Scaling laws and vector effects in bandgap-guiding fibres,2004,Optics …,osapublishing.org,https://www.osapublishing.org/abstract.cfm?uri=oe-12-1-69,,
"A Hidano, K Asanuma",Acariasis caused by bird mites,1976,Archives of dermatology,jamanetwork.com,https://jamanetwork.com/journals/jamadermatology/article-abstract/535975,,
"B Clucas, JM Marzluff",Attitudes and actions toward birds in urban areas: human cultural differences influence bird behavior,2012,The Auk,academic.oup.com,https://academic.oup.com/auk/article-abstract/129/1/8/5148689,,
"AT Peterson, BW Benz, M Papeş",Highly pathogenic H5N1 avian influenza: entry pathways into North America via bird migration,2007,PLoS one,journals.plos.org,https://journals.plos.org/plosone/article?id=10.1371/journal.pone.0000261,,
"…, D Klem Jr, E Lago, A Lahey, K Lamp…",Continent-wide analysis of how urbanization affects bird-window collision mortality in North America,2017,Biological …,Elsevier,https://www.sciencedirect.com/science/article/pii/S0006320717306316,,
"MD Ouart, AW Adams",Effects of cage design and bird density on layers. 2. Bird movement and feeding behavior,1982,Poultry Science,academic.oup.com,https://academic.oup.com/ps/article-abstract/61/8/1614/1593216,,
"A Feduccia, LD Martin",Theropod-bird link reconsidered,1998,Nature,nature.com,https://www.nature.com/articles/35777,,
"I Weiser, M Weiser",Bird feeder-planter,2002,"US Patent App. 29/151,941",Google Patents,https://patents.google.com/patent/USD460383S1/en,,
"J Chavez, A Kelber, M Vorobyev, O Lind","Unexpectedly low UV-sensitivity in a bird, the budgerigar",2014,Biology letters,royalsocietypublishing.org,https://royalsocietypublishing.org/doi/abs/10.1098/rsbl.2014.0670,,
RP Bird,Observation and quantification of aberrant crypts in the murine colon treated with a colon carcinogen: preliminary findings,1987,Cancer letters,Elsevier,https://www.sciencedirect.com/science/article/pii/0304383587901571,,
J Warham,Bird islands within the Barrier Reef and Torres Strait,1962,Emu-Austral Ornithology,Taylor & Francis,https://www.tandfonline.com/doi/pdf/10.1080/01584197.1962.11796837,,
"…, G Liu, RC Fitzgerald, L Bernstein, W Ye, NC Bird…",MiRNA-related SNPs and risk of esophageal adenocarcinoma and Barrett's esophagus: post genome-wide association analysis in the BEACON consortium,2015,PLoS one,journals.plos.org,https://journals.plos.org/plosone/article?id=10.1371/journal.pone.0128617,,
"S Engels, NL Schneider, N Lefeldt, CM Hein, M Zapka…",Anthropogenic electromagnetic noise disrupts magnetic compass orientation in a migratory bird,2014,Nature,nature.com,https://www.nature.com/articles/nature13290,,
SA Gauthreaux,Bird migration: methodologies and major research trajectories (1945-1995),1996,The Condor,JSTOR,https://www.jstor.org/stable/1369168,,
"P Berthold, U Querner","Genetic basis of moult, wing length, and body weight in a migratory bird species,Sylvia atricapilla",1982,Experientia,Springer,https://link.springer.com/article/10.1007/BF01972279,,
"…, G Bassompierre, K Benslama, N Besson, I Bird…",Search for eV (pseudo) scalar penetrating particles in the SPS neutrino beam,2000,Physics Letters B,Elsevier,https://www.sciencedirect.com/science/article/pii/S0370269300003750,,
S Dhawan,Bird flight,1991,Sadhana,Springer,https://link.springer.com/article/10.1007/BF02745345,,
"MD Ouart, AW Adams","Effects of cage design and bird density on layers. 1. Productivity, feathering, and nervousness",1982,Poultry Science,academic.oup.com,https://academic.oup.com/ps/article-abstract/61/8/1606/1593212,,
R Nelson,Selective bird feeding apparatus,2015,"US Patent 9,113,614",Google Patents,https://patents.google.com/patent/US9113614B1/en,,
"MW Klope, RC Beason, TJ Nohara, MJ Begier",Role of near-miss bird strikes in assessing hazards,2009,Human-Wildlife Conflicts,JSTOR,https://www.jstor.org/stable/24875708,,
"S Andersson, T Uller, M Lõhmus…",Effects of egg yolk testosterone on growth and immunity in a precocial bird,2004,Journal of evolutionary …,Wiley Online Library,https://onlinelibrary.wiley.com/doi/abs/10.1111/j.1420-9101.2004.00706.x,,
DL Pearson,"Range extensions and new records for bird species in Ecuador, Peru, and Bolivia",1975,The Condor,JSTOR,https://www.jstor.org/stable/1366765,,
"YM Pan, KW Leung",Wideband circularly polarized dielectric bird-nest antenna with conical radiation pattern,2012,IEEE Transactions on Antennas and …,ieeexplore.ieee.org,https://ieeexplore.ieee.org/abstract/document/6310031/,,
RD Morrison,Bird feeder apparatus,1992,"US Patent 5,163,382",Google Patents,https://patents.google.com/patent/US5163382A/en,,
J Terborgh,Bird species diversity on an Andean elevational gradient,1977,Ecology,Wiley Online Library,https://esajournals.onlinelibrary.wiley.com/doi/abs/10.2307/1936921,,
"JR Conklin, PF Battley, MA Potter, JW Fox",Breeding latitude drives individual schedules in a trans-hemispheric migrant bird,2010,Nature Communications,nature.com,https://www.nature.com/articles/ncomms1072,,
H Schwabl,Environment modifies the testosterone levels of a female bird and its eggs,1996,Journal of Experimental Zoology,Wiley Online Library,https://onlinelibrary.wiley.com/doi/abs/10.1002/(SICI)1097-010X(19961001)276:2%3C157::AID-JEZ9%3E3.0.CO;2-N,,
J ROLSTAD,Consequences of forest fragmentation for the dynamics of bird populations: conceptual issues and the evidence,1991,Biological Journal of the Linnean Society,academic.oup.com,https://academic.oup.com/biolinnean/article-abstract/42/1-2/149/2654446,,
"J Harjo, G Bird",Reinventing the enemy's language: Contemporary Native women's writing of North America,1997,,WW Norton & Company,,,
"S Zehnder, S Åkesson, F Liechti…","Nocturnal autumn bird migration at Falsterbo, South Sweden",2001,Journal of Avian …,Wiley Online Library,https://onlinelibrary.wiley.com/doi/abs/10.1111/j.0908-8857.2001.320306.x,,
"MH Maxwell, WG Siller",The ultrastructural characteristics of the eosinophil granules in six species of domestic bird.,1972,Journal of anatomy,ncbi.nlm.nih.gov,https://www.ncbi.nlm.nih.gov/pmc/articles/pmc1271200/,,
"G Coccagna, G di Donato, P Verucchi…",Hypersomnia with periodic apneas in acquired micrognathia: a bird-like face syndrome,1976,Archives of …,jamanetwork.com,https://jamanetwork.com/journals/jamaneurology/article-abstract/575031,,
B Beehler,Ecological structuring of forest bird communities in New Guinea,1982,Biogeography and ecology of New Guinea,Springer,https://link.springer.com/chapter/10.1007/978-94-009-8632-9_41,,
"H Mehlhorn, S Al-Quraishy, A Aziza, M Hess",Fine structure of the bird parasites Trichomonas gallinae and Tetratrichomonas gallinarum from cultures,2009,Parasitology research,Springer,https://link.springer.com/article/10.1007/s00436-009-1451-8,,
MD Ewbank,Bird-wing phase conjugator using mutually incoherent laser beams,1990,"US Patent 4,911,537",Google Patents,https://patents.google.com/patent/US4911537A/en,,
N Chaffer,The Eastern Bristle-bird,1954,Emu-Austral Ornithology,Taylor & Francis,https://www.tandfonline.com/doi/pdf/10.1071/MU954153,,
AW Dehls,Squirrel-proof selective bird feeder,1985,"US Patent 4,541,362",Google Patents,https://patents.google.com/patent/US4541362A/en,,
N Porter,Bird flu biopower: strategies for multispecies coexistence in Việt Nam,2013,American Ethnologist,Wiley Online Library,https://anthrosource.onlinelibrary.wiley.com/doi/abs/10.1111/amet.12010,,
"CE Chen, AM Ali, H Wang",Design and testing of robust acoustic arrays for localization and enhancement of several bird sources,2006,… of the 5th international conference on …,dl.acm.org,https://dl.acm.org/citation.cfm?id=1127819,,
"AR Ridley, NJ Raihani",Variable postfledging care in a cooperative bird: causes and consequences,2007,Behavioral Ecology,academic.oup.com,https://academic.oup.com/beheco/article-abstract/18/6/994/210895,,
J Koistinen,Bird migration patterns on weather radars,2000,"Physics and Chemistry of the Earth, Part B: Hydrology …",Elsevier,https://www.sciencedirect.com/science/article/pii/S1464190900001763,,
"M Bateson, G Feenders",The use of passerine bird species in laboratory research: implications of basic biology for husbandry and welfare,2010,ILAR journal,academic.oup.com,https://academic.oup.com/ilarjournal/article-abstract/51/4/394/676066,,
"H Schmaljohann, B Bruderer, F Liechti",Sustained bird flights occur at temperatures far beyond expected limits,2008,Animal Behaviour,Elsevier,https://www.sciencedirect.com/science/article/pii/S0003347208002613,,
R Bleiweiss,Ultraviolet plumage reflectance distinguishes sibling bird species,2004,Proceedings of the National Academy of …,National Acad Sciences,https://www.pnas.org/content/101/47/16561.short,,
"SK Maloney, TJ Dawson","The heat load from solar radiation on a large, diurnally active bird, the emu (Dromaius novaehollandiae)",1995,Journal of thermal biology,researchgate.net,https://www.researchgate.net/profile/Terence_Dawson/publication/248534223_The_heat_load_from_solar_radiation_on_a_large_diurnally_active_bird_the_Emu_Dromaius_novaehollandiae/links/5b5006dfa6fdcc8dae2b4ccf/The-heat-load-from-solar-radiation-on-a-large-diurnally-active-bird-the-Emu-Dromaius-novaehollandiae.pdf,,
"A Roca, P Pizarro‐Tobías, Z Udaondo…",Analysis of the plant growth‐promoting properties encoded by the genome of the rhizobacterium Pseudomonas putida BIRD‐1,2013,Environmental …,Wiley Online Library,https://onlinelibrary.wiley.com/doi/abs/10.1111/1462-2920.12037,,
"F Ayala-Guerrero, MC Perez, A Calderon",Sleep patterns in the bird Aratinga canicularis,1988,Physiology & behavior,Elsevier,https://www.sciencedirect.com/science/article/pii/0031938488902120,,
P de Groot,Information transfer in a socially roosting weaver bird (Quelea quelea; Ploceinae): an experimental study,1980,Animal Behaviour,Elsevier,https://www.sciencedirect.com/science/article/pii/S0003347280801138,,
JA Baskin,The giant flightless bird Titanis walleri (Aves: Phorusrhacidae) from the Pleistocene coastal plain of south Texas,1995,Journal of Vertebrate Paleontology,Taylor & Francis,https://www.tandfonline.com/doi/pdf/10.1080/02724634.1995.10011266,,
T Van Dyk,Bird feeder,2013,"US Patent App. 29/424,217",Google Patents,https://patents.google.com/patent/USD676615S1/en,,
TE Martin,On the advantage of being different: nest predation and the coexistence of bird species,1988,Proceedings of the National Academy of …,National Acad Sciences,https://www.pnas.org/content/85/7/2196.short,,
H Murakami,The Wind-Up Bird Chronicle: A Novel,2010,,books.google.com,https://books.google.com/books?hl=en&lr=&id=A_mQPAqfte8C&oi=fnd&pg=PA46&dq=bird+(light+OR+streetlight+OR+headlight+OR+spotlight+OR+lamp+OR+beacon+OR+beam+OR+ceilometer)&ots=aNkOo28V7u&sig=vFShjln61FhV0VuegK8XZERcFBs,,
LR Askham,"Efficacy of methyl anthranilate as a bird repellent on cherries, blueberries and grapes",1992,Proceedings of the Vertebrate Pest Conference,escholarship.org,https://escholarship.org/uc/item/659301hn,,
"J Soons, P Lava, D Debruyne, J Dirckx",Full-field optical deformation measurement in biomechanics: digital speckle pattern interferometry and 3D digital image correlation applied to bird beaks,2012,Journal of the Mechanical …,Elsevier,https://www.sciencedirect.com/science/article/pii/S1751616112001543,,
"O Hüppop, J Dierschke, KM EXO, E Fredrich, R Hill",Bird migration studies and potential collision risk with offshore wind turbines,2006,Ibis,Wiley Online Library,https://onlinelibrary.wiley.com/doi/abs/10.1111/j.1474-919X.2006.00536.x,,
"KCD Chan, RTF Bird, MF Coulas…",Experiments with beam position sensors,1981,… on Nuclear Science,ieeexplore.ieee.org,https://ieeexplore.ieee.org/abstract/document/4331680/,,
"R Reijnen, R Foppen",Impact of road traffic on breeding bird populations,2006,The ecology of transportation: managing mobility …,Springer,https://link.springer.com/chapter/10.1007/1-4020-4504-2_12,,
"RB Renfrew, D Kim, N Perlut, J Smith…",Phenological matching across hemispheres in a long‐distance migratory bird,2013,Diversity and …,Wiley Online Library,https://onlinelibrary.wiley.com/doi/abs/10.1111/ddi.12080,,
L Kumlien,Observations on bird migration at Milwaukee,1888,The Auk,JSTOR,https://www.jstor.org/stable/4067340,,
"S Rani, S Singh, V Kumar","Photoperiodism, pineal clock and seasonal reproduction in the Indian Weaver Bird (Ploceus philippinus)",2007,Journal of Ornithology,Springer,https://link.springer.com/article/10.1007/s10336-007-0236-z,,
AN Powell,Are southern California's fragmented salt marshes capable of sustaining endemic bird populations?,2006,Studies in avian biology,sora.unm.edu,http://sora.unm.edu/sites/default/files/journals/sab/sab_032.pdf#page=206,,
"Y Sun, X Luo, J Wu, L Mo, S Chen, Q Zhang, F Zou…","Species-and tissue-specific accumulation of Dechlorane Plus in three terrestrial passerine bird species from the Pearl River Delta, South China",2012,Chemosphere,Elsevier,https://www.sciencedirect.com/science/article/pii/S0045653512007369,,
"GRT Wright, CJ Berry, G Bird",Deceptively simple… The “deception-general” ability and the need to put the liar under the spotlight,2013,Frontiers in neuroscience,frontiersin.org,https://www.frontiersin.org/articles/10.3389/fnins.2013.00152,,
"JS GUÉNETTE, MA VILLARD",Thresholds in forest bird response to habitat alteration as quantitative targets for conservation,2005,Conservation Biology,Wiley Online Library,https://onlinelibrary.wiley.com/doi/abs/10.1111/j.1523-1739.2005.00085.x,,
P Kilham,Tiered bird feeder,1985,"US Patent App. 06/464,192",Google Patents,https://patents.google.com/patent/USD277703S/en,,
"CC Jansen, P Zborowski, SA Ritchie…","Efficacy of bird‐baited traps placed at different heights for collecting ornithophilic mosquitoes in eastern Queensland, Australia",2009,Australian journal of …,Wiley Online Library,https://onlinelibrary.wiley.com/doi/abs/10.1111/j.1440-6055.2008.00671.x,,
"X Molina, V Montecino","Acclimation to UV irradiance in Gracilaria chilensis Bird, McLachlan & Oliveira (Gigartinales, Rhodophyta)",1996,Fifteenth International Seaweed Symposium,Springer,https://link.springer.com/chapter/10.1007/978-94-009-1659-3_60,,
"…, GA Smith, M Corcoran, D Adams, F Bird…",Beam test of a 12-layer scintillating-fiber charged-particle tracking system,1994,Nuclear Instruments and …,Elsevier,https://www.sciencedirect.com/science/article/pii/0168900294901805,,
A D'amato,"It's a bird, it's a plane, it's jus cogens",1990,Conn. J. Int'l L.,HeinOnline,https://heinonline.org/hol-cgi-bin/get_pdf.cgi?handle=hein.journals/conjil6&section=6,,
TC Williams,Autumnal bird migration over the windward Caribbean Islands,1985,The Auk,JSTOR,https://www.jstor.org/stable/4086835,,
"EV Aronov, L Clark","Degradation studies of the non‐lethal bird repellent, methyl anthranilate",1996,Pesticide Science,Wiley Online Library,https://onlinelibrary.wiley.com/doi/abs/10.1002/(SICI)1096-9063(199608)47:4%3C355::AID-PS429%3E3.0.CO;2-3,,
"F Mougeot, SM Redpath, F Leckie, PJ Hudson",The effect of aggressiveness on the population dynamics of a territorial bird,2003,Nature,nature.com,https://www.nature.com/articles/nature01395,,
JA Wiens,Pattern and process in grassland bird communities,1973,Ecological Monographs,Wiley Online Library,https://esajournals.onlinelibrary.wiley.com/doi/abs/10.2307/1942196,,
HW Hann,Life history of the Oven-bird in southern Michigan,1937,The Wilson Bulletin,JSTOR,https://www.jstor.org/stable/4156654,,
"…, P Jackson, PN Cowen, CC Bird",Immunogold-silver staining: new method of immunostaining with enhanced sensitivity.,1983,… of Histochemistry & …,journals.sagepub.com,https://journals.sagepub.com/doi/abs/10.1177/31.7.6189883,,
"JA Vrugt, J Van Belle, W Bouten",Pareto front analysis of flight time and energy use in long‐distance bird migration,2007,Journal of Avian Biology,Wiley Online Library,https://onlinelibrary.wiley.com/doi/abs/10.1111/j.0908-8857.2007.03909.x,,
MM Easton,Lawn sprinkler and bird bath structure,1976,"US Patent 3,944,138",Google Patents,https://patents.google.com/patent/US3944138A/en,,
DR Griffin,Bird navigation,1952,Biological Reviews,Wiley Online Library,https://onlinelibrary.wiley.com/doi/abs/10.1111/j.1469-185X.1952.tb01509.x,,
LF Bird,Communication system employing a high intensity arc modulated light source,1962,"US Patent 3,050,630",Google Patents,https://patents.google.com/patent/US3050630A/en,,
"R Brandstätter, V Kumar, TJ Van'T Hof…","Seasonal variations of in vivo and in vitro melatonin production in a passeriform bird, the house sparrow (Passer domesticus)",2001,Journal of pineal …,Wiley Online Library,https://onlinelibrary.wiley.com/doi/abs/10.1034/j.1600-079x.2001.310205.x,,
"B Al-Rawi, JV Craig",Agonistic behavior of caged chickens related to group size and area per bird,1975,Applied Animal Ethology,Elsevier,https://www.sciencedirect.com/science/article/pii/0304376275900668,,
"BO Wolf, GE Walsberg",Thermal effects of radiation and wind on a small bird and implications for microsite selection,1996,Ecology,Wiley Online Library,https://esajournals.onlinelibrary.wiley.com/doi/abs/10.2307/2265716,,
"I Gherasoiu, M O'Steen, T Bird, D Gotthold…",Characterization of high quality InN grown on production-style plasma assisted molecular beam epitaxy system,2008,Journal of Vacuum …,avs.scitation.org,https://avs.scitation.org/doi/abs/10.1116/1.2899412,,
"J Höglund, A Lundberg",Sexual selection in a monomorphic lek-breeding bird: correlates of male mating success in the great snipe Gallinago media,1987,Behavioral Ecology and Sociobiology,Springer,https://link.springer.com/article/10.1007/BF00292501,,
"A Göth, DT Booth",Temperature-dependent sex ratio in a bird,2005,Biology letters,royalsocietypublishing.org,https://royalsocietypublishing.org/doi/abs/10.1098/rsbl.2004.0247,,
DR Griffin,Nocturnal bird migration in opaque clouds,1972,,ntrs.nasa.gov,https://ntrs.nasa.gov/search.jsp?R=19720017423,,
J Hay,The Bird of Light,1993,,WW Norton & Company,,,
MS Foster,Ecological and nutritional effects of food scarcity on a tropical frugivorous bird and its fruit source,1977,Ecology,Wiley Online Library,https://esajournals.onlinelibrary.wiley.com/doi/abs/10.2307/1935109,,
"WW Verstraeten, B Vermeulen, J Stuckens, S Lhermitte…",Webcams for bird detection and monitoring: A demonstration study,2010,Sensors,mdpi.com,https://www.mdpi.com/1424-8220/10/4/3480,,
"RE Bennetts, GC White, FG Hawksworth…",The influence of dwarf mistletoe on bird communities in Colorado ponderosa pine forests,1996,Ecological …,Wiley Online Library,https://esajournals.onlinelibrary.wiley.com/doi/abs/10.2307/2269493,,
F Doggett,Romanticism's Singing Bird,1974,"Studies in English Literature, 1500-1900",JSTOR,https://www.jstor.org/stable/449753,,
"AB Shiels, LR Walker",Bird perches increase forest seeds on Puerto Rican landslides,2003,Restoration Ecology,Wiley Online Library,https://onlinelibrary.wiley.com/doi/abs/10.1046/j.1526-100X.2003.rec0269.x,,
"…, G Baum, J Beaufays, CP Bee, C Benchouk, IG Bird…",An investigation of the spin structure of the proton in deep inelastic scattering of polarised muons on polarised protons,1989,Nuclear Physics B,Elsevier,https://www.sciencedirect.com/science/article/pii/0550321389900898,,
"MH Abreu, DA Varela, L Henríquez, A Villarroel…","Traditional vs. integrated multi-trophic aquaculture of Gracilaria chilensis CJ Bird, J. McLachlan & EC Oliveira: productivity and physiological performance",2009,Aquaculture,Elsevier,https://www.sciencedirect.com/science/article/pii/S0044848609002695,,
"JG Tedd, DL Lack",The detection of bird migration by high-power radar,1958,Proceedings of the Royal Society of …,royalsocietypublishing.org,https://royalsocietypublishing.org/doi/abs/10.1098/rspb.1958.0089,,
RD Laing,The politics of experience and the bird of paradise,1990,,books.google.com,https://books.google.com/books?hl=en&lr=&id=MFFpI1GsD7wC&oi=fnd&pg=PT3&dq=bird+(light+OR+streetlight+OR+headlight+OR+spotlight+OR+lamp+OR+beacon+OR+beam+OR+ceilometer)&ots=2E2iYZneUv&sig=Aj0f5gKac_HiPkb-BhCfExr84Wk,,
"A Von Rückmann, FW Fitzke, AC Bird",Distribution of fundus autofluorescence with a scanning laser ophthalmoscope.,1995,British Journal of …,bjo.bmj.com,https://bjo.bmj.com/content/79/5/407.short,,
GA St,Bird fountain,1930,"US Patent 1,755,706",Google Patents,https://patents.google.com/patent/US1755706A/en,,
PG Landers,Bird deterrent apparatus,2003,"US Patent 6,640,506",Google Patents,https://patents.google.com/patent/US6640506B2/en,,
"D Heyers, M Zapka, M Hoffmeister…",Magnetic field changes activate the trigeminal brainstem complex in a migratory bird,2010,Proceedings of the …,National Acad Sciences,https://www.pnas.org/content/107/20/9394.short,,
P Berthold,Control of bird migration,1996,,books.google.com,https://books.google.com/books?hl=en&lr=&id=jzM2NHIA6KIC&oi=fnd&pg=PR7&dq=bird+(light+OR+streetlight+OR+headlight+OR+spotlight+OR+lamp+OR+beacon+OR+beam+OR+ceilometer)&ots=Rvm_1EUt4w&sig=St6jH1biSJBK1gcTMLd_0sVLRwM,,
"M Guida, F Marulo, M Meo, M Riccio",Analysis of bird impact on a composite tailplane leading edge,2008,Applied Composite Materials,Springer,https://link.springer.com/article/10.1007/s10443-008-9070-6,,
"…, A Arvidson, B Badelek, G Baum, J Beaufays, IG Bird…",Gottfried sum from the ratio /,1991,Physical Review Letters,APS,https://journals.aps.org/prl/abstract/10.1103/PhysRevLett.66.2712,,
"P Mullen, G Pohland",Studies on UV reflection in feathers of some 1000 bird species: are UV peaks in feathers correlated with violet‐sensitive and ultraviolet‐sensitive cones?,2008,Ibis,Wiley Online Library,https://onlinelibrary.wiley.com/doi/abs/10.1111/j.1474-919X.2007.00736.x,,
"HT Alborn, TV Hansen, TH Jones…","Disulfooxy fatty acids from the American bird grasshopper Schistocerca americana, elicitors of plant volatiles",2007,Proceedings of the …,National Acad Sciences,https://www.pnas.org/content/104/32/12976.short,,
"P Abrahamsson, R Tauson","Aviary systems and conventional cages for laying hens: Effects on production, egg quality, health and bird location in three hybrids",1995,Acta Agriculturae Scandinavica A …,Taylor & Francis,https://www.tandfonline.com/doi/abs/10.1080/09064709509415851,,
"ML Cody, JH Brown",Song asynchrony in neighbouring bird species,1969,Nature,nature.com,https://www.nature.com/articles/222778b0,,
N Chaffer,The regent bird,1932,Emu-Austral Ornithology,Taylor & Francis,https://www.tandfonline.com/doi/pdf/10.1071/MU932008,,
"TA Torres, BD Colvin",Feed port for a bird feeder,2010,"US Patent App. 29/322,849",Google Patents,https://patents.google.com/patent/USD612108S1/en,,
"GL Nuechterlein, D Buitron",A field technique for extracting blood from live bird eggs for DNA analysis,2000,Waterbirds,JSTOR,https://www.jstor.org/stable/4641119,,
"J Hunsley, G Di Giulio","Dodo bird, phoenix, or urban legend",2002,Scientific Review of Mental Health Practice,afforthecc.org,http://afforthecc.org/images/media/Dodo_bird_verdict_-_Phoenix_03.pdf,,
"RK Sikes, RW Chamberlain",Laboratory observations on three species of bird mites.,1954,Journal of Parasitology,cabdirect.org,https://www.cabdirect.org/cabdirect/abstract/19551000230,,
"GT Poulton, TS Bird",Shaped-beam antenna design for second-generation AUSSAT satellites,1987,Third National Space Engineering …,search.informit.com.au,https://search.informit.com.au/documentSummary;dn=666724384774078;res=IELENG,,
"S Yamochi, T Tanaka, Y Otani, T Endo","… light, temperature and ground water level on the CO2 flux of the sediment in the high water temperature seasons at the artificial north salt marsh of Osaka Nanko bird …",2017,Ecological engineering,Elsevier,https://www.sciencedirect.com/science/article/pii/S0925857416305237,,
"…, G Bardin, G Baum, P Berglund, L Betev, IG Bird…",Spin asymmetry in muon-proton deep inelastic scattering on a transversely-polarized target,1994,Physics Letters B,Elsevier,https://www.sciencedirect.com/science/article/pii/0370269394009686,,
"S Chatterjee, RJ Templin…","The aerodynamics of Argentavis, the world's largest flying bird from the Miocene of Argentina",2007,Proceedings of the …,National Acad Sciences,https://www.pnas.org/content/104/30/12398.short,,
"E Gwinner, J Dittami",Endogenous reproductive rhythms in a tropical bird,1990,Science,science.sciencemag.org,https://science.sciencemag.org/content/249/4971/906.short,,
"JH Brackenbury, SA Holloway",Age and exercise effects on mitochondrial density and capillary fibre ratio in bird leg muscle,1991,British poultry science,Taylor & Francis,https://www.tandfonline.com/doi/abs/10.1080/00071669108417389,,
"GG Bryan, LB Best",Bird abundance and species richness in grassed waterways in Iowa rowcrop fields,1991,American Midland Naturalist,JSTOR,https://www.jstor.org/stable/pdf/2426153.pdf,,
"RE Bird, RL Hulstrom","Review, evaluation, and improvement of direct irradiance models",1981,Journal of …,… .asmedigitalcollection.asme.org,http://appliedmechanics.asmedigitalcollection.asme.org/article.aspx?articleid=1453765,,
"RC Fijn, KL Krijgsveld, MJM Poot, S Dirksen",Bird movements at rotor heights measured continuously with vertical radar at a D utch offshore wind farm,2015,Ibis,Wiley Online Library,https://onlinelibrary.wiley.com/doi/abs/10.1111/ibi.12259,,
JM Barrie,The little white bird,1902,,C. Scribner's sons,,,
"…, S Bertolucci, A Bhatti, K Biery, M Binkley, F Bird…",ϒ Production in pp¯ Collisions at s= 1.8 TeV,1995,Physical Review Letters,APS,https://journals.aps.org/prl/abstract/10.1103/PhysRevLett.75.4358,,
"…, S Bertolucci, A Bhatti, K Biery, M Binkley, F Bird…",Evidence for top quark production in p¯p collisions at √s =1.8 TeV,1994,Physical Review D,APS,https://journals.aps.org/prd/abstract/10.1103/PhysRevD.50.2966,,
"CM Alabaster, EJ Hughes…",Is it a bird or is it a plane?,2012,… Waveform Diversity & …,ieeexplore.ieee.org,https://ieeexplore.ieee.org/abstract/document/7311311/,,
B Bruderer,The study of bird migration by radar part 2: major achievements,1997,Naturwissenschaften,Springer,http://www.springerlink.com/index/PKXQN5LD4ATNYLG1.pdf,,
"DJ Bird, SC Corbató, HY Dai, BR Dawson, JW Elbert…",Evidence for correlated changes in the spectrum and composition of cosmic rays at extremely high energies,1993,Physical review …,APS,https://journals.aps.org/prl/abstract/10.1103/PhysRevLett.71.3401,,
"S Pavgi, A Chandola",Photoperiodic time measurement in seasonal reproduction of the weaver bird (Ploceus philippinus),1983,General and comparative endocrinology,Elsevier,https://www.sciencedirect.com/science/article/pii/001664808390165X,,
"J Marshall, AC Bird",A comparative histopathological study of argon and krypton laser irradiations of the human retina.,1979,British Journal of Ophthalmology,bjo.bmj.com,https://bjo.bmj.com/content/63/10/657.short,,
"S Janakiraman, K Kumar, RRK Reddy…",Humming bird with coloured wings: A feedback security approach,2014,Inform. Technol …,researchgate.net,https://www.researchgate.net/profile/Dr_R_Amirtharajan2/publication/261798733_Humming_Bird_with_Coloured_Wings_A_Feedback_Security_Approach/links/0a85e5390a09baa2af000000/Humming-Bird-with-Coloured-Wings-A-Feedback-Security-Approach.pdf,,
FA Mumford,Ornamental garden bird,1998,"US Patent App. 29/073,181",Google Patents,https://patents.google.com/patent/USD402231S/en,,
"WD Severinghaus, MC Severinghaus",Effects of tracked vehicle activity on bird populations,1982,Environmental Management,Springer,https://link.springer.com/article/10.1007/BF01871435,,
T Alerstam,"Nocturnal bird migration in Skåne, Sweden, as recorded by radar in autumn 1971",1972,Ornis Scandinavica,JSTOR,https://www.jstor.org/stable/3676221,,
P Helle,Effects of habitat area on breeding bird communities in northeastern Finland,1984,Annales Zoologici Fennici,JSTOR,https://www.jstor.org/stable/23734179,,
"Y Harada, Masaki Taniguchi, Hirofumi …",Magnetic materials in otoliths of bird and fish lagena and their function,2001,Acta oto …,Taylor & Francis,https://www.tandfonline.com/doi/abs/10.1080/00016480118968,,
TC Williams,How to use marine radar for bird watching,1984,Am. Birds,sora.unm.edu,https://sora.unm.edu/sites/default/files/journals/nab/v038n06/p00982-p00983.pdf,,
"R Mosandl, A Kleinert",Development of oaks (Quercuspetraea (Matt.) Liebl.) emerged from bird-dispersed seeds under old-growth pine (Pinussilvestris L.) stands,1998,Forest ecology and management,Elsevier,https://www.sciencedirect.com/science/article/pii/S0378112797002375,,
"T Abu-Zayyad, K Belov, DJ Bird, J Boyer, Z Cao…",Evidence for Changing of Cosmic Ray Composition between and eV from Multicomponent Measurements,2000,Physical Review Letters,APS,https://journals.aps.org/prl/abstract/10.1103/PhysRevLett.84.4276,,
"M Šálek, J Svobodová, P Zasadil",Edge effect of low-traffic forest roads on bird communities in secondary production forests in central Europe,2010,Landscape ecology,Springer,https://link.springer.com/article/10.1007/s10980-010-9487-9,,
"C Pirone, JV Johnson, JME Quirke, HA Priestap…","The animal pigment bilirubin identified in Strelitzia reginae, the bird of paradise flower",2010,…,journals.ashs.org,https://journals.ashs.org/hortsci/view/journals/hortsci/45/9/article-p1411.xml,,
W Dutcher,"Bird Notes from Long Island, NY",1884,The Auk,JSTOR,https://www.jstor.org/stable/4067402,,
"JJ Buler, DK Dawson",Radar analysis of fall bird migration stopover sites in the northeastern US,2014,The Condor: Ornithological Applications,academic.oup.com,https://academic.oup.com/condor/article-abstract/116/3/357/5153136,,
"CE Townsend Jr, CE Townsend III",Collapsible anti-bird perching device,1997,"US Patent 5,606,830",Google Patents,https://patents.google.com/patent/US5606830A/en,,
JB Fisher Jr,Dual purpose bird feeder,1983,"US Patent 4,389,975",Google Patents,https://patents.google.com/patent/US4389975A/en,,
AJ Berger,"The Warbling Silverbill, a new nesting bird in Hawaii",1975,,scholarspace.manoa.hawaii.edu,https://scholarspace.manoa.hawaii.edu/bitstream/10125/909/v29n1-51-54.pdf,,
"L Xing, RC McKellar, M Wang, M Bai…",Mummified precocial bird wings in mid-Cretaceous Burmese amber,2016,Nature …,nature.com,https://www.nature.com/articles/ncomms12089,,
DJ Hoffman,Embryotoxicity and teratogenicity of environmental contaminants to bird eggs,1990,Reviews of Environmental Contamination and …,Springer,https://link.springer.com/chapter/10.1007/978-1-4612-3416-6_2,,
"JR Bird, E Clayton, P Duerden",The problems and potential of ion beam techniques in archaeology and art: nuclear reaction analysis,1986,… in Physics Research Section B: Beam …,Elsevier,https://www.sciencedirect.com/science/article/pii/0168583X86904337,,
"Z Yongkang, L Yulong",Analysis of the Bird Impact Resistance of Different Beam-edge Structures [J],2007,Mechanical Science and Technology for …,en.cnki.com.cn,http://en.cnki.com.cn/Article_en/CJFDTotal-JXKX200712019.htm,,
"CP Tambussi, JI Noriega, A Gazdzicki, A Tatur…","Ratite bird from the Paleogene La Meseta Formation, Seymour Island, Antarctica",1994,Polish Polar …,polar.pan.pl,http://polar.pan.pl/ppr15/1994-1-2_015-020.pdf,,
WH Podjan,Collapsible bird feeder,1978,"US Patent App. 05/834,435",Google Patents,https://patents.google.com/patent/USD249285S/en,,
"J Degrieck, P Verleysen…",Optical measurement of target displacement and velocity in bird strike simulation experiments,2002,… Science and Technology,iopscience.iop.org,https://iopscience.iop.org/article/10.1088/0957-0233/14/1/301/meta,,
HT Odum,The possible effect of cloud cover on bird migration in Central America,1947,The Auk,sora.unm.edu,https://sora.unm.edu/sites/default/files/journals/auk/v064n02/p0316-p0317.pdf,,
"PL Britton, RJ Dowsett",More bird weights from Zambia,1969,Ostrich,Taylor & Francis,https://www.tandfonline.com/doi/pdf/10.1080/00306525.1969.9634329,,
"G Valkiūnas, R Kazlauskienė, R Bernotienė…","Haemoproteus infections (Haemosporida, Haemoproteidae) kill bird-biting mosquitoes",2014,Parasitology …,Springer,https://link.springer.com/article/10.1007/s00436-013-3733-4,,
"RC Beason, ER Loew","Visual pigment and oil droplet characteristics of the bobolink (Dolichonyx oryzivorus), a new world migratory bird",2008,Vision research,Elsevier,https://www.sciencedirect.com/science/article/pii/S0042698907004592,,
"GJ Lancaster Jr, JT Stump, WM Marshall Sr",Bird injection system,1988,"US Patent 4,758,227",Google Patents,https://patents.google.com/patent/US4758227A/en,,
GVT Matthews,An investigation of the 'chronometer'factor in bird navigation,1955,Journal of Experimental Biology,jeb.biologists.org,https://jeb.biologists.org/content/32/1/39.short,,
WW Bowen,African bird distribution in relation to temperature and rainfall,1933,Ecology,JSTOR,https://www.jstor.org/stable/1932797,,
PS Vosbikian,Hanging bird feeder,2011,"US Patent App. 29/372,698",Google Patents,https://patents.google.com/patent/USD638588S1/en,,
"L Watson, A Scott",Lightning bird: the story of one man's journey into Africa's past,1982,,listbestselling.info,http://listbestselling.info/lightning-bird-the-story-of-one-mans-journey-into-africas-past-etexts-library-lyall-watson.pdf,,
SA Gauthreaux,"The use of small mobile radars to detect, monitor, and quantify bird movements",1984,Proceedings of the Wildlife Hazards to Aircraft …,Citeseer,http://citeseerx.ist.psu.edu/viewdoc/download?doi=10.1.1.983.4165&rep=rep1&type=pdf#page=135,,
RS Gazalski,Animated game bird decoy,1993,"US Patent 5,231,780",Google Patents,https://patents.google.com/patent/US5231780A/en,,
O Atlegrim,Mechanisms regulating bird predation on a herbivorous larva guild in boreal coniferous forests,1992,Ecography,Wiley Online Library,https://onlinelibrary.wiley.com/doi/abs/10.1111/j.1600-0587.1992.tb00003.x,,
"…, EY Chew, C Egan, T Peto, AC Bird",Abnormal retinal reflectivity to short-wavelength light in type 2 idiopathic macular telangiectasia.,2018,Retina (Philadelphia …,europepmc.org,https://europepmc.org/articles/pmc5726908,,
"P Lundin, P Samuelsson, S Svanberg…",Remote nocturnal bird classification by spectroscopy in extended wavelength ranges,2011,Applied …,osapublishing.org,https://www.osapublishing.org/abstract.cfm?uri=ao-50-20-3396,,
BH Dutcher,"Bird notes from Little Gull Island, Suffolk Co., NY",1889,The Auk,JSTOR,https://www.jstor.org/stable/4067031,,
S Saitoh,Animated singing toy bird with external stimulus sensor,1994,"US Patent 5,316,516",Google Patents,https://patents.google.com/patent/US5316516A/en,,
"WR Albers, AT Miller",Bird swing detector,1969,"US Patent 3,438,492",Google Patents,https://patents.google.com/patent/US3438492A/en,,
IIWG Fort,Bird feeder,2003,"US Patent App. 29/173,994",Google Patents,https://patents.google.com/patent/USD483529S1/en,,
"…, MG Burton, TR Geballe, M Bird…",Ratios of molecular hydrogen line intensities in shocked gas-Evidence for cooling zones,1988,The Astrophysical …,adsabs.harvard.edu,http://adsabs.harvard.edu/full/1988ApJ...334L.103B,,
"PM Endt, C Van der Leun",Energy levels of light nuclei. III Z= 11 to Z= 20,1962,Nuclear Physics,Elsevier,https://www.sciencedirect.com/science/article/pii/0029558262908064,,
R Bird,Laser beam attitude control device,1973,"US Patent 3,748,041",Google Patents,https://patents.google.com/patent/US3748041A/en,,
"A Enemar, O Arheimer",Trans-illumination of passerine bird eggs in field studies on clutch-size and incubation,1980,Ornis Scandinavica,JSTOR,https://www.jstor.org/stable/3676127,,
"DG Stavenga, BD Wilts",Oil droplets of bird eyes: microlenses acting as spectral filters,2014,Philosophical Transactions of …,royalsocietypublishing.org,https://royalsocietypublishing.org/doi/abs/10.1098/rstb.2013.0041,,
JR Sager,Bird swing detector,1972,"US Patent 3,662,883",Google Patents,https://patents.google.com/patent/US3662883A/en,,
"Y ZHANG, Y LI, H WANG",Finite element analysis of bird impact damage to representative beam-edge structure,2008,Explosion and Shock Waves,en.cnki.com.cn,http://en.cnki.com.cn/Article_en/CJFDTotal-BZCJ200803008.htm,,
JL Guarino,"Methiocarb, a chemical bird repellent: a review of its effectiveness on crops",1972,Proceedings of the 5th Vertebrate Pest …,digitalcommons.unl.edu,https://digitalcommons.unl.edu/cgi/viewcontent.cgi?article=1019&context=vpc5,,
RE Bescherer,Bird feeding device,1982,"US Patent 4,318,364",Google Patents,https://patents.google.com/patent/US4318364A/en,,
WR Evans,Applications of acoustic bird monitoring for the wind power industry,2000,"National Avian-Wind Power Planning Meeting III, San …",academia.edu,http://www.academia.edu/download/29500196/avian98.pdf#page=151,,
"RJ Fuller, SJ Gough",Changes in sheep numbers in Britain: implications for bird populations,1999,Biological Conservation,Elsevier,https://www.sciencedirect.com/science/article/pii/S0006320799000397,,
B Maher,Bird-flu research: the biosecurity oversight,2012,Nature News,nature.com,https://www.nature.com/articles/485431a,,
"JR Mason, DN Matthew",Evaluation of neem as a bird repellent chemical,1996,International Journal of Pest …,Taylor & Francis,https://www.tandfonline.com/doi/abs/10.1080/09670879609371968,,
"K Beebe, GE Bentley, M Hau","A seasonally breeding tropical bird lacks absolute photorefractoriness in the wild, despite high photoperiodic sensitivity",2005,Functional Ecology,Wiley Online Library,https://besjournals.onlinelibrary.wiley.com/doi/abs/10.1111/j.1365-2435.2005.00994.x,,
"DP Troy, R Franks",Bird dispersal apparatus,1984,"US Patent 4,475,102",Google Patents,https://patents.google.com/patent/US4475102A/en,,
"A Ibarra-Macias, WD Robinson, MS Gaines",Experimental evaluation of bird movements in a fragmented Neotropical landscape,2011,Biological Conservation,Elsevier,https://www.sciencedirect.com/science/article/pii/S0006320710003460,,
JH Just,Apparatus for controlling bird nuisance,1953,"US Patent 2,647,228",Google Patents,https://patents.google.com/patent/US2647228A/en,,
"…, DW Atlee, K Au-Yong, MC Bentz, JC Bird…",Diverse kinematic signatures from reverberation mapping of the broad-line region in AGNs,2009,The Astrophysical …,iopscience.iop.org,https://iopscience.iop.org/article/10.1088/0004-637X/704/2/L80/pdf,,
"D Sandoval, PH Sandoval",Bird repelling apparatus,2013,"US Patent 8,479,678",Google Patents,https://patents.google.com/patent/US8479678B1/en,,
"JH Jones, EL Effmann, K Schmidt-Nielsen",Control of air flow in bird lungs: radiographic studies,1981,Respiration physiology,Elsevier,https://www.sciencedirect.com/science/article/pii/0034568781900542,,
GH Piesinger,Aircraft bird strike avoidance method and apparatus using axial beam antennas,2013,"US Patent 8,368,583",Google Patents,https://patents.google.com/patent/US8368583B1/en,,
"…, G Baum, J Beaufays, CP Bee, C Benchouk, IG Bird…",Measurement of the ratios of deep inelastic muon-nucleus cross sections on various nuclei compared to deuterium,1988,Physics Letters B,Elsevier,https://www.sciencedirect.com/science/article/pii/0370269388918722,,
"SA Gauthreaux Jr, DS Mizrahi…",Bird migration and bias of WSR-88D wind estimates,1998,Weather and …,journals.ametsoc.org,https://journals.ametsoc.org/doi/abs/10.1175/1520-0434(1998)013%3C0465:BMABOW%3E2.0.CO;2,,
GR Martin,Form and function in the optical structure of bird eyes,1994,Perception and motor control in birds,Springer,https://link.springer.com/chapter/10.1007/978-3-642-75869-0_2,,
AT Peterson,Taxonomy is important in conservation: a preliminary reassessment of Philippine species-level bird taxonomy,2006,Bird Conservation International,cambridge.org,https://www.cambridge.org/core/journals/bird-conservation-international/article/taxonomy-is-important-in-conservation-a-preliminary-reassessment-of-philippine-specieslevel-bird-taxonomy/718984EE1BC21EDDE6D7E6E0190397B9,,
AM Manville II,"Bird strike and electrocutions at power lines, communication towers, and wind turbines: state of the art and state of the science-next steps toward mitigation",2005,"In: Ralph, C. John; Rich, Terrell D., editors 2005. Bird …",fs.usda.gov,https://www.fs.usda.gov/treesearch/pubs/32105,,
F Nottebohm,Neural lateralization of vocal control in a passerine bird. I. Song,1971,Journal of Experimental Zoology,Wiley Online Library,https://onlinelibrary.wiley.com/doi/abs/10.1002/jez.1401770210,,
GR Martin,Understanding bird collisions with man‐made objects: a sensory ecology approach,2011,Ibis,Wiley Online Library,https://onlinelibrary.wiley.com/doi/abs/10.1111/j.1474-919X.2011.01117.x,,
T Dobzhansky,Nothing in biology makes sense except in the light of evolution,2013,The american biology teacher,BioOne,https://bioone.org/journals/the-american-biology-teacher/volume-75/issue-2/4444260/Nothing-in-Biology-Makes-Sense-Except-in-the-Light-of/10.2307/4444260.full,,
"…, B Badełek, M Ballintijn, G Baum, J Beaufays, IG Bird…","Measurement of the proton and the deuteron structure functions, F2p and F2d",1995,Physics Letters B,Elsevier,https://www.sciencedirect.com/science/article/pii/0370269395013189,,
"PP Marra, KA Hobson, RT Holmes",Linking winter and summer events in a migratory bird by using stable-carbon isotopes,1998,Science,science.sciencemag.org,https://science.sciencemag.org/content/282/5395/1884.short,,
"JB Shaw, RE Shaw",Bird proofing device,1966,"US Patent 3,282,000",Google Patents,https://patents.google.com/patent/US3282000A/en,,
"F Hayes, G White",First report of the Trinidad and Tobago Rare Bird Committee,2000,"Living World, Journal of the Trinidad and Tobago Field …",ttfnc.org,http://ttfnc.org/livingworld/index.php/lwj/article/view/332,,
"AJ Keys, IF Bird, MJ Cornelius, PJ Lea, RM Wallsgrove…",Photorespiratory nitrogen cycle,1978,Nature,nature.com,https://www.nature.com/articles/275741a0,,
"TW Mayers, WE Mouzavires",Bird deterrent,2012,"US Patent App. 29/421,033",Google Patents,https://patents.google.com/patent/USD672425S1/en,,
"CJ Bibby, ND Burgess, DA Hill, S Mustoe",Bird census techniques,2000,,books.google.com,https://books.google.com/books?hl=en&lr=&id=Ld5wkzPp49cC&oi=fnd&pg=PR5&dq=bird+(light+OR+streetlight+OR+headlight+OR+spotlight+OR+lamp+OR+beacon+OR+beam+OR+ceilometer)&ots=8du0-HpKQD&sig=O4_R0KMZ3_xs21-wkVRXYwGLidM,,
"L Barrios, A Rodriguez",Behavioural and environmental correlates of soaring‐bird mortality at on‐shore wind turbines,2004,Journal of applied ecology,Wiley Online Library,https://besjournals.onlinelibrary.wiley.com/doi/abs/10.1111/j.1365-2664.2004.00876.x,,
"MC Ruiz, MG Dominguez-Bello, F Michelangeli","Gastric lysozyme as a digestive enzyme in the hoatzin (Opisthocomus hoazin), a ruminant-like folivorous bird",1994,Experientia,Springer,https://link.springer.com/article/10.1007/BF01920757,,
"…, A Arvidson, B Badelek, G Baum, J Beaufays, IG Bird…",Ratio of J/ψ production cross sections in deep inelastic muon scattering from tin and carbon,1992,Nuclear Physics B,Elsevier,https://www.sciencedirect.com/science/article/pii/0550321392906866,,
RC Stein,Modulation in bird sounds,1968,The Auk,JSTOR,https://www.jstor.org/stable/4083583,,
"C Nießner, JC Gross, S Denzau, L Peichl, G Fleissner…",Seasonally changing cryptochrome 1b expression in the retinal ganglion cells of a migrating passerine bird,2016,PloS one,journals.plos.org,https://journals.plos.org/plosone/article?id=10.1371/journal.pone.0150377,,
"T Coppack, F Pulido, P Berthold",Photoperiodic response to early hatching in a migratory bird species,2001,Oecologia,Springer,https://link.springer.com/article/10.1007/s004420100652,,
"…, J Marshall, EM Kohner, AC Bird",The role of axoplasmic transport in the pathogenesis of retinal cotton-wool spots.,1977,British Journal of …,bjo.bmj.com,https://bjo.bmj.com/content/61/3/177.short,,
"…, FW Fitzke, D Pauleikhoff, AC Bird",Functional loss in age-related Bruch's membrane change with choroidal perfusion defect.,1992,… ophthalmology & visual …,iovs.arvojournals.org,https://iovs.arvojournals.org/article.aspx?articleid=2178741,,
"AJ Dinges, EB Webb, MP Vrtiska, CH Nilon…",Migratory bird hunter opinions regarding potential management strategies for controlling light goose populations,2014,Wildlife Society …,Wiley Online Library,https://wildlife.onlinelibrary.wiley.com/doi/abs/10.1002/wsb.465,,
AJ Helbig,Evolution of bird migration: a phylogenetic and biogeographic perspective,2003,Avian migration,Springer,https://link.springer.com/chapter/10.1007/978-3-662-05957-9_1,,
"SK Yadav, C Haldar","… melatonin receptors (Mel1a, Mel1b, and Mel1c) and androgen receptor (AR) expression in immunoregulation of a seasonally breeding bird, Perdicula asiatica: Role …",2013,Journal of Photochemistry and Photobiology B …,Elsevier,https://www.sciencedirect.com/science/article/pii/S1011134413000572,,
CF Lumpkin,Squirrel proof bird feeder,2006,"US Patent 6,986,322",Google Patents,https://patents.google.com/patent/US6986322B2/en,,
"…, B Badelek, G Baum, J Beaufays, IG Bird…","Precision measurement of the structure function ratiosF2He/F2D,F2C/F2D andF2Ca/F2D",1991,Zeitschrift fŘr Physik C …,Springer,https://link.springer.com/article/10.1007/BF01548560,,
GE Watson,Aegean bird notes including two breeding records new to Europe,1961,Journal für Ornithologie,Springer,https://link.springer.com/article/10.1007/BF01671659,,
ST Emlen,Bird migration: influence of physiological state upon celestial orientation,1969,Science,science.sciencemag.org,https://science.sciencemag.org/content/165/3894/716.short,,
ML Cody,On the methods of resource division in grassland bird communities,1968,The American Naturalist,journals.uchicago.edu,https://www.journals.uchicago.edu/doi/abs/10.1086/282531,,
"KM Lee, J Joni, X Yin",Imaging and motion prediction for an automated live-bird transfer process,2000,Proc. ASME Dynamic Syst. Control Division,researchgate.net,https://www.researchgate.net/profile/Kok-Meng_Lee/publication/228846939_Imaging_and_motion_prediction_for_an_automated_live-bird_transfer_process/links/0deec5298a1309b168000000.pdf,,
"…, EA King, AR Patnaik, DL Jones, DL Meier, DJ Bird…",An unusually strong Einstein ring in the radio source PKS1830–211,1991,Nature,nature.com,https://www.nature.com/articles/352132a0,,
"CP McClintock, TC Williams, JM Teal",Autumnal bird migration observed from ships in the western North Atlantic Ocean,1978,Bird-Banding,JSTOR,https://www.jstor.org/stable/4512368,,
"SA Gauthreaux, CG Belser, D Van Blaricom",Using a network of WSR-88D weather surveillance radars to define patterns of bird migration at large spatial scales,2003,Avian migration,Springer,https://link.springer.com/chapter/10.1007/978-3-662-05957-9_23,,
EJ Sceery,Animal and bird call,1990,"US Patent 4,950,201",Google Patents,https://patents.google.com/patent/US4950201A/en,,
"AJ Pierce, K Pobprasert",A portable system for continuous monitoring of bird nests using digital video recorders,2007,Journal of Field Ornithology,Wiley Online Library,https://onlinelibrary.wiley.com/doi/abs/10.1111/j.1557-9263.2007.00119.x,,
"L Zueva, V Makarov, A Zayas-Santiago…",Müller cell alignment in bird fovea: possible role in vision,2014,… of neuroscience and …,ingentaconnect.com,https://www.ingentaconnect.com/content/asp/jnsne/2014/00000003/00000002/art00003,,
"B Erni, F Liechti, LG Underhill, B Bruderer",Wind and rain govern the intensity of nocturnal bird migration in central Europe-a log-linear regression analysis,2002,Ardea,researchgate.net,https://www.researchgate.net/profile/Bruno_Bruderer/publication/279620347_Wind_and_rain_govern_the_intensity_of_nocturnal_bird_migration_in_central_Europe_-_A_log-linear_regression_analysis/links/5705344808ae74a08e27152e.pdf,,
TA Henshaw,Bird feed recycler,1998,"US Patent 5,711,247",Google Patents,https://patents.google.com/patent/US5711247A/en,,
HB Kaeding,Bird life on the Farallone Islands,1903,The Condor,JSTOR,https://www.jstor.org/stable/1361189,,
"S Papiorek, RR Junker, K Lunau","Gloss, colour and grip: multifunctional epidermal cell shapes in bee-and bird-pollinated flowers",2014,PLoS One,journals.plos.org,https://journals.plos.org/plosone/article?id=10.1371/journal.pone.0112013,,
"E Garnowicz, L Lewko",Effect of light programme and bird strain upon carcase and meat quality in broiler chickens,2007,Polish Journal of Food and Nutrition …,agro.icm.edu.pl,http://agro.icm.edu.pl/agro/element/bwmeta1.element.agro-article-544c45ec-e056-457d-8c62-52df3cd48068,,
"T Strod, Z Arad, I Izhaki, G Katzir",Cormorants keep their power: visual resolution in a pursuit-diving bird under amphibious and turbid conditions,2004,Current biology,cell.com,https://www.cell.com/current-biology/pdf/S0960-9822(04)00331-8.pdf,,
"D Bird, M Gu",Two-photon fluorescence endoscopy with a micro-optic scanning head,2003,Optics Letters,osapublishing.org,https://www.osapublishing.org/abstract.cfm?uri=OL-28-17-1552,,
"SA Bengtson, A Nilsson, S Nordström, S Rundgren",Effect of bird predation on lumbricid populations,1976,Oikos,JSTOR,https://www.jstor.org/stable/3543424,,
"WH Karasov, SJ Cork",Glucose absorption by a nectarivorous bird: the passive pathway is paramount,1994,American Journal of Physiology …,physiology.org,https://www.physiology.org/doi/abs/10.1152/ajpgi.1994.267.1.G18,,
"R Jovani, J Blas",Adaptive allocation of stress‐induced deformities on bird feathers,2004,Journal of Evolutionary Biology,Wiley Online Library,https://onlinelibrary.wiley.com/doi/abs/10.1111/j.1420-9101.2003.00680.x,,
"K Thorup, AP Tøttrup, M Willemoes…",Resource tracking within and across continents in long-distance bird migrants,2017,Science …,advances.sciencemag.org,https://advances.sciencemag.org/content/3/1/e1601360?utm_source=TrendMD&utm_medium=cpc&utm_campaign=trendmd-rob_dec17,,
"SC Votier, A Bicknell, SL Cox, KL Scales, SC Patrick",A bird's eye view of discard reforms: bird-borne cameras reveal seabird/fishery interactions,2013,PLoS One,journals.plos.org,https://journals.plos.org/plosone/article?id=10.1371/journal.pone.0057376,,
"GE Hill, GE Hill",National Geographic bird coloration,2010,,National Geographic Books,,,
JT Linehan,Measuring bird damage to corn,1967,,digitalcommons.unl.edu,https://digitalcommons.unl.edu/vpc3/13/?a_aid=3598aabf,,
"N Fukuhara, S Tokiguchi, K Shirakawa…",Myoclonus epilepsy associated with ragged-red fibres (mitochondrial abnormalities): disease entity or a syndrome?: light-and electron-microscopic studies of two …,1980,Journal of the neurological …,Elsevier,https://www.sciencedirect.com/science/article/pii/0022510X80900313,,
GO Wilkinson,Wind operated bird feeder,1955,"US Patent 2,707,454",Google Patents,https://patents.google.com/patent/US2707454A/en,,
"C Both, ME Visser",Adjustment to climate change is constrained by arrival date in a long-distance migrant bird,2001,Nature,nature.com,https://www.nature.com/articles/35077063,,
"H Zentgraf, B Deumling, WW Franke",Isolation and characterization of nuclei from bird erythrocytes,1969,Experimental cell research,Elsevier,https://www.sciencedirect.com/science/article/pii/0014482769900226,,
"MM Mendes-Pinto, AM LaFountain…",Variation in carotenoid–protein interaction in bird feathers produces novel plumage coloration,2012,Journal of the …,royalsocietypublishing.org,https://royalsocietypublishing.org/doi/abs/10.1098/rsif.2012.0471,,
S Hardison,Squirrel proof bird feeder,2003,"US Patent 6,591,781",Google Patents,https://patents.google.com/patent/US6591781B2/en,,
GP Secker,Collar for a cat for warning a bird of the presence of the cat,1999,"US Patent 5,952,925",Google Patents,https://patents.google.com/patent/US5952925A/en,,
"JD Wilson, AD Evans, PV Grice",Bird conservation and agriculture.,2009,,cabdirect.org,https://www.cabdirect.org/cabdirect/abstract/20093194735,,
B Balmer,Wing attachment for bird decoys,1993,"US Patent 5,191,730",Google Patents,https://patents.google.com/patent/US5191730A/en,,
"N Huansheng, C Weishi, M Xia",Bird-aircraft strike avoidance radar,2010,IEEE Aerospace and …,ieeexplore.ieee.org,https://ieeexplore.ieee.org/abstract/document/5442150/,,
"J Singh, S Rani, V Kumar",Functional similarity in relation to the external environment between circadian behavioral and melatonin rhythms in the subtropical Indian weaver bird,2012,Hormones and behavior,Elsevier,https://www.sciencedirect.com/science/article/pii/S0018506X12000220,,
"A Airoldi, D Tagliapietra",Bird impact simulation against a hybrid composite and metallic vertical stabilizer,2001,19th AIAA Applied Aerodynamics Conference,arc.aiaa.org,https://arc.aiaa.org/doi/pdf/10.2514/6.2001-1390,,
JB Fisher Jr,Bird feeder,1977,"US Patent App. 05/591,036",Google Patents,https://patents.google.com/patent/USD245349S/en,,
"MS Doppler, BF Blackwell, TL DeVault…",Cowbird responses to aircraft with lights tuned to their eyes: Implications for bird–aircraft collisions,2015,The Condor …,academic.oup.com,https://academic.oup.com/condor/article-abstract/117/2/165/5153159,,
"BM Van Doren, KG Horton",A continental system for forecasting bird migration,2018,Science,science.sciencemag.org,https://science.sciencemag.org/content/361/6407/1115.abstract,,
"DJ Bird, SC Corbato, HY Dai…",The cosmic-ray energy spectrum observed by the Fly's Eye,1994,The Astrophysical …,adsabs.harvard.edu,http://adsabs.harvard.edu/full/1994ApJ...424..491B7,,
"MN Rajpar, M Zakaria","Bird species abundance and their correlationship with microclimate and habitat variables at Natural Wetland Reserve, Peninsular Malaysia",2011,International Journal of Zoology,hindawi.com,https://www.hindawi.com/journals/ijz/2011/758573/abs/,,
"KC Burns, JL Dalen",Foliage color contrasts and adaptive fruit color variation in a bird‐dispersed plant community,2002,Oikos,Wiley Online Library,https://onlinelibrary.wiley.com/doi/abs/10.1034/j.1600-0706.2002.960308.x,,
"L Remage-Healey, LM Romero",Corticosterone and insulin interact to regulate glucose and triglyceride levels during stress in a bird,2001,American Journal of Physiology …,physiology.org,https://www.physiology.org/doi/abs/10.1152/ajpregu.2001.281.3.r994,,
"NT Wheelwright, CH Janson",Colors of fruit displays of bird-dispersed plants in two tropical forests,1985,The American Naturalist,journals.uchicago.edu,https://www.journals.uchicago.edu/doi/abs/10.1086/284453,,
S KOBAYASHI,"On the fine structure of the carotid body of the bird, Uroloncha domestica",1969,Archivum histologicum japonicum,jstage.jst.go.jp,https://www.jstage.jst.go.jp/article/aohc1950/31/1/31_1_9/_article/-char/ja/,,
"J Estrada, V Pedrocchi, L Brotons…",Catalan breeding bird atlas (1999–2002),2004,Lynx Edicions …,ornitologia.org,http://www.ornitologia.org/mm/file/quefem/recerca/no_sci/estrada_etal_2004.pdf,,
"C Haldar, P Guchhait","Pineal gland of a nocturnal bird, Indian spotted owlet, Athene brama: Morphological and endocrine observations",2000,Journal of Experimental Zoology,Wiley Online Library,https://onlinelibrary.wiley.com/doi/abs/10.1002/1097-010X(20000701)287:2%3C145::AID-JEZ4%3E3.0.CO;2-K,,
"I MacGregor-Fors, JE Schondube",Gray vs. green urbanization: relative importance of urban features for urban bird communities,2011,Basic and Applied Ecology,Elsevier,https://www.sciencedirect.com/science/article/pii/S1439179111000466,,
"G Whelan, S Choudhury",Homeless bird,2000,,novelstudies.org,http://www.novelstudies.org/downloads/Homeless_Bird_Novel_Study_Preview.pdf,,
"FM Benes, J Davidson, ED Bird",Quantitative cytoarchitectural studies of the cerebral cortex of schizophrenics,1986,Archives of general psychiatry,jamanetwork.com,https://jamanetwork.com/journals/jamapsychiatry/article-abstract/493718,,
"EF Melvin, TJ Guy, LB Read","Reducing seabird bycatch in the South African joint venture tuna fishery using bird-scaring lines, branch line weighting and nighttime setting of hooks",2013,Fisheries Research,Elsevier,https://www.sciencedirect.com/science/article/pii/S016578361300132X,,
"M Wikelski, M Hau, JC Wingfield",Seasonality of reproduction in a neotropical rain forest bird,2000,Ecology,Wiley Online Library,https://esajournals.onlinelibrary.wiley.com/doi/abs/10.1890/0012-9658(2000)081%5B2458:SORIAN%5D2.0.CO%3B2,,
A Feduccia,Bird origins anew,2013,The Auk,academic.oup.com,https://academic.oup.com/auk/article-abstract/130/1/1/5148815,,
A Keast,Temporal vocalization patterns in members of a eucalypt forest bird community: the effects of weather on song production,1994,Emu,CSIRO,http://www.publish.csiro.au/mu/MU9940172,,
O Dunigan,Bird cage with transparent shield,1978,"US Patent 4,104,986",Google Patents,https://patents.google.com/patent/US4104986A/en,,
"CE Borroni-Bird, N Al-Sarraf, S Andersoon…",Single crystal adsorption microcalorimetry,1991,Chemical physics …,Elsevier,https://www.sciencedirect.com/science/article/pii/000926149180168W,,
"P Weber, TJ Nohara, SA Gauthreaux Jr","Affordable, real-time, 3-D avian radar networks for centralized North American bird advisory systems",2005,,digitalcommons.unl.edu,https://digitalcommons.unl.edu/birdstrike2005/7/,,
"…, Z Sodnik, B Demelenne, A Bird…",OICETS on-orbit laser communication experiments,2006,Free-Space Laser …,spiedigitallibrary.org,https://www.spiedigitallibrary.org/conference-proceedings-of-spie/6105/610503/OICETS-on-orbit-laser-communication-experiments/10.1117/12.673751.short,,
"GR Martin, JM Shaw",Bird collisions with power lines: failing to see the way ahead?,2010,Biological Conservation,Elsevier,https://www.sciencedirect.com/science/article/pii/S0006320710003204,,
NS Hart,"Microspectrophotometry of visual pigments and oil droplets in a marine bird, the wedge-tailed shearwater Puffinus pacificus: topographic variations in photoreceptor …",2004,Journal of Experimental Biology,jeb.biologists.org,https://jeb.biologists.org/content/207/7/1229.short,,
"M Hau, M Wikelski, KK Soma, JC Wingfield",Testosterone and year-round territorial aggression in a tropical bird,2000,General and comparative …,Elsevier,https://www.sciencedirect.com/science/article/pii/S0016648099973902,,
RW Lush,Squirrel teasing hanger assembly for a bird feeder,2005,"US Patent 6,951,188",Google Patents,https://patents.google.com/patent/US6951188B1/en,,
A Wolfson,"The role of the pituitary, fat deposition, and body weight in bird migration",1945,The Condor,JSTOR,https://www.jstor.org/stable/1364029,,
"CE Zitting, GF Zitting",Marionette bird,1977,"US Patent 4,048,749",Google Patents,https://patents.google.com/patent/US4048749A/en,,
"C Nilsson, AM Dokter, B Schmid…",Field validation of radar systems for monitoring bird migration,2018,Journal of applied …,Wiley Online Library,https://besjournals.onlinelibrary.wiley.com/doi/abs/10.1111/1365-2664.13174,,
EE Southwick,Remote sensing of body temperature in a captive 25-g bird,1973,The Condor,JSTOR,https://www.jstor.org/stable/1366571,,
R King,"Support stand for bird cages, fish tanks and the like",1996,"US Patent 5,579,703",Google Patents,https://patents.google.com/patent/US5579703A/en,,
MA Taylor,Folding bird cage for entertainers,1952,"US Patent 2,614,838",Google Patents,https://patents.google.com/patent/US2614838A/en,,
"DF Bird, J Kalff",Algal phagotrophy: Regulating factors and importance relative to photosynthesis in Dinobryon (Chrysophyceae)1,1987,Limnology and Oceanography,Wiley Online Library,https://aslopubs.onlinelibrary.wiley.com/doi/abs/10.4319/lo.1987.32.2.0277,,
"…, A Arvidson, B Badelek, G Baum, J Beaufays, IG Bird…",Inelastic Jψ production in deep inelastic scattering from hydrogen and deuterium and the gluon distribution of free nucleons,1991,Physics Letters B,Elsevier,https://www.sciencedirect.com/science/article/pii/037026939191124E,,
"DA King, MG Wells",Molecular beam investigation of adsorption kinetics on bulk metal targets: Nitrogen on tungsten,1972,Surface Science,Elsevier,https://www.sciencedirect.com/science/article/pii/0039602872902324,,
EA Armstrong,Bird display,2015,,books.google.com,https://books.google.com/books?hl=en&lr=&id=6VoQCAAAQBAJ&oi=fnd&pg=PR7&dq=bird+(light+OR+streetlight+OR+headlight+OR+spotlight+OR+lamp+OR+beacon+OR+beam+OR+ceilometer)&ots=Ey007Bl38r&sig=vJIhwfkepJ_sZkMQ4h7T79MgGyQ,,
WG Harper,Detection of bird migration by centimetric radar—a cause of radar 'angels',1958,Proceedings of the Royal Society of London …,royalsocietypublishing.org,https://royalsocietypublishing.org/doi/abs/10.1098/rspb.1958.0088,,
"L Font, GM Nowell, DG Pearson, CJ Ottley…",Sr isotope analysis of bird feathers by TIMS: a tool to trace bird migration paths and breeding sites,2007,Journal of Analytical …,pubs.rsc.org,https://pubs.rsc.org/en/content/articlehtml/2007/ja/b616328a,,
H Angelo,Bird in hand: How experience makes nature,2013,Theory and society,Springer,https://link.springer.com/article/10.1007/s11186-013-9196-x,,
"A Plevy, V Wepprecht",Solid state electronic bird repellent system,1973,"US Patent 3,717,802",Google Patents,https://patents.google.com/patent/US3717802A/en,,
"D Stuart-Fox, MJ Whiting…",Camouflage and colour change: antipredator responses to bird and snake predators across multiple populations in a dwarf chameleon,2006,Biological Journal of the …,academic.oup.com,https://academic.oup.com/biolinnean/article-abstract/88/3/437/2691631,,
"JP Barber, HR Taylor, JS Wilbeck",Bird impact forces and pressures on rigid and compliant targets,1978,,apps.dtic.mil,https://apps.dtic.mil/docs/citations/ADA061313,,
"M Olofsson, S Jakobsson…",Bird attacks on a butterfly with marginal eyespots and the role of prey concealment against the background,2013,Biological Journal of the …,academic.oup.com,https://academic.oup.com/biolinnean/article-abstract/109/2/290/2415946,,
AR Brand,A method for the intensive study of bird song,1935,The Auk,JSTOR,https://www.jstor.org/stable/4077106,,
"A Jansen, AI Robertson",Riparian bird communities in relation to land management practices in floodplain woodlands of south-eastern Australia,2001,Biological Conservation,Elsevier,https://www.sciencedirect.com/science/article/pii/S0006320700002354,,
D Dault,Bird Feeder,2011,"US Patent App. 12/568,248",Google Patents,https://patents.google.com/patent/US20110073043A1/en,,
"Y Kumari, S Rani, K Tsutsui, V Kumar","Duration of melatonin regulates seasonal plasticity in subtropical Indian weaver bird, Ploceus philippinus",2015,General and comparative …,Elsevier,https://www.sciencedirect.com/science/article/pii/S0016648014002378,,
"ST Emlen, NJ Demong",Orientation strategies used by free-flying bird migrants: a radar tracking study,1978,"Animal migration, navigation, and homing",Springer,https://link.springer.com/chapter/10.1007/978-3-662-11147-5_27,,
"J Muhr, B Povich",Hanger for a bird feeder with moat for containing water to restrict access of crawling insects,2014,"US Patent App. 29/429,008",Google Patents,https://patents.google.com/patent/USD698103S1/en,,
"AA Putilov, OG Donskaya, EG Verevkin",How many diurnal types are there? A search for two further “bird species”,2015,Personality and Individual …,Elsevier,https://www.sciencedirect.com/science/article/pii/S0191886914004486,,
CC Trowbridge,The relation of wind to bird migration,1902,The American Naturalist,journals.uchicago.edu,https://www.journals.uchicago.edu/doi/pdfplus/10.1086/278206,,
GW Schaeffer,Bird recognition by radar: A study in quantitative radar ornithology.,1968,by RK Murton and EN Wright. Academic Press …,books.google.com,https://books.google.com/books?hl=en&lr=&id=kx_gBAAAQBAJ&oi=fnd&pg=PA53&dq=bird+(light+OR+streetlight+OR+headlight+OR+spotlight+OR+lamp+OR+beacon+OR+beam+OR+ceilometer)&ots=rxBAA6ZJNZ&sig=yOC87q2lYQCaErr1lPZbkH2TU6M,,
SI Lustick,Physical Techniques for Controlling Birds to Reduce Aircraft Strike Hazards:(Effect of Laser Light on Bird Behavior and Physiology),1972,,apps.dtic.mil,https://apps.dtic.mil/docs/citations/AD0754269,,
"P Morall, N Liebenberg…",Tannin development and location in bird-resistant sorghum grain,1981,Scanning electron …,eprints.icrisat.ac.in,http://eprints.icrisat.ac.in/4082/,,
LB Gundersen,Bird on Dispositions and Antidotes,2000,The Philosophical Quarterly,academic.oup.com,https://academic.oup.com/pq/article-abstract/50/199/227/1568621,,
"…, Y Ochiai, Y Gong, R Vajtai, PM Ajayan, JP Bird…",Nanoscale-Barrier Formation Induced by Low-Dose Electron-Beam Exposure in Ultrathin MoS2 Transistors,2016,ACS …,ACS Publications,https://pubs.acs.org/doi/abs/10.1021/acsnano.6b05952,,
"…, FW Fitzke, AC Bird",In vivo fundus autofluorescence in macular dystrophies,1997,Archives of ophthalmology,jamanetwork.com,https://jamanetwork.com/journals/jamaophthalmology/article-abstract/642114,,
"M Fujioka, SD Lee, M Kurechi, H Yoshida",Bird use of rice fields in Korea and Japan,2010,Waterbirds,BioOne,https://bioone.org/journals/waterbirds/volume-33/issue-sp1/063.033.s102/Bird-use-of-Rice-Fields-in-Korea-and-Japan/10.1675/063.033.s102.short,,
"J Waldenström, SLW On, R Ottvall…",Species diversity of campylobacteria in a wild bird community in Sweden,2007,Journal of applied …,Wiley Online Library,https://onlinelibrary.wiley.com/doi/abs/10.1111/j.1365-2672.2006.03090.x,,
T Davies,Non-voluntary licensing of antivirals under patent: options the Australian Government should consider in light of a potential bird flu pandemic.,2006,Journal of law and medicine,europepmc.org,https://europepmc.org/abstract/med/16756217,,
"F Papi, L Maffei, F Giongo",Pineal body and bird navigation: new experiments on pinealectomized pigeons,1985,Zeitschrift für Tierpsychologie,Wiley Online Library,https://onlinelibrary.wiley.com/doi/abs/10.1111/j.1439-0310.1985.tb01393.x,,
"KA Caillouët, AE Riggan, LP Bulluck…",Nesting bird “host funnel” increases mosquito-bird contact rate,2013,Journal of medical …,academic.oup.com,https://academic.oup.com/jme/article-abstract/50/2/462/857289,,
"…, A Arvidson, B Badelek, G Baum, J Beaufays, IG Bird…",Proton and deuteron f2 structure functions in deep inelastic muon scattering,1992,Physics Letters B,Elsevier,https://www.sciencedirect.com/science/article/pii/037026939290106E,,
"D Klem Jr, PG Saenger",Evaluating the effectiveness of select visual signals to prevent bird-window collisions,2013,The Wilson Journal of Ornithology,wjoonline.org,http://www.wjoonline.org/doi/abs/10.1676/12-106.1,,
"WH Woon, FW Fitzke, AC Bird…",Confocal imaging of the fundus using a scanning laser ophthalmoscope.,1992,British journal of …,bjo.bmj.com,https://bjo.bmj.com/content/76/8/470.short,,
"LM Witmer, KD Rose",Biomechanics of the jaw apparatus of the gigantic Eocene bird Diatryma: implications for diet and mode of life,1991,Paleobiology,cambridge.org,https://www.cambridge.org/core/journals/paleobiology/article/biomechanics-of-the-jaw-apparatus-of-the-gigantic-eocene-bird-diatryma-implications-for-diet-and-mode-of-life/3A2C621C0C9634658C4E7C128675D243,,
"SS nee Pavgi, A Chandola",Role of gonadal feedback in annual reproduction of the weaver bird: Interaction with photoperiod,1981,General and comparative endocrinology,Elsevier,https://www.sciencedirect.com/science/article/pii/0016648081900575,,
PR Evans,Timing mechanisms and the physiology of bird migration,1970,Science Progress (1933-),JSTOR,https://www.jstor.org/stable/pdf/43419959.pdf,,
"T Riordan, TJ Humphrey, A Fowles",A point source outbreak of campylobacter infection related to bird-pecked milk,1993,Epidemiology & Infection,cambridge.org,https://www.cambridge.org/core/journals/epidemiology-and-infection/article/point-source-outbreak-of-campylobacter-infection-related-to-birdpecked-milk/BFDF5F058E1E9F31E5D2C9ACEA4D76E6,,
I Rothchild,The artificial anus in the bird,1947,Poultry Science,academic.oup.com,https://academic.oup.com/ps/article-abstract/26/2/157/1469392,,
"G Groom, M Stjernholm, RD Nielsen, A Fleetwood…",Remote sensing image data and automated analysis to describe marine bird distributions and abundances,2013,Ecological …,Elsevier,https://www.sciencedirect.com/science/article/pii/S1574954112001185,,
L Buurma,"The Royal Netherlands Air Force: two decades of bird strike prevention"" en route",1999,International Seminar on Birds and Flight Safety in the …,birds.org.il,http://www.birds.org.il/Data/Education/latus%20beshalom%20im%20tsiporim/Migratio%20seminar%201999/71_1545449549.PDF,,
"ER Blout, GR Bird","Process for polarizing ultraviolet light utilizing oriented, polyphenyl stained film",1966,"US Patent 3,254,562",Google Patents,https://patents.google.com/patent/US3254562A/en,,
WB Teets,Height adjustment bird feeder apparatus,2002,"US Patent 6,401,658",Google Patents,https://patents.google.com/patent/US6401658B1/en,,
"…, J Beaufays, CP Bee, C Benchouk, G Berghoff, I Bird…",Shadowing in deep inelastic muon scattering from nuclear targets,1988,Physics Letters B,Elsevier,https://www.sciencedirect.com/science/article/pii/0370269388919004,,
HB Dreyer,Containment/exclusion boom with bird deterrent,2003,"US Patent 6,514,010",Google Patents,https://patents.google.com/patent/US6514010B2/en,,
"CE Filardi, RG Moyle",Single origin of a pan-Pacific bird group and upstream colonization of Australasia,2005,Nature,nature.com,https://www.nature.com/articles/nature04057,,
"W Goymann, I Schwabl, M Trappschuh…",Use of ethanol for preserving steroid and indoleamine hormones in bird plasma,2007,General and comparative …,Elsevier,https://www.sciencedirect.com/science/article/pii/S0016648006003078,,
"AS Beltran, M Palafox-Uribe, J Grajales-Montiel…","Sea bird mortality at Cabo San Lucas, Mexico: evidence that toxic diatom blooms are spreading",1997,Toxicon,Elsevier,https://www.sciencedirect.com/science/article/pii/S0041010196001407,,
"AJ Bird, T Carter, AJ Dean, D Ramsden…",The optimisation of small CsI (Tl) gamma-ray detectors,1993,IEEE transactions on …,ieeexplore.ieee.org,https://ieeexplore.ieee.org/abstract/document/256587/,,
"AR Harmata, KM Podruzny, JR Zelenak…",Using marine surveillance radar to study bird movements and impact assessment,1999,Wildlife Society Bulletin …,JSTOR,https://www.jstor.org/stable/3783939,,
EM Nicholson,How Birds Live: A Brief Account of Bird-Life in the Light of Modern Observation.-,1929,,Williams and Norgate,,,
WE Bird,Lamp shade,1928,"US Patent 1,665,617",Google Patents,https://patents.google.com/patent/US1665617A/en,,
"F Miché, B Vivien-Roels, P Pévet, C Spehner…","Daily pattern of melatonin secretion in an Antarctic bird, the emperor penguin, Aptenodytes forsteri: seasonal variations, effect of constant illumination and of …",1991,General and …,Elsevier,https://www.sciencedirect.com/science/article/pii/001664809190048B,,
"JE Arévalo, K Newhard",Traffic noise affects forest bird species in a protected tropical forest,2011,Revista de Biología Tropical,scielo.sa.cr,http://www.scielo.sa.cr/scielo.php?script=sci_arttext&pid=S0034-77442011000200032,,
"G Antonopoulos, F Benabid, TA Birks, DM Bird…",Experimental demonstration of the frequency shift of bandgaps in photonic crystal fibers due to refractive index scaling,2006,Optics …,osapublishing.org,https://www.osapublishing.org/abstract.cfm?uri=OE-14-7-3000,,
"AJ Parnell, AL Washington, OO Mykhaylyk, CJ Hill…",Spatially modulated structural colour in bird feathers,2015,Scientific reports,nature.com,https://www.nature.com/articles/srep18317,,
"MZ Felsmann, J Szarek, M Felsmann…",Lead in game bird meat as a risk to public health: new aspects in the light of physical phenomena generated by a projectile,2016,Journal of …,yadda.icm.edu.pl,http://yadda.icm.edu.pl/yadda/element/bwmeta1.element.agro-fab87109-fec3-4a6d-94cc-8ca18033ada4,,
W Furlani,Selective bird feeder,1987,"US Patent 4,646,686",Google Patents,https://patents.google.com/patent/US4646686A/en,,
"DF Bradford, SE Franson, AC Neale…",Bird species assemblages as indicators of biological integrity in Great Basin rangeland,1998,Environmental …,Springer,https://link.springer.com/article/10.1023/A:1005712405487,,
B Krueger,Nectar bottle for a bird feeder,2013,"US Patent App. 29/416,890",Google Patents,https://patents.google.com/patent/USD678628S1/en,,
S Byrne,Bird movements and collision mortality at a large horizontal axis wind turbine,1983,Cal-Neva Wildlife Transactions,tws-west.org,http://www.tws-west.org/transactions/Byrne.pdf,,
CG Huff,The Effects of Selection Upon Susceptibility to Bird Malaria in Culex Pipiens Linn,1929,Annals of Tropical Medicine & Parasitology,Taylor & Francis,https://www.tandfonline.com/doi/pdf/10.1080/00034983.1929.11684614,,
"NE Seavy, JH Viers, JK Wood",Riparian bird response to vegetation structure: a multiscale analysis using LiDAR measurements of canopy height,2009,Ecological Applications,Wiley Online Library,https://esajournals.onlinelibrary.wiley.com/doi/abs/10.1890/08-1124.1,,
"…, R Alexander, P Hermans, P Luthert, AC Bird…",Macular pigment in the human retina: histological evaluation of localization and distribution,2008,Eye,nature.com,https://www.nature.com/articles/6702780,,
"…, B Badeek, M Ballintijn, G Baum, J Beaufays, IG Bird…",The A dependence of the nuclear structure function ratios,1996,Nuclear Physics B,Elsevier,https://www.sciencedirect.com/science/article/pii/S0550321396901170,,
"GR Spedding, AH Hedenström…",The implications of low-speed fixed-wing aerofoil measurements on the analysis and performance of flapping bird wings,2008,Journal of …,jeb.biologists.org,https://jeb.biologists.org/content/211/2/215.short,,
"…, G Bassompierre, K Benslama, N Besson, I Bird…",Search for νμ→ νe oscillations in the NOMAD experiment,2003,Physics Letters B,Elsevier,https://www.sciencedirect.com/science/article/pii/S0370269303010505,,
RH Edmonds,Electron microscope studies on the hemostatic process in bird embryos: I. The initial plug,1968,Journal of ultrastructure research,Elsevier,https://www.sciencedirect.com/science/article/pii/S002253206890066X,,
"CE Aalseth, PS Barbeau, NS Bowden…",Results from a Search for Light-Mass Dark Matter with a -Type Point Contact Germanium Detector,2011,Physical Review Letters,APS,https://journals.aps.org/prl/abstract/10.1103/PhysRevLett.106.131301,,
"JP Verhoef, PJ Eecen, RJ Nijdam, H Korterink…",WT-Bird: a low cost solution for detecting bird collisions,2012,Wind Energy,ecn.nl,https://www.ecn.nl/publications/WIN/2004/ECN-C--04-046,,
"MR Fuller, WS Seegar, PW Howey",The use of satellite systems for the study of bird migration,1995,Israel Journal of Zoology,Taylor & Francis,https://www.tandfonline.com/doi/abs/10.1080/00212210.1995.10688797,,
"…, AK George, TD Hedley, GJ Pearce, DM Bird…",All-solid photonic bandgap fiber,2004,Optics …,osapublishing.org,https://www.osapublishing.org/abstract.cfm?uri=ol-29-20-2369,,
GVT Matthews,“Nonsense” orientation in Mallard Anas platyrhynchos and its relation to experiments on bird navigation,1961,Ibis,Wiley Online Library,https://onlinelibrary.wiley.com/doi/abs/10.1111/j.1474-919X.1961.tb02435.x,,
ML Blasbalg,Bird feeder,1979,"US Patent App. 05/851,979",Google Patents,https://patents.google.com/patent/USD251021S/en,,
PJ De Barro,"The role of temperature, photoperiod, crowding and plant quality on the production of alate viviparous females of the bird cherry‐oat aphid, Rhopalosiphum padi",1992,Entomologia experimentalis et applicata,Wiley Online Library,https://onlinelibrary.wiley.com/doi/abs/10.1111/j.1570-7458.1992.tb00673.x,,
"JK Fiedler, TH Henry, RD Tankersley…","Results of bat and bird mortality monitoring at the expanded Buffalo Mountain Windfarm, 2005",2007,Tennessee Valley …,docs.wind-watch.org,https://docs.wind-watch.org/fiedler2007-batbirdmortality2005.pdf,,
"MJ Gibbs, AJ Gibbs",Molecular virology: was the 1918 pandemic caused by a bird flu?,2006,Nature,nature.com,https://www.nature.com/articles/nature04823,,
"M Konishi, ST Emlen, RE Ricklefs, JC Wingfield",Contributions of bird studies to biology,1989,Science,science.sciencemag.org,https://science.sciencemag.org/content/246/4929/465.short,,
"F Antequera, A Bird",Number of CpG islands and genes in human and mouse,1993,… of the National Academy of Sciences,National Acad Sciences,https://www.pnas.org/content/90/24/11995.short,,
TA Henshaw,Bird feed recycler,1998,"US Patent 5,775,256",Google Patents,https://patents.google.com/patent/US5775256A/en,,
"DF Bird, J Kalff",Phagotrophic sustenance of a metalimnetic phytoplankton peak,1989,Limnology and Oceanography,Wiley Online Library,https://aslopubs.onlinelibrary.wiley.com/doi/abs/10.4319/lo.1989.34.1.0155,,
"D Aston, N Awaji, T Bienz, F Bird, J D'Amore…",Evidence for two Strangeonium resonances with JPC= 1++ and 1+− in K− p interactions at 11 GeV/c,1988,Physics letters B,Elsevier,https://www.sciencedirect.com/science/article/pii/037026938890620X,,
"…, J Beaufays, CP Bee, C Benchouk, IG Bird…",A Measurement of the ratio of the nucleon structure function in copper and deuterium,1993,Zeitschrift für Physik C …,Springer,https://link.springer.com/article/10.1007/BF01565050,,
"B Bruderer, D Peter, F Korner-Nievergelt",Vertical distribution of bird migration between the Baltic Sea and the Sahara,2018,Journal of ornithology,Springer,https://link.springer.com/article/10.1007/s10336-017-1506-z,,
"RJ Wurtman, J Axelrod, LS Phillips",Melatonin Synthesis in thepineal gland: control by light,1963,Science,science.sciencemag.org,https://science.sciencemag.org/content/142/3595/1071.short,,
P Konzak,Bird scaring device,1986,"US Patent 4,573,427",Google Patents,https://patents.google.com/patent/US4573427A/en,,
AJ Minneman,Clay bird thrower,2010,"US Patent App. 29/346,537",Google Patents,https://patents.google.com/patent/USD622804S1/en,,
"JG Sivak, WR Bobier, B Levy",The refractive significance of the nictitating membrane of the bird eye,1978,Journal of comparative physiology,Springer,https://link.springer.com/article/10.1007/BF00656868,,
KC Burns,Relationships between the demography and distribution of two bird‐dispersed plants in an island archipelago,2004,Journal of Biogeography,Wiley Online Library,https://onlinelibrary.wiley.com/doi/abs/10.1111/j.1365-2699.2004.01081.x,,
"PA Giorgio, DF Bird, YT Prairie…",Flow cytometric determination of bacterial abundance in lake plankton with the green nucleic acid stain SYTO 13,1996,Limnology and …,Wiley Online Library,https://aslopubs.onlinelibrary.wiley.com/doi/abs/10.4319/lo.1996.41.4.0783,,
"W Bouten, J van Belle, A Benabdelkader…",Towards an operational bird avoidance system: combining models and measurements,2003,… 26th International Bird …,researchgate.net,https://www.researchgate.net/profile/Hans_Van_Gasteren3/publication/228816031_Towards_an_operational_bird_avoidance_system_combining_models_and_measurements/links/0fcfd5060966c419b9000000/Towards-an-operational-bird-avoidance-system-combining-models-and-measurements.pdf,,
M Niles,Bird resistant power line insulation,2003,"US Patent App. 09/902,375",Google Patents,https://patents.google.com/patent/US20030010528A1/en,,
RE Ricklefs,Dominance and the niche in bird communities,1972,The American Naturalist,journals.uchicago.edu,https://www.journals.uchicago.edu/doi/pdfplus/10.1086/282793,,
"RW Berry, GW Bird",Light mechanism for vehicles,1927,"US Patent 1,621,920",Google Patents,https://patents.google.com/patent/US1621920A/en,,
RL Crawford,"Weather, migration and autumn bird kills at a north Florida TV tower",1981,The Wilson Bulletin,JSTOR,https://www.jstor.org/stable/4161459,,
"…, JL Slack, MR Alderson, TA Bird…",Interleukin 1 signaling occurs exclusively via the type I receptor,1993,Proceedings of the …,National Acad Sciences,https://www.pnas.org/content/90/13/6155.short,,
T Williams,Sweet bird of youth,2014,,Bloomsbury Publishing,,,
"…, S Bethke, M Biasini, T Bienz, GM Bilei, F Bird…",First measurement of the left-right cross section asymmetry in Z boson production by collisions,1993,Physical review …,APS,https://journals.aps.org/prl/abstract/10.1103/PhysRevLett.70.2515,,
"R Covas, J Blondel",Biogeography and history of the Mediterranean bird fauna,1998,Ibis,Wiley Online Library,https://onlinelibrary.wiley.com/doi/abs/10.1111/j.1474-919X.1998.tb04600.x,,
"…, F Lebrun, G Di Cocco, A Bazzano, AJ Bird…",IBIS: The Imager on-board INTEGRAL,2003,Astronomy & …,aanda.org,https://www.aanda.org/articles/aa/abs/2003/43/aaINTEGRAL13/aaINTEGRAL13.html,,
"FG Holz, B Piguet, DC Minassian, AC Bird…",Decreasing stromal iris pigmentation as a risk factor for age-related macular degeneration,1994,American journal of …,Elsevier,https://www.sciencedirect.com/science/article/pii/S0002939414730107,,
"Y Li, J Liu, T Suo, Z Tang, J Lv, L Zhou, G Zhu…",Tail capable of improving anti-bird strike performance of aircraft,2014,US Patent …,Google Patents,https://patents.google.com/patent/US8746619B2/en,,
"GR Bird, M Parrish",The wire grid as a near-infrared polarizer,1960,JOSA,osapublishing.org,https://www.osapublishing.org/abstract.cfm?uri=josa-50-9-886,,
M Courtenay-Latimer,"1. TERN OBSERVATIONS AT BIRD ISLAND, ALCOA BAY, CP",1937,Ostrich,Taylor & Francis,https://www.tandfonline.com/doi/pdf/10.1080/00306525.1937.9634789,,
W Doornbos,Bird feeder,1997,"US Patent App. 29/051,798",Google Patents,https://patents.google.com/patent/USD383877S/en,,
FN Lancia,Bird feeding station,1996,"US Patent 5,533,467",Google Patents,https://patents.google.com/patent/US5533467A/en,,
"…, S Bertolucci, A Bhatti, K Biery, M Binkley, F Bird…",Measurement of and in Collisions at TeV,1996,Physical review …,APS,https://journals.aps.org/prl/abstract/10.1103/PhysRevLett.76.3070,,
GE Machovsky-Capuska…,Visual accommodation and active pursuit of prey underwater in a plunge-diving bird: the Australasian gannet,2012,… of the Royal …,royalsocietypublishing.org,https://royalsocietypublishing.org/doi/abs/10.1098/rspb.2012.1519,,
"FL Ferris III, CP Wilkinson, A Bird, U Chakravarthy…",Clinical classification of age-related macular degeneration,2013,Ophthalmology,Elsevier,https://www.sciencedirect.com/science/article/pii/S016164201201055X,,
BA Ruchser,Bird cage,1993,"US Patent App. 07/677,973",Google Patents,https://patents.google.com/patent/USD333638S/en,,
GS Crocker,Bird feeder,2008,"US Patent App. 11/979,943",Google Patents,https://patents.google.com/patent/US20080134979A1/en,,
"PJ Butler, AJ Woakes",Seasonal hypothermia in a large migrating bird: saving energy for fat deposition?,2001,Journal of Experimental Biology,jeb.biologists.org,https://jeb.biologists.org/content/204/7/1361.short,,
"R Wiltschko, K Stapput, P Thalau…",Directional orientation of birds by the magnetic field under different light conditions,2009,Journal of the Royal …,royalsocietypublishing.org,https://royalsocietypublishing.org/doi/abs/10.1098/rsif.2009.0367.focus,,
"CF Leck, BG Murray Jr, J Swinebroad",Long-term changes in the breeding bird populations of a New Jersey forest,1988,Biological Conservation,Elsevier,https://www.sciencedirect.com/science/article/pii/0006320788900973,,
"M Lehmann, K Spoelstra, ME Visser…",Effects of temperature on circadian clock and chronotype: an experimental study on a passerine bird,2012,Chronobiology …,Taylor & Francis,https://www.tandfonline.com/doi/abs/10.3109/07420528.2012.707159,,
"DG Ainley, RC Wood, WJL Sladen","Bird life at Cape Crozier, Ross Island",1978,The Wilson Bulletin,JSTOR,https://www.jstor.org/stable/4161120,,
"M Hau, OA Dominguez, HC Evrard",Testosterone reduces responsiveness to nociceptive stimuli in a wild bird,2004,Hormones and behavior,Elsevier,https://www.sciencedirect.com/science/article/pii/S0018506X04000911,,
"CJ Pennycuick, T Alerstam…","A new low-turbulence wind tunnel for bird flight experiments at Lund University, Sweden",1997,Journal of Experimental …,jeb.biologists.org,https://jeb.biologists.org/content/200/10/1441.short,,
RL Tullis,Cellulose bird cage,1928,"US Patent 1,662,687",Google Patents,https://patents.google.com/patent/US1662687A/en,,
"RL Clarke, DR Justesen",Behavioral sensitivity of a domestic bird to 60-Hz ac and to dc magnetic fields,1979,Radio Science,ieeexplore.ieee.org,https://ieeexplore.ieee.org/abstract/document/7774180/,,
"US Patent 7,275,500",Bird feeder,2007,Google Patents,,https://patents.google.com/patent/US7275500B2/en,,
K Schmidt-Koenig,Bird navigation: has olfactory orientation solved the problem?,1987,The Quarterly Review of Biology,journals.uchicago.edu,https://www.journals.uchicago.edu/doi/abs/10.1086/415266,,
"R Anderson, M Morrison, K Sinclair, D Strickland",Studying wind energy/bird interactions: a guidance document,1999,,osti.gov,https://www.osti.gov/biblio/776928,,
P Kilham,Bendable coiled wire bird perch assembly,1989,"US Patent 4,846,111",Google Patents,https://patents.google.com/patent/US4846111A/en,,
SA Gauthreaux,"Suggested practices for monitoring bird populations, movements and mortality in wind resource areas",1996,Proceedings of the National Avian-Wind Power …,researchgate.net,https://www.researchgate.net/profile/Sidney_Gauthreaux/publication/239548263_Suggested_Practices_for_Monitoring_Bird_Populations_Movements_and_Mortality_in_Wind_Resource_Areas/links/00b49531f3a32c06d1000000/Suggested-Practices-for-Monitoring-Bird-Populations-Movements-and-Mortality-in-Wind-Resource-Areas.pdf,,
"…, J Beaufays, CP Bee, C Benchouk, IG Bird…",Comparison of forward hadrons produced in muon interactions on nuclear targets and deuterium,1991,Zeitschrift für Physik C …,Springer,https://link.springer.com/article/10.1007/BF01412322,,
"C Berg, J Rayner",The moment of inertia of bird wings and the inertial power requirement for flapping flight,1995,Journal of experimental biology,jeb.biologists.org,https://jeb.biologists.org/content/198/8/1655.short,,
DR Griffin,The sensory basis of bird navigation,1944,The Quarterly Review of Biology,journals.uchicago.edu,https://www.journals.uchicago.edu/doi/pdfplus/10.1086/394685,,
"…, C Bigongiari, A Biland, S Billotta, T Bird…",Introducing the CTA concept,2013,Astroparticle …,Elsevier,https://www.sciencedirect.com/science/article/pii/S0927650513000169,,
MT Cooke,Speed of bird flight,1933,The Auk,JSTOR,https://www.jstor.org/stable/4076639,,
"RC Hardie, B Minke",The trp gene is essential for a light-activated Ca2+ channel in Drosophila photoreceptors,1992,Neuron,Elsevier,https://www.sciencedirect.com/science/article/pii/089662739290086S,,
"RW Howe, TD Howe, HA Ford",Bird Distributions on Small Rainforest Remnants in New South Wales.,1981,Wildlife Research,CSIRO,http://www.publish.csiro.au/wr/WR9810637,,
"S Derégnaucourt, PP Mitra, O Fehér, C Pytte…",How sleep affects the developmental learning of bird song,2005,Nature,nature.com,https://www.nature.com/articles/nature03275,,
"KT Bird, C Habig, T DeBusk",NITROGEN ALLOCATION AND STORAGE PATTERNS IN GRACILARIA TIKVAHIAE (RHODOPHYTA)1,1982,Journal of Phycology,Wiley Online Library,https://onlinelibrary.wiley.com/doi/abs/10.1111/j.1529-8817.1982.tb03194.x,,
"…, B Badełek, M Ballintijn, G Baum, J Beaufays, IG Bird…",The structure function ratios F2C/F2D and F2C/F2D at small x,1995,Nuclear Physics B,Elsevier,https://www.sciencedirect.com/science/article/pii/0550321395000232,,
"S Georgiadis, AJ Gunnion, RS Thomson…",Bird-strike simulation for certification of the Boeing 787 composite moveable trailing edge,2008,Composite …,Elsevier,https://www.sciencedirect.com/science/article/pii/S0263822308000883,,
"MJ Wooster, B Zhukov, D Oertel",Fire radiative energy for quantitative study of biomass burning: derivation from the BIRD experimental satellite and comparison to MODIS fire products,2003,Remote Sensing of Environment,Elsevier,https://www.sciencedirect.com/science/article/pii/S0034425703000701,,
J Alvarez,Window for preventing bird collisions,2012,"US Patent 8,114,488",Google Patents,https://patents.google.com/patent/US8114488B2/en,,
J Pařizek,THE THIRD OLIVER BIRD LECTURE STERILIZATION OF THE MALE BY CADMIUM SALTS,1960,Reproduction,rep.bioscientifica.com,https://rep.bioscientifica.com/view/journals/rep/1/3/jrf_1_3_008.xml,,
PA Bird,Missing Persons and Mistaken Identities: Women and Gender in Ancient Israel,1997,,Fortress Press,,,
"CS Lin, FC Chuang, YW Ching, TW Chuang…",Bird control device,2013,US Patent App. 13 …,Google Patents,https://patents.google.com/patent/US20130118397A1/en,,
W Furlani,Selective bird feeder,1989,"US Patent App. 07/094,401",Google Patents,https://patents.google.com/patent/USRE32970E/en,,
"…, R Haimovici, C Jubb, FW Fitzke, AC Bird",Symptomatic abnormalities of dark adaptation in patients with age-related Bruch's membrane change.,1993,British Journal of …,bjo.bmj.com,https://bjo.bmj.com/content/77/9/549.short,,
"JK Batra, PG Kasprzyk, RE Bird…",Recombinant anti-erbB2 immunotoxins containing Pseudomonas exotoxin,1992,Proceedings of the …,National Acad Sciences,https://www.pnas.org/content/89/13/5867.short,,
"C Yang, J Wang, W Liang",Blocking of ultraviolet reflectance on bird eggs reduces nest predation by aerial predators,2016,Journal of Ornithology,Springer,https://link.springer.com/article/10.1007/s10336-015-1243-0,,
AA Jain,Bird and bat behavior and mortality at a northern Iowa windfarm,2005,,pdfs.semanticscholar.org,https://pdfs.semanticscholar.org/ff30/0c54c47997ab45610ffe6ee1f37de2b71017.pdf,,
"LB Best, DF Stauffer",Factors affecting nesting success in riparian bird communities,1980,The Condor,academic.oup.com,https://academic.oup.com/condor/article-abstract/82/2/149/5204710,,
"A Valido, YL Dupont, JM Olesen",Bird–flower interactions in the Macaronesian islands,2004,Journal of Biogeography,Wiley Online Library,https://onlinelibrary.wiley.com/doi/abs/10.1111/j.1365-2699.2004.01116.x,,
A Haapanen,Bird fauna of the Finnish forests in relation to forest succession. I,1965,Annales Zoologici Fennici,JSTOR,https://www.jstor.org/stable/23730722,,
"G Deping, L Qinghong",Analytical and experimental investigation of bird impact on blades,1990,Journal of Aerospace Power,en.cnki.com.cn,http://en.cnki.com.cn/Article_en/CJFDTotal-HKDI199004013.htm,,
E Boman,Rare Bird of Fashion: The Irreverent Iris Apfel,2007,,sites.google.com,https://sites.google.com/site/5n0djzuy6nelsondemilleebooksdo/best-textbook-website/Rare%20Bird%20of%20Fashion%20The%20Irreverent%20Iris%20Apfel.pdf,,
"WE Riedell, RW Kieckhefer, SD Haley…",Winter wheat responses to bird cherry-oat aphids and barley yellow dwarf virus infection,1999,Crop …,dl.sciencesocieties.org,https://dl.sciencesocieties.org/publications/cs/abstracts/39/1/CS0390010158,,
DA Grimaldi,"The bird flies, genus Carnus: species revision, generic relationships, and a fossil Meoneura in amber (Diptera, Carnidae). American Museum novitates; no …",1997,,digitallibrary.amnh.org,http://digitallibrary.amnh.org/bitstream/handle/2246/3592/N3190.pdf?sequence=1,,
"AJ Parfitt, TS Bird",Phased array antenna analysis using time delay beam steering and hybrid FDTD method,2000,Electronics Letters,IET,https://digital-library.theiet.org/content/journals/10.1049/el_20000158,,
"A Shires, AR Robblee, RT Hardin…","Effect of the previous diet, body weight, and duration of starvation of the assay bird on the true metabolizable energy value of corn",1979,Poultry science,academic.oup.com,https://academic.oup.com/ps/article-abstract/58/3/602/1628123,,
"O Järvinen, RA Väisänen",Changes in bird populations as criteria of environmental changes,1979,Ecography,Wiley Online Library,https://onlinelibrary.wiley.com/doi/abs/10.1111/j.1600-0587.1979.tb00684.x,,
"KS Van Houtan, OL Bass Jr, J Lockwood…",Importance of estimating dispersal for endangered bird management,2010,Conservation …,Wiley Online Library,https://onlinelibrary.wiley.com/doi/abs/10.1111/j.1755-263X.2010.00108.x,,
"DE McCoy, T Feo, TA Harvey, RO Prum",Structural absorption by barbule microstructures of super black bird of paradise feathers,2018,Nature communications,nature.com,https://www.nature.com/articles/s41467-017-02088-w,,
CF Schwarz,Bird shaped toy glider,1989,"US Patent 4,863,413",Google Patents,https://patents.google.com/patent/US4863413A/en,,
"R Bird, R Hulstrom, C Riordan",Normalization of direct beam spectral irradiance data for photovoltaic cell performance analyses,1985,Solar Cells,Elsevier,https://www.sciencedirect.com/science/article/pii/0379678785900432,,
"RG Bird, P Chapman",A light microscope attachment for isolating small specific areas from slide embedded monolayers: an aid in electron microscopy,1977,Journal of microscopy,Wiley Online Library,https://onlinelibrary.wiley.com/doi/abs/10.1111/j.1365-2818.1977.tb00075.x,,
"TB Smith, B MilA, GF Grether, H Slabbekoorn…",Evolutionary consequences of human disturbance in a rainforest bird species from Central Africa,2008,Molecular …,Wiley Online Library,https://onlinelibrary.wiley.com/doi/abs/10.1111/j.1365-294X.2007.03478.x,,
"O Hüppop, K Hüppop, J Dierschke, R Hill",Bird collisions at an offshore platform in the North Sea,2016,Bird Study,Taylor & Francis,https://www.tandfonline.com/doi/abs/10.1080/00063657.2015.1134440,,
"…, G Bardin, G Baum, P Berglund, L Betev, IG Bird…",Polarisation of valence and non-strange sea quarks in the nucleon from semi-inclusive spin asymmetries,1996,Physics Letters B,Elsevier,https://www.sciencedirect.com/science/article/pii/0370269395015841,,
"GG Kuelbs, GP Kuelbs",Solar bird house,2009,"US Patent App. 12/467,946",Google Patents,https://patents.google.com/patent/US20090277393A1/en,,
"RJ Safran, KJ McGraw, MR Wilkins, JK Hubbard…",Positive carotenoid balance correlates with greater reproductive performance in a wild bird,2010,PloS One,journals.plos.org,https://journals.plos.org/plosone/article?id=10.1371/journal.pone.0009420,,
"G Wang, CE Harpole, AK Trivedi…","Circadian regulation of bird song, call, and locomotor behavior by pineal melatonin in the zebra finch",2012,Journal of Biological …,journals.sagepub.com,https://journals.sagepub.com/doi/abs/10.1177/0748730411435965,,
"…, DJ Skene, R Defrance, J Arendt, AC Bird",Disturbance of sleep in blindness,1998,American journal of …,Elsevier,https://www.sciencedirect.com/science/article/pii/S0002939498001330,,
G Harrison,The backyard bird watcher,1988,,books.google.com,https://books.google.com/books?hl=en&lr=&id=gbtMARIlrBsC&oi=fnd&pg=PA13&dq=bird+(light+OR+streetlight+OR+headlight+OR+spotlight+OR+lamp+OR+beacon+OR+beam+OR+ceilometer)&ots=Jb1ZmEsSZx&sig=CFLmnvd8hDI4WZnBxirPnHRd7WU,,
"JD Derner, WK Lauenroth, P Stapp…",Livestock as ecosystem engineers for grassland bird habitat in the western Great Plains of North America,2009,Rangeland Ecology & …,Elsevier,https://www.sciencedirect.com/science/article/pii/S1550742409500218,,
"WWL Au, KJ Benoit-Bird",Automatic gain control in the echolocation system of dolphins,2003,Nature,nature.com,https://www.nature.com/articles/nature01727,,
"SW Hutson, PN Cowen, CC Bird",Morphometric studies of age related changes in normal human breast and their significance for evolution of mammary cancer.,1985,Journal of clinical pathology,jcp.bmj.com,https://jcp.bmj.com/content/38/3/281.short,,
"CL Seewagen, C Sheppard",Bird collisions with windows: An annotated bibliography,2012,"American Bird Conservancy, The Plains …",abcbirds.org,https://abcbirds.org/wp-content/uploads/2017/02/Window_Collision_Bibliography-February-2017.pdf,,
"ML Avery, SJ Werner, JL Cummings, JS Humphrey…",Caffeine for reducing bird damage to newly seeded rice,2005,Crop Protection,Elsevier,https://www.sciencedirect.com/science/article/pii/S026121940400300X,,
J Kumagai,Life of birds [wireless sensor network for bird study],2004,Ieee Spectrum,ieeexplore.ieee.org,https://ieeexplore.ieee.org/abstract/document/1279193/,,
"D Bird, M Gu",Compact two-photon fluorescence microscope based on a single-mode fiber coupler,2002,Optics letters,osapublishing.org,https://www.osapublishing.org/abstract.cfm?uri=ol-27-12-1031,,
"DR Brodbeck, SJ Shettleworth",Matching location and color of a compound stimulus: Comparison of a food-storing and a nonstoring bird species.,1995,Journal of Experimental …,psycnet.apa.org,https://psycnet.apa.org/record/1995-16252-001,,
WE Clarke,Studies in bird migration,2014,,books.google.com,https://books.google.com/books?hl=en&lr=&id=COsaAgAAQBAJ&oi=fnd&pg=PR1&dq=bird+(light+OR+streetlight+OR+headlight+OR+spotlight+OR+lamp+OR+beacon+OR+beam+OR+ceilometer)&ots=8_hQHcdHfB&sig=axBdgYxtDR8p_wnuudqzXalfuk4,,
B Krueger,Screw-on ant moat for a bird feeder,2013,"US Patent App. 29/416,885",Google Patents,https://patents.google.com/patent/USD682481S1/en,,
"A Mërtiri, A Totachawattana, H Liu…",Label free mid-IR photothermal imaging of bird brain with quantum cascade laser,2014,2014 Conference on …,ieeexplore.ieee.org,https://ieeexplore.ieee.org/abstract/document/6988065/,,
DA Bloedorn,Bird feeder having removable apertured metal floor,1999,"US Patent 5,924,381",Google Patents,https://patents.google.com/patent/US5924381A/en,,
"AT Baxter, AP Robinson",A comparison of scavenging bird deterrence techniques at UK landfill sites,2007,International Journal of Pest …,Taylor & Francis,https://www.tandfonline.com/doi/abs/10.1080/09670870701421444,,
"Z Xitao, L GuangLiang, L ZeJiang…",Numerical simulation on damage and failure in 3-Dimensional braided composites structure against bird strike,2011,Polymers and Polymer …,journals.sagepub.com,https://journals.sagepub.com/doi/abs/10.1177/0967391111019002-329,,
"…, G Bardin, G Baum, P Berglund, L Betev, IG Bird…",Spin asymmetries and structure functions of the proton and the deuteron from polarized high energy muon scattering,1998,Physical Review D,APS,https://journals.aps.org/prd/abstract/10.1103/PhysRevD.58.112001,,
"AE Jahn, DJ Levey, KG Smith",Reflections across hemispheres: a system-wide approach to New World bird migration,2004,The Auk,academic.oup.com,https://academic.oup.com/auk/article-abstract/121/4/1005/5147478,,
"AW Adams, ME Jackson",Effect of cage size and bird density on performance of six commercial strains of layers,1970,Poultry Science,academic.oup.com,https://academic.oup.com/ps/article-abstract/49/6/1712/1565034,,
"AC Bird, RA Weale",On the retinal vasculature of the human fovea,1974,Experimental eye research,Elsevier,https://www.sciencedirect.com/science/article/pii/0014483574900505,,
"…, FW Fitzke, CM Kemp, AC Bird",Abnormal dark adaptation and rhodopsin kinetics in Sorsby's fundus dystrophy.,1992,… & visual science,iovs.arvojournals.org,https://iovs.arvojournals.org/article.aspx?articleid=2160953,,
RW Lush,Squirrel teasing hanger assembly for a bird feeder,2003,"US Patent 6,619,229",Google Patents,https://patents.google.com/patent/US6619229B1/en,,
"N Saino, R Ambrosini, M Caprioli…",Sex‐dependent carry‐over effects on timing of reproduction and fecundity of a migratory bird,2017,Journal of Animal …,Wiley Online Library,https://besjournals.onlinelibrary.wiley.com/doi/abs/10.1111/1365-2656.12625,,
"J Ollerton, L Cranmer, RJ Stelzer, S Sullivan…",Bird pollination of Canary Island endemic plants,2009,…,Springer,https://link.springer.com/article/10.1007/s00114-008-0467-8,,
B Eruderer,RADAB STUDTES ON BIRD MIGRATION IN THE SOUTH OF ISRAEL,1992,,worldbirdstrike.com,http://worldbirdstrike.com/IBSC/Jerusalem/IBSC21%20WP28.pdf,,
"GH Mowbray, RW Flower, JF Bird",Visual cortex responses to abrupt changes in the periodicity of rapidly intermittent light,1975,Electroencephalography and clinical …,Elsevier,https://www.sciencedirect.com/science/article/pii/0013469475900930,,
"…, Y Xie, D Xu, R Xu, J Zhang, W Zhao, H Albrecht, F Bird…",Search for supersymmetric particles using acoplanar charged-particle pairs from Z0 decays,1990,Physics Letters B,Elsevier,https://www.sciencedirect.com/science/article/pii/037026939090600B,,
"…, MO Bettler, M van Beuzekom, A Bien, S Bifani, T Bird…",Measurements of the Λb0→ J/ψΛ decay amplitudes and the Λb0 polarisation in pp collisions at s= 7 TeV,2013,Physics Letters B,Elsevier,https://www.sciencedirect.com/science/article/pii/S0370269313004231,,
"TD Hedley, DM Bird, F Benabid…",Modelling of a novel hollow-core photonic crystal fibre,2003,… and Laser Science …,osapublishing.org,https://www.osapublishing.org/viewmedia.cfm?uri=QELS-2003-QTuL4&seq=0,,
K Schmidt-Koenig,Current problems in bird orientation,1965,Advances in the Study of Behavior,Elsevier,https://www.sciencedirect.com/science/article/pii/S0065345408600595,,
"HL Yeagley, FC Whitmore",A preliminary study of a physical basis of bird navigation,1947,Journal of Applied Physics,aip.scitation.org,https://aip.scitation.org/doi/abs/10.1063/1.1697587,,
"LM Kohus, JC Henning",Bird cage,1995,"US Patent App. 29/014,694",Google Patents,https://patents.google.com/patent/USD360493S/en,,
OAM Hawkes,"30. Observations on the Life‐History, Biology, and Genetics of the Lady‐bird Beetle, Adalia bipunctata (Mulsant)",1920,Proceedings of the Zoological Society of …,Wiley Online Library,https://zslpublications.onlinelibrary.wiley.com/doi/abs/10.1111/j.1096-3642.1920.tb03241.x,,
EC Beedy,Bird communities and forest structure in the Sierra Nevada of California,1981,The Condor,academic.oup.com,https://academic.oup.com/condor/article-abstract/83/2/97/5204780,,
"MD Saad, SA Lu'ay, MA Gamal-Eldein…","Possible avian influenza (H5N1) from migratory bird, Egypt",2007,Emerging infectious …,ncbi.nlm.nih.gov,https://www.ncbi.nlm.nih.gov/pmc/articles/PMC2878221/,,
AK Patnaik,"Histologic and immunohistochemical studies of granular cell tumors in seven dogs, three cats, one horse, and one bird",1993,Veterinary pathology,journals.sagepub.com,https://journals.sagepub.com/doi/abs/10.1177/030098589303000211,,
"JM Avilés, JJ Soler, NS Hart",Sexual selection based on egg colour: physiological models and egg discrimination experiments in a cavity-nesting bird,2011,Behavioral Ecology and Sociobiology,Springer,https://link.springer.com/article/10.1007/s00265-011-1180-8,,
AO Gross,Observations on the Yellow-billed Tropic-bird (Phaethon americanus Grant) at the Bermuda Islands,1912,The Auk,JSTOR,https://www.jstor.org/stable/4071215,,
DH Merickel,Bird trap assembly,1994,"US Patent 5,325,622",Google Patents,https://patents.google.com/patent/US5325622A/en,,
"J Cynx, U von Rad",Immediate and transitory effects of delayed auditory feedback on bird song production,2001,Animal Behaviour,Elsevier,https://www.sciencedirect.com/science/article/pii/S0003347201917440,,
WJ Hamilton III,Analysis of bird navigation experiments,1966,Systems Analysis in Ecology,books.google.com,https://books.google.com/books?hl=en&lr=&id=bGYhBQAAQBAJ&oi=fnd&pg=PA147&dq=bird+(light+OR+streetlight+OR+headlight+OR+spotlight+OR+lamp+OR+beacon+OR+beam+OR+ceilometer)&ots=-dsLC6DwvK&sig=L02PxRZFtcRmHkIJKy3Um9PMUik,,
H Schippers,'As if a little bird is sitting on your finger...': metaphor as a key instrument in training professional musicians,2006,International journal of music education,journals.sagepub.com,https://journals.sagepub.com/doi/abs/10.1177/0255761406069640,,
"R Plante, M Lafond",Bird cage,2006,"US Patent 7,093,564",Google Patents,https://patents.google.com/patent/US7093564B1/en,,
"WD Robinson, MS Bowlin, I Bisson…",Integrating concepts and technologies to advance the study of bird migration,2010,Frontiers in Ecology …,Wiley Online Library,https://esajournals.onlinelibrary.wiley.com/doi/abs/10.1890/080179,,
N Elkins,Weather and bird behaviour,2010,,books.google.com,https://books.google.com/books?hl=en&lr=&id=shjSBAAAQBAJ&oi=fnd&pg=PP1&dq=bird+(light+OR+streetlight+OR+headlight+OR+spotlight+OR+lamp+OR+beacon+OR+beam+OR+ceilometer)&ots=9KSyFzX7Fa&sig=IDYfoAD-c-z9-s4C7TOF7zHGkOc,,
R Liversidge,Bird weights,1968,Ostrich,Taylor & Francis,https://www.tandfonline.com/doi/pdf/10.1080/00306525.1968.9634306,,
"V Demeyrier, MM Lambrechts, P Perret, A Grégoire",Experimental demonstration of an ecological trap for a wild bird in a human-transformed environment,2016,Animal Behaviour,Elsevier,https://www.sciencedirect.com/science/article/pii/S0003347216300951,,
"MD Bird, SJ Kenney, J Toth, HW Weijers…",System testing and installation of the NHMFL/NSCL sweeper magnet,2005,IEEE transactions on …,ieeexplore.ieee.org,https://ieeexplore.ieee.org/abstract/document/1439869/,,
"M Cusa, DA Jackson, M Mesure",Window collisions by migratory bird species: urban geographical patterns and habitat associations,2015,Urban Ecosystems,Springer,https://link.springer.com/article/10.1007/s11252-015-0459-3,,
J Slepian,``Physical Basis of Bird Navigation'',1948,Journal of Applied Physics,aip.scitation.org,https://aip.scitation.org/doi/pdf/10.1063/1.1715063,,
"G Lushai, J Hardie, R Harrington","Inhibition of sexual morph production in the bird cherry aphid, Rhopalosiphum padi",1996,Entomologia experimentalis et …,Springer,http://www.springerlink.com/index/r211271pvj44pp73.pdf,,
"JF Lin, L Rotkina, JP Bird, A Sergeev, V Mitin",Transport in Pt nanowires fabricated by focused-ion-beam induced deposition and electron-beam induced deposition,2004,IPAP Conf. Ser,researchgate.net,https://www.researchgate.net/profile/Lolita_Rotkina/publication/253412273_Properties_of_e-beam_deposited_Pt_nano-interconnects/links/58ab122ba6fdcc0e079b978e/Properties-of-e-beam-deposited-Pt-nano-interconnects.pdf,,
J Kosinski,The painted bird,1995,,books.google.com,https://books.google.com/books?hl=en&lr=&id=6fLBknf7c6sC&oi=fnd&pg=PA3&dq=bird+(light+OR+streetlight+OR+headlight+OR+spotlight+OR+lamp+OR+beacon+OR+beam+OR+ceilometer)&ots=_-trWG3aiE&sig=Mj67BEBxmAcNi60HNzWZrbTChyw,,
"B Smit, JG Boyles, RM Brigham…",Torpor in dark times: patterns of heterothermy are associated with the lunar cycle in a nocturnal bird,2011,Journal of Biological …,journals.sagepub.com,https://journals.sagepub.com/doi/abs/10.1177/0748730411402632,,
"I Muhawi, S Kanaana","Speak, bird, speak again: Palestinian Arab folktales",1989,,books.google.com,https://books.google.com/books?hl=en&lr=&id=LdhShP1OZ5wC&oi=fnd&pg=PR9&dq=bird+(light+OR+streetlight+OR+headlight+OR+spotlight+OR+lamp+OR+beacon+OR+beam+OR+ceilometer)&ots=6NSHmeu-yc&sig=63IufanySSwnyjxnkLej_7ucgTk,,
"TC Williams, P Berkeley, V Harris",Autumnal bird migration over Miami studied by radar: a possible test of the wind drift hypothesis,1977,Bird-banding,JSTOR,https://www.jstor.org/stable/4512286,,
"BA Cooper, RH Day, RJ Ritchie, CL Cranor",An improved marine radar system for studies of bird migration (Un sistema mejorado de radar marino para estudiar la migración de aves),1991,Journal of Field Ornithology,JSTOR,https://www.jstor.org/stable/20065804,,
"Q Ji, SA Ji, JC Lü, HL You, W Chen, YQ Liu, YX Liu",First avialian bird from China,2005,地質通報,airitilibrary.com,http://www.airitilibrary.com/Publication/alDetailedMesh?docid=16712552-200503-24-3-197-210-a,,
"B Poulin, G Lefebvre","Estimation of Arthropods Available to Birds: Effect of Trapping Technique, Prey Distribution, and Bird Diet (Estimación de Artrópodos Disponibles Para las Aves …",1997,Journal of Field Ornithology,JSTOR,https://www.jstor.org/stable/4514246,,
"A Airoldi, B Cacchione",Numerical analyses of bird impact on aircraft structures undergoing large deformations and localised failures,2005,International Conference on Impact …,re.public.polimi.it,https://re.public.polimi.it/handle/11311/245646,,
"侯连海, 周忠和, 顾玉才, 张和","Confuciusornis sanctus, a new Late Jurassic sauriurine bird from China",1995,中国科学通报: 英文版,cqvip.com,http://www.cqvip.com/qk/86894x/199518/3001223931.html,,
"AC Bird, RH Grey",Photocoagulation of disciform macular lesions with krypton laser.,1979,British Journal of Ophthalmology,bjo.bmj.com,https://bjo.bmj.com/content/63/10/669.short,,
"…, FW Fitzke, AC Bird",Fundus autofluorescence in age-related macular disease imaged with a laser scanning ophthalmoscope.,1997,… ophthalmology & visual …,iovs.arvojournals.org,https://iovs.arvojournals.org/article.aspx?articleid=2180834,,
RR Bjorge,Bird kill at an oil industry flare stack in Northwest Alberta.,1987,Canadian field-naturalist. Ottawa ON,osti.gov,https://www.osti.gov/etdeweb/biblio/5860276,,
"…, M Gross-Jendroska, SL Owens, AC Bird…",Laser treatment in subjects with high-risk clinical features of age-related macular degeneration: posterior pole appearance and retinal function,1997,Archives of …,jamanetwork.com,https://jamanetwork.com/journals/jamaophthalmology/article-abstract/642112,,
"DM Bird, JR Armitage, R Kashyap, RMA Fatah…",Narrow line semiconductor laser using fibre grating,1991,Electronics Letters,IET,https://digital-library.theiet.org/content/journals/10.1049/el_19910696,,
"…, IH Chisholm, AM Hamilton, AC Bird",Controlled trial of laser photocoagulation of pigment epithelial detachments in the elderly: 4 year review.,1992,British journal of …,bjo.bmj.com,https://bjo.bmj.com/content/76/1/5.short,,
"…, GS Rubin, SA Kabanarou, AC Bird…",Fundus autofluorescence imaging compared with different confocal scanning laser ophthalmoscopes,2003,British journal of …,bjo.bmj.com,https://bjo.bmj.com/content/87/11/1381.short,,
"…, FG Holz, AC Bird, Drusen Laser Study Group",Prophylactic laser treatment hastens choroidal neovascularization in unilateral age-related maculopathy: final results of the drusen laser study,2006,American journal of …,Elsevier,https://www.sciencedirect.com/science/article/pii/S0002939405009025,,
"D Ransom Jr, WE Pinchak",Assessing accuracy of a laser rangefinder in estimating grassland bird density,2003,Wildlife Society Bulletin,JSTOR,https://www.jstor.org/stable/3784325,,
AC Bird,The Macular Disciform Response and Laser Treatment,1976,New Developments in Ophthalmology Nijmegen 16–18 …,Springer,https://link.springer.com/chapter/10.1007/978-94-010-1569-1_23,,
"…, Z Sodnik, M Reyes, A Alonso, A Bird",ESA's bidirectional space-to-ground laser communication experiments,2004,Free-Space Laser …,spiedigitallibrary.org,https://www.spiedigitallibrary.org/conference-proceedings-of-spie/5550/0000/ESAs-bidirectional-space-to-ground-laser-communication-experiments/10.1117/12.560934.short,,
"…, I Mase, B Demelenne, Z Sodnik, A Bird…",Overview of the inter-orbit and the orbit-to-ground laser communication demonstration by OICETS,2007,Free-Space Laser …,spiedigitallibrary.org,https://www.spiedigitallibrary.org/conference-proceedings-of-spie/6457/645702/Overview-of-the-inter-orbit-and-the-orbit-to-ground/10.1117/12.708864.short,,
"N Lois, AS Halfyard, C Bunce, AC Bird…",Reproducibility of fundus autofluorescence measurements obtained using a confocal scanning laser ophthalmoscope,1999,British journal of …,bjo.bmj.com,https://bjo.bmj.com/content/83/3/276.short,,
"J Marshall, AM Hamilton, AC Bird",Histopathology of ruby and argon laser lesions in monkey and human retina. A comparative study.,1975,British Journal of Ophthalmology,bjo.bmj.com,https://bjo.bmj.com/content/59/11/610.short,,
"CM Lane, G Turner, ZJ Gregor, AC Bird",Laser treatment of retinal angiomatosis,1989,Eye,nature.com,https://www.nature.com/articles/eye19895,,
"K Eldegard, JW Dirksen, HO Ørka, R Halvorsen…",Modelling bird richness and bird species presence in a boreal forest reserve using airborne laser-scanning and aerial images,2014,Bird Study,Taylor & Francis,https://www.tandfonline.com/doi/abs/10.1080/00063657.2014.885492,,
"RE Mueller, J Bird, WW Duley",Laser drilling into an absorbing liquid,1992,Journal of applied physics,aip.scitation.org,https://aip.scitation.org/doi/abs/10.1063/1.350404,,
"RS Bird, LL McKee, F Schwirzke, AW Cooper",Pressure dependence of self-generated magnetic fields in laser-produced plasmas,1973,Physical Review A,APS,https://journals.aps.org/pra/abstract/10.1103/PhysRevA.7.1328,,
"ES Hyams, R Munver, VG Bird, J Uberoi…",Flexible ureterorenoscopy and holmium laser lithotripsy for the management of renal stone burdens that measure 2 to 3 cm: a multi-institutional experience,2010,Journal of …,liebertpub.com,https://www.liebertpub.com/doi/abs/10.1089/end.2009.0629,,
"H Hashimoto, J Imanishi, A Hagiwara…",Estimating forest structure indices for evaluation of forest bird habitats by an airborne laser-scanner,2004,… group VIII/2 laser …,Citeseer,http://citeseerx.ist.psu.edu/viewdoc/download?doi=10.1.1.215.2036&rep=rep1&type=pdf,,
"M Sadrai, GR Bird","A new laser dye with potential for high stability and a broad band of lasing action: perylene-3, 4, 9, 10-tetracarboxylic acid-bis-N, N′(2′, 6′ xylidyl) diimide",1984,Optics communications,Elsevier,https://www.sciencedirect.com/science/article/pii/0030401884902852,,
"BD Parker, RW Frederick, TP Reilly, PS Lowry, ET Bird",Efficiency and cost of treating proximal ureteral stones: shock wave lithotripsy versus ureteroscopy plus holmium: yttrium-aluminum-garnet laser,2004,Urology,Elsevier,https://www.sciencedirect.com/science/article/pii/S0090429504010696,,
"M Rioux, T Bird","White laser, synced scan (3D scanner)",1993,IEEE Computer Graphics and Applications,ieeexplore.ieee.org,https://ieeexplore.ieee.org/abstract/document/210485/,,
"LL McKee, RS Bird, F Schwirzke",Self-generated magnetic fields associated with a laser-produced plasma,1974,Physical Review A,APS,https://journals.aps.org/pra/abstract/10.1103/PhysRevA.9.1305,,
"…, JG Martin, HR Roderick, MG Bird",Inhalation toxicity of high flash aromatic naphtha,1989,Toxicology and …,journals.sagepub.com,https://journals.sagepub.com/doi/abs/10.1177/074823378900500303,,
"SL Owens, C Bunce, AJ Brannon, R Wormald, AC Bird",Prophylactic laser treatment appears to promote choroidal neovascularisation in high-risk ARM: results of an interim analysis,2003,Eye,nature.com,https://www.nature.com/articles/6700442,,
"J Marshall, AM Hamilton, AC Bird",Intra-retinal absorption of argon laser irradiation in human and monkey retinae,1974,Cellular and Molecular Life Sciences,Springer,http://www.springerlink.com/index/P2633M36630HT447.pdf,,
JR Obenshain,Bird feeder,2007,"US Patent App. 29/258,612",Google Patents,https://patents.google.com/patent/USD544153S1/en,,
"AR Falk, TG Kaye, Z Zhou, DA Burnham",Laser fluorescence illuminates the soft tissue and life habits of the Early Cretaceous bird Confuciusornis,2016,PloS one,journals.plos.org,https://journals.plos.org/plosone/article?id=10.1371/journal.pone.0167284,,
"SG Hay, CJ Granet, TS Bird, MA Sprey…",Shaped-reflector multibeam antennas,2005,US Patent …,Google Patents,https://patents.google.com/patent/US6977622B2/en,,
"…, R Haimovici, DG Wagner, AC Bird",Recurrent choroidal neovascularization after laser photocoagulation in Sorsby's fundus dystrophy.,1994,"Retina (Philadelphia, Pa …",europepmc.org,https://europepmc.org/abstract/med/7529420,,
"JS Holladay, B Lo…",Bird orientation effects in quantitative airborne electromagnetic interpretation of pack ice thickness sounding,1997,Oceans' 97. MTS/IEEE …,ieeexplore.ieee.org,https://ieeexplore.ieee.org/abstract/document/624148/,,
"AL Sainsbury, PS Bird, LJ Walsh",DIAGNOdent laser fluorescence assessment of endodontic infection,2009,Journal of endodontics,Elsevier,https://www.sciencedirect.com/science/article/pii/S0099239909006153,,
TS Bird,Coaxial feed array for a short focal-length reflector,1997,IEEE Antennas and Propagation Society International …,ieeexplore.ieee.org,https://ieeexplore.ieee.org/abstract/document/631484/,,
"…, T Aune, W Benbow, K Berger, R Bird…",A search for enhanced very high energy gamma-ray emission from the 2013 March Crab Nebula flare,2013,The Astrophysical …,iopscience.iop.org,https://iopscience.iop.org/article/10.1088/2041-8205/781/1/L11/meta,,
"DM Bird, RM Fatah, MK Cox, PD Constantine…",Miniature packaged actively mode-locked semiconductor laser with tunable 20 ps transform limited pulses,1990,Electronics Letters,IET,https://digital-library.theiet.org/content/journals/10.1049/el_19901344,,
"…, M Beilicke, W Benbow, K Berger, R Bird…",The most powerful flaring activity from the NLSy1 PMN J0948+ 0022,2014,Monthly Notices of …,academic.oup.com,https://academic.oup.com/mnras/article-abstract/446/3/2456/2892373,,
"CR Mansfield, PF Bird, JF Davis, TF Wimett…",Direct nuclear pumping of a 3He‐Xe laser,1977,Applied Physics …,aip.scitation.org,https://aip.scitation.org/doi/abs/10.1063/1.89267,,
"…, B Demelenne, Z Sodnik, A Bird…",Observation of atmospheric influence on OICETS inter-orbit laser communication demonstrations,2007,Free-Space Laser …,spiedigitallibrary.org,https://www.spiedigitallibrary.org/conference-proceedings-of-spie/6709/67091B/Observation-of-atmospheric-influence-on-OICETS-inter-orbit-laser-communication/10.1117/12.736789.short,,
"SA Hinsley, RA Hill, PE Bellamy…",The Application of Lidar in Woodland Bird Ecology,2006,… Engineering & Remote …,ingentaconnect.com,https://www.ingentaconnect.com/content/asprs/pers/2006/00000072/00000012/art00007,,
"…, L Robinson, J Marshall, AC Bird","Optical modifications to a scanner laser ophthalmoscope for high magnification, narrow optical section imaging",1991,Lasers and Light in …,discovery.ucl.ac.uk,http://discovery.ucl.ac.uk/id/eprint/766304,,
"Y Nakata, T Okada, M Maeda",Nano-sized hollow bump array generated by single femtosecond laser pulse,2003,Japanese Journal of Applied …,iopscience.iop.org,https://iopscience.iop.org/article/10.1143/JJAP.42.L1452/meta,,
"MJ Pilling, A Henderson, B Bird, MD Brown…",High-throughput quantum cascade laser (QCL) spectral histopathology: a practical approach towards clinical translation,2016,Faraday …,pubs.rsc.org,https://pubs.rsc.org/doi/c5fd00176e,,
"SJ Goetz, D Steinberg, MG Betts, RT Holmes…",Lidar remote sensing variables predict breeding habitat of a Neotropical migrant bird,2010,Ecology,Wiley Online Library,https://esajournals.onlinelibrary.wiley.com/doi/abs/10.1890/09-1670.1,,
"CJ Flaxel, AC Bird, AMP Hamilton, ZJ Gregor",Partial laser ablation of massive peripapillary subretinal neovascularization,1996,Ophthalmology,Elsevier,https://www.sciencedirect.com/science/article/pii/S0161642096305137,,
"A Mërtiri, A Totachawattana, H Liu…",Label free mid-IR photothermal imaging of bird brain with quantum cascade laser,2014,… Optics (CLEO)-Laser …,ieeexplore.ieee.org,https://ieeexplore.ieee.org/abstract/document/6988065/,,
"TS Bird, JL Boomars",Evaluation of focal fields and radiation characteristics of a dual-offset reflector antenna,1980,"IEE Proceedings H (Microwaves, Optics and Antennas)",IET,https://digital-library.theiet.org/content/journals/10.1049/ip-h-1.1980.0046,,
"T Okada, K Haynes, D Bird, R van den Honert…",Recovery and resettlement following the 2011 flash flooding in the Lockyer Valley,2014,International journal of …,Elsevier,https://www.sciencedirect.com/science/article/pii/S2212420914000028,,
"RH Guymer, GS Hageman, AC Bird",Influence of laser photocoagulation on choroidal capillary cytoarchitecture,2001,British journal of ophthalmology,bjo.bmj.com,https://bjo.bmj.com/content/85/1/40.short,,
"M Maltamo, P Packalén, X Yu, K Eerikäinen…",Identifying and quantifying structural characteristics of heterogeneous boreal forests using laser scanner data,2005,Forest ecology and …,Elsevier,https://www.sciencedirect.com/science/article/pii/S037811270500352X,,
"…, SL Owens, CJ Flaxel, RH Guymer, AC Bird",Prophylactic laser treatment to fellow eyes of unilateral retinal pigment epithelial tears,1998,American journal of …,Elsevier,https://www.sciencedirect.com/science/article/pii/S0002939498000610,,
"G Clemens, B Bird, M Weida, J Rowlette…",Quantum cascade laser-based mid-infrared spectrochemical imaging of tissue and biofluids,2014,Spectroscopy …,strathprints.strath.ac.uk,https://strathprints.strath.ac.uk/id/eprint/54521,,
"MO Idrees, B Pradhan",Hybrid Taguchi-Objective Function optimization approach for automatic cave bird detection from terrestrial laser scanning intensity image,2016,International Journal of …,scholarcommons.usf.edu,https://scholarcommons.usf.edu/ijs/vol45/iss3/9/,,
"…, K Arai, K Shiratama, Z Sodnik, A Bird…",Demonstrations of ARTEMIS-OICETS inter-satellite laser communications,2006,24th AIAA International …,arc.aiaa.org,https://arc.aiaa.org/doi/pdf/10.2514/6.2006-5461,,
"PD Khot, BA Bird, RJ Durrant…",Identification of Nocardia species by matrix-assisted laser desorption ionization–time of flight mass spectrometry,2015,Journal of clinical …,Am Soc Microbiol,https://jcm.asm.org/content/53/10/3366.short,,
"RJ Horley, DG Parker, DM Bird…",System measurements using a miniature packaged narrow linewidth fiber grating laser,1992,Optical Fiber …,osapublishing.org,https://www.osapublishing.org/viewmedia.cfm?uri=OFC-1992-WM1&seq=0,,
"RR Baker, GA Parker",The evolution of bird coloration,1979,… of the Royal Society of London. B …,royalsocietypublishing.org,https://royalsocietypublishing.org/doi/abs/10.1098/rstb.1979.0053,,
"P Hallmo, O Naess",Laryngeal papillomatosis with human papillomavirus DNA contracted by a laser surgeon,1991,European archives of oto-rhino-laryngology,Springer,https://link.springer.com/article/10.1007/BF01463570,,
RC Dunbar,"BIRD (blackbody infrared radiative dissociation): evolution, principles, and applications",2004,Mass spectrometry reviews,Wiley Online Library,https://onlinelibrary.wiley.com/doi/abs/10.1002/mas.10074,,
"…, GS Walker, H Kobus, P Pigou, C Bird…",The analysis of dyes in ball point pen inks on single paper fibres using laser desorption ionisation time of flight mass spectrometry (LDI-TOFMS),2011,Forensic science …,Elsevier,https://www.sciencedirect.com/science/article/pii/S0379073811001630,,
"WL Bird Jr, MD Driga, DJT Mayhall…",Pulsed power supplies for laser flashlamps,1978,Final Report Texas …,adsabs.harvard.edu,http://adsabs.harvard.edu/abs/1978tamu.reptR....B,,
"…, A Archer, M Beilicke, W Benbow, R Bird…",VERITAS detection of γ-ray flaring activity from the BL Lac object 1ES 1727+ 502 during bright moonlight observations,2015,The Astrophysical …,iopscience.iop.org,https://iopscience.iop.org/article/10.1088/0004-637X/808/2/110/meta,,
"G James, TS Bird, SG Hay, FR Cooray…",A hybrid method of analysing reflector and feed antennas for satellite applications,2000,… ON ANTENNAS AND …,ap-s.ei.tuat.ac.jp,http://ap-s.ei.tuat.ac.jp/isapx/2000/pdf/1A3-5.pdf,,
"SF Dinetz, EJ Bird, RL Wagner…",A comparative study of the gaseous products generated by thermal and ultra-violet laser pyrolyses of the polyimide PMDA-ODA,2002,Journal of analytical and …,Elsevier,https://www.sciencedirect.com/science/article/pii/S0165237001001577,,
"…, N Rockett, A Bass, AJ Forsythe, MI Bird…",Continuous monitoring of stream δ18O and δ2H and stormflow hydrograph separation using laser spectrometry in an agricultural catchment,2016,Hydrological …,Wiley Online Library,https://onlinelibrary.wiley.com/doi/abs/10.1002/hyp.10689,,
D Bird,Design and manufacture of a low-profile radar retro-reflector,2005,,apps.dtic.mil,https://apps.dtic.mil/docs/citations/ADA456839,,
"AN de Jong, H Winkel…",Encountering bird alarms in full-stare IRSTs,2000,Infrared Technology and …,spiedigitallibrary.org,https://www.spiedigitallibrary.org/conference-proceedings-of-spie/4130/0000/Encountering-bird-alarms-in-full-stare-IRSTs/10.1117/12.409914.short,,
"J Müller, J Stadler, R Brandl",Composition versus physiognomy of vegetation as predictors of bird assemblages: The role of lidar,2010,Remote Sensing of Environment,Elsevier,https://www.sciencedirect.com/science/article/pii/S0034425709003150,,
"B Levy, JG Sivak",Mechanisms of accommodation in the bird eye,1980,Journal of comparative physiology,Springer,https://link.springer.com/article/10.1007/BF00657122,,
"DG Bateman, SG Hay, TS Bird, AS Mohan",Method of moments analysis of offset-reflector antennas,1995,Electronics Letters,ieeexplore.ieee.org,https://ieeexplore.ieee.org/abstract/document/490638/,,
"…, M Jay, G Arden, S Bhattacharya, F Fitzke, A Bird",Mutations in the human retinal degeneration slow (RDS) gene can cause either retinitis pigmentosa or macular dystrophy,1993,Nature …,nature.com,https://www.nature.com/articles/ng0393-213,,
AW Blazier,Bird feeder,1958,"US Patent 2,866,435",Google Patents,https://patents.google.com/patent/US2866435A/en,,
"MW Seeliger, SC Beck, N Pereyra-Muñoz, S Dangel…",In vivo confocal imaging of the retina in animal models using scanning laser ophthalmoscopy,2005,Vision research,Elsevier,https://www.sciencedirect.com/science/article/pii/S0042698905004293,,
LJ Walsh,The current status of laser applications in dentistry,2003,Australian dental journal,Wiley Online Library,https://onlinelibrary.wiley.com/doi/abs/10.1111/j.1834-7819.2003.tb00025.x,,
"JD Edman, DJ Taylor",Culex nigripalpus: seasonal shift in the bird-mammal feeding ratio in a mosquito vector of human encephalitis,1968,Science,science.sciencemag.org,https://science.sciencemag.org/content/161/3836/67.short,,
"…, CA Dauw, KR Wagner, PS Lowry, ET Bird…",Comparison of perioperative outcomes between holmium laser enucleation of the prostate and robot-assisted simple prostatectomy,2017,Journal of …,liebertpub.com,https://www.liebertpub.com/doi/abs/10.1089/end.2017.0095,,
AC Bird,Laser photocoagulation of senile macular degeneration.,1983,British medical journal (Clinical research ed.),ncbi.nlm.nih.gov,https://www.ncbi.nlm.nih.gov/pmc/articles/PMC1547580/,,
RF Thompson,Flash of the spirit: African & Afro-American art & philosophy,2010,,books.google.com,https://books.google.com/books?hl=en&lr=&id=DzOIY4iHSjAC&oi=fnd&pg=PR13&dq=bird+(laser+OR+strobe+OR+flash+OR+flare+OR+flaring+OR+reflector)&ots=3HeID6jp3C&sig=tqpCZONeKx9DOcNKqpKSzmA1Nxk,,
"…, FW Fitzke, AC Bird",Distribution of fundus autofluorescence with a scanning laser ophthalmoscope,1995,British Journal …,London: British Medical Association,,,
"JJ Sokol, FL Sokol",Bird unit,1978,"US Patent 4,131,083",Google Patents,https://patents.google.com/patent/US4131083A/en,,
"…, S Basa, G Bassompierre, K Benslama, I Bird…",The NOMAD experiment at the CERN SPS,1998,Nuclear Instruments and …,Elsevier,https://www.sciencedirect.com/science/article/pii/S0168900297010796,,
"P Biber, H Andreasson, T Duckett…",3D modeling of indoor environments by a mobile robot with a laser scanner and panoramic camera,2004,2004 IEEE/RSJ …,ieeexplore.ieee.org,https://ieeexplore.ieee.org/abstract/document/1389947/,,
"H Salehi, S Ziaei-Rad…",Bird impact effects on different types of aircraft bubble windows using numerical and experimental methods,2010,International journal of …,Taylor & Francis,https://www.tandfonline.com/doi/abs/10.1080/13588260903047689,,
"B Friedrich, D Herschbach",Alignment and trapping of molecules in intense laser fields,1995,Physical Review Letters,APS,https://journals.aps.org/prl/abstract/10.1103/PhysRevLett.74.4623,,
"TS Bird, MA Sprey",Scan limitations of shaped dual-offset reflector antennas for multiple satellite access,1990,Electronics Letters,ieeexplore.ieee.org,https://ieeexplore.ieee.org/abstract/document/82576/,,
S Bird,Flash mobs and zombie shuffles: Play in the augmented city,2014,Mediated youth cultures,Springer,https://link.springer.com/content/pdf/10.1057/9781137287021_14.pdf,,
"…, R Coco, J Hopkins, FW Fitzke, AC Bird",Fundus autofluorescence in patients with age-related macular degeneration and high risk of visual loss,2002,American journal of …,Elsevier,https://www.sciencedirect.com/science/article/pii/S0002939401014040,,
"…, A Archer, W Benbow, R Bird…",A luminous and isolated gamma-ray flare from the blazar B2 1215+ 30,2017,The Astrophysical …,iopscience.iop.org,https://iopscience.iop.org/article/10.3847/1538-4357/836/2/205/pdf,,
"OM Aboumarzouk, M Monga, SG Kata…",Flexible ureteroscopy and laser lithotripsy for stones> 2 cm: a systematic review and meta-analysis,2012,Journal of …,liebertpub.com,https://www.liebertpub.com/doi/abs/10.1089/end.2012.0217,,
"T Takano, Y Narita, A Horiuchi…",Room-temperature deep-ultraviolet lasing at 241.5 nm of AlGaN multiple-quantum-well laser,2004,Applied physics …,aip.scitation.org,https://aip.scitation.org/doi/abs/10.1063/1.1737061,,
"S Schmitz-Valckenberg, FG Holz, AC Bird, RF Spaide",Fundus autofluorescence imaging: review and perspectives,2008,Retina,journals.lww.com,https://journals.lww.com/retinajournal/Fulltext/2008/03000/FUNDUS_AUTOFLUORESCENCE_IMAGING__Review_and.2.aspx,,
D Amadon,An estimated weight of the largest known bird,1947,The Condor,JSTOR,https://www.jstor.org/stable/1364110,,
B Sage,Bird flare,1979,Birds,,,,
R Brown,Pyrolytic methods in organic chemistry: application of flow and flash vacuum pyrolytic techniques,2012,,books.google.com,https://books.google.com/books?hl=en&lr=&id=K2Vi0vAvqnMC&oi=fnd&pg=PP1&dq=bird+(laser+OR+strobe+OR+flash+OR+flare+OR+flaring+OR+reflector)&ots=l2ChZdsSV0&sig=tg3wB4zpNMu_PUxKybT3r5rCQaA,,
"L Ficker, G Vafidis, A While, P Leaver",Long-term follow-up of a prospective trial of argon laser photocoagulation in the treatment of central serous retinopathy.,1988,British Journal of …,bjo.bmj.com,https://bjo.bmj.com/content/72/11/829.short,,
"RI Carey, VG Bird",Endoscopic management of 10 separate fibroepithelial polyps arising in a single ureter,2006,Urology,Elsevier,https://www.sciencedirect.com/science/article/pii/S0090429505011751,,
JA Stamper,Review on spontaneous magnetic fields in laser-produced plasmas: Phenomena and measurements,1991,Laser and Particle Beams,cambridge.org,https://www.cambridge.org/core/journals/laser-and-particle-beams/article/review-on-spontaneous-magnetic-fields-in-laserproduced-plasmas-phenomena-and-measurements/583C4A636F1333C32516468F14CC967B,,
"JC Alonso, JA Alonso, R Muñoz-Pulido",Mitigation of bird collisions with transmission lines through groundwire marking,1994,Biological Conservation,Elsevier,https://www.sciencedirect.com/science/article/pii/0006320794903581,,
"C Framme, R Brinkmann, R Birngruber…",Autofluorescence imaging after selective RPE laser treatment in macular diseases and clinical outcome: a pilot study,2002,British journal of …,bjo.bmj.com,https://bjo.bmj.com/content/86/10/1099.short,,
T Lundquist,Bird feeder,1990,"US Patent 4,892,060",Google Patents,https://patents.google.com/patent/US4892060A/en,,
"T Silbert, PS Bird, GJ Milburn…",Disinfection of root canals by laser dye photosensitization,2000,Journal of Dental …,espace.library.uq.edu.au,https://espace.library.uq.edu.au/view/UQ:147053,,
SL Graham,Squirrel proof shaped bird feeder with dung shield,1993,"US Patent 5,207,180",Google Patents,https://patents.google.com/patent/US5207180A/en,,
JM Lee,Bird repeller,2013,"US Patent App. 13/636,619",Google Patents,https://patents.google.com/patent/US20130014692A1/en,,
"NJ Rosser, DN Petley, M Lim…",Terrestrial laser scanning for monitoring the process of hard rock coastal cliff erosion,2005,Quarterly Journal …,pubs.geoscienceworld.org,https://pubs.geoscienceworld.org/gsa/qjegh/article/38/4/363/100856,,
"BS Chen, CH Chao",Method of making self-aligned flash memory cell to prevent source line from trench by field oxide bird beak punch-through,2000,"US Patent 6,136,651",Google Patents,https://patents.google.com/patent/US6136651A/en,,
"R Tougeron, D Casenave",Device for controlling bird strike hazards,2001,"US Patent 6,289,815",Google Patents,https://patents.google.com/patent/US6289815B1/en,,
"M Meyer, JC Mialocq",Ground state and singlet excited state of laser dye DCM: Dipole moments and solvent induced spectral shifts,1987,Optics communications,Elsevier,https://www.sciencedirect.com/science/article/pii/0030401887903907,,
JW Teetzel,Modular laser apparatus,1996,"US Patent 5,584,137",Google Patents,https://patents.google.com/patent/US5584137A/en,,
"GR Hampton, D Kohen, AC Bird",Visual prognosis of disciform degeneration in myopia,1983,Ophthalmology,Elsevier,https://www.sciencedirect.com/science/article/pii/S0161642083800189,,
GH Piesinger,Wind turbine bird strike prevention system method and apparatus,2014,"US Patent 8,742,977",Google Patents,https://patents.google.com/patent/US8742977B1/en,,
"RH Grey, AC Bird, IH Chisholm",Senile disciform macular degeneration: features indicating suitability for photocoagulation.,1979,British Journal of Ophthalmology,bjo.bmj.com,https://bjo.bmj.com/content/63/2/85.short,,
"M Banyas, PL Artigues",Rodent repelling bird feeder,2000,"US Patent 6,119,627",Google Patents,https://patents.google.com/patent/US6119627A/en,,
"MT Lee, PS Bird, LJ Walsh",Photo‐activated disinfection of the root canal: a new role for lasers in endodontics,2004,Australian Endodontic Journal,Wiley Online Library,https://onlinelibrary.wiley.com/doi/abs/10.1111/j.1747-4477.2004.tb00417.x,,
R Dvořák,Aerodynamics of bird flight,2016,EPJ Web of Conferences,epj-conferences.org,https://www.epj-conferences.org/articles/epjconf/abs/2016/09/epjconf_efm2016_01001/epjconf_efm2016_01001.html,,
"A Hoskin, AC Bird, K Sehmi",Tears of detached retinal pigment epithelium.,1981,British Journal of Ophthalmology,bjo.bmj.com,https://bjo.bmj.com/content/65/6/417.short,,
"SG Hay, TS Bird",Applications of Phased Array Feeders in Reflector Antennas,2014,Handbook of Antenna Technologies,Springer,https://link.springer.com/content/pdf/10.1007/978-981-4560-75-7_97-1.pdf,,
"E Eastwood, GC Rider",Some radar measurements of the altitude of bird flight,1965,British Birds,britishbirds.co.uk,https://britishbirds.co.uk/wp-content/uploads/article_files/V58/V58_N10/V58_N10_P393_426_A079.pdf,,
"…, JD Westbrook, GR Bird","Lasing action in a family of perylene derivatives: singlet absorption and emission spectra, triplet absorption and oxygen quenching constants, and molecular …",1992,The Journal of …,ACS Publications,https://pubs.acs.org/doi/abs/10.1021/j100199a032,,
"R Ashinoff, VJ Levine, NA Soter",Allergic reactions to tattoo pigment after laser treatment,1995,Dermatologic surgery,Wiley Online Library,https://onlinelibrary.wiley.com/doi/abs/10.1111/j.1524-4725.1995.tb00175.x,,
MJ Weber,Handbook of laser wavelengths,1998,,content.taylorfrancis.com,https://content.taylorfrancis.com/books/download?dac=C2006-0-15668-8&isbn=9781420050158&format=googlePreviewPdf,,
"RE Harris, RA Davis",Evaluation of the efficacy of products and techniques for airport bird control,1998,LGL Limited for Aerodrome Safety Branch …,airportwildlife.com,http://www.airportwildlife.com/pdf/research/Efficanccy%20of%20products%20and%20meathods%20for%20BASH.pdf,,
"CS Chen, JD Bird",Alignment technique for the Mach-Zehnder interferometer using a laser,1971,Journal of Physics E: Scientific Instruments,iopscience.iop.org,https://iopscience.iop.org/article/10.1088/0022-3735/4/3/002/meta,,
"JC Bird, R Dhiman, HM Kwon, KK Varanasi",Reducing the contact time of a bouncing drop,2013,Nature,nature.com,https://www.nature.com/articles/nature12740,,
M Eells,The Thunder Bird,1889,American Anthropologist,JSTOR,https://www.jstor.org/stable/658617,,
BW Loren,Bird house,1963,"US Patent 3,078,826",Google Patents,https://patents.google.com/patent/US3078826A/en,,
"S Roebert, T Schmits, A Visser",Creating a bird-eye view map using an omnidirectional camera,2008,Proceedings of the 20th …,researchgate.net,https://www.researchgate.net/profile/Arnoud_Visser/publication/224773001_Creating_a_Bird-Eye_View_Map_using_an_Omnidirectional_Camera/links/004635177b0ce9d6df000000.pdf,,
"WD Brewer, RK Bird, TA Wallace",Titanium alloys and processing for high speed aircraft,1998,Materials Science and Engineering: A,Elsevier,https://www.sciencedirect.com/science/article/pii/S0921509397008186,,
NH Fletcher,Bird song—a quantitative acoustic model,1988,Journal of Theoretical Biology,Elsevier,https://www.sciencedirect.com/science/article/pii/S0022519388802704,,
"A Swatantran, R Dubayah, S Goetz, M Hofton…",Mapping migratory bird prevalence using remote sensing data fusion,2012,PloS one,journals.plos.org,https://journals.plos.org/plosone/article?id=10.1371/journal.pone.0028922,,
JD German,Eye safe laser security device,1997,"US Patent 5,685,636",Google Patents,https://patents.google.com/patent/US5685636A/en,,
AC Bird,Bruch's membrane change with age.,1992,The British journal of ophthalmology,ncbi.nlm.nih.gov,https://www.ncbi.nlm.nih.gov/pmc/articles/PMC504197/,,
J Ion,"Laser processing of engineering materials: principles, procedure and industrial application",2005,,books.google.com,https://books.google.com/books?hl=en&lr=&id=eV7o7F2MYUUC&oi=fnd&pg=PP1&dq=bird+(laser+OR+strobe+OR+flash+OR+flare+OR+flaring+OR+reflector)&ots=UyMEdB7tKc&sig=Bid__N1AQX9QudzxjeXAWS09hvA,,
A Bird,Age-related macular disease.,1996,The British journal of ophthalmology,ncbi.nlm.nih.gov,https://www.ncbi.nlm.nih.gov/pmc/articles/PMC505372/,,
"D Luther, L Baptista",Urban noise and the cultural evolution of bird songs,2009,… of the Royal Society B: Biological …,royalsocietypublishing.org,https://royalsocietypublishing.org/doi/abs/10.1098/rspb.2009.1571,,
"SG Hay, DG Bateman, TS Bird…",Simple Ka-band Earth coverage antennas for LEO satellites,1999,IEEE Antennas and …,ieeexplore.ieee.org,https://ieeexplore.ieee.org/abstract/document/789236/,,
"P Vidaud, D He, DR Hall",High efficiency RF excited CO2 laser,1985,Optics communications,Elsevier,https://www.sciencedirect.com/science/article/pii/0030401885901142,,
LA Melton,Soot diagnostics based on laser heating,1984,Applied optics,osapublishing.org,https://www.osapublishing.org/abstract.cfm?uri=ao-23-13-2201,,
"B Ballentine, J Hyman, S Nowicki",Vocal performance influences female response to male bird song: an experimental test,2004,Behavioral Ecology,academic.oup.com,https://academic.oup.com/beheco/article-abstract/15/1/163/331063,,
"HC Siebert, SY Lu, R Wechselberger, K Born…",A lectin from the Chinese bird-hunting spider binds sialic acids,2009,Carbohydrate …,Elsevier,https://www.sciencedirect.com/science/article/pii/S0008621509002572,,
RS Bird,The Pressure Dependence of Spontaneous Magnetic Fields in Laser Produced Plasmas.,1973,,apps.dtic.mil,https://apps.dtic.mil/docs/citations/AD0767683,,
"SJ Whang, KH Lee, DG Shin, BY Kim…",Novel 3-dimensional dual control-gate with surrounding floating-gate (DC-SF) NAND flash cell for 1Tb file storage application,2010,2010 International …,ieeexplore.ieee.org,https://ieeexplore.ieee.org/abstract/document/5703447/,,
"EL Kerr, JG Atwood",The laser illuminated absorptivity spectrophone: a method for measurement of weak absorptivity in gases at laser wavelengths,1968,Applied optics,osapublishing.org,https://www.osapublishing.org/abstract.cfm?uri=ao-7-5-915,,
"K Kawamura, T Ogawa, N Sarukura, M Hirano…",Fabrication of surface relief gratings on transparent dielectric materials by two-beam holographic method using infrared femtosecond laser pulses,2000,Applied Physics B,Springer,https://link.springer.com/article/10.1007/s003400000335,,
"RR Rudder, DR Bach",Rayleigh scattering of ruby-laser light by neutral gases,1968,JOSA,osapublishing.org,https://www.osapublishing.org/abstract.cfm?uri=josa-58-9-1260,,
"PC Issa, MC Gillies, EY Chew, AC Bird…",Macular telangiectasia type 2,2013,Progress in retinal and …,Elsevier,https://www.sciencedirect.com/science/article/pii/S1350946212000766,,
"C Tattoni, F Rizzolli, P Pedrini",Can LiDAR data improve bird habitat suitability models?,2012,Ecological Modelling,Elsevier,https://www.sciencedirect.com/science/article/pii/S0304380012001366,,
"ET Gerry, DA Leonard",MEASUREMENT OF 10.6‐μ CO2 LASER TRANSITION PROBABILITY AND OPTICAL BROADENING CROSS SECTIONS,1966,Applied Physics Letters,aip.scitation.org,https://aip.scitation.org/doi/pdf/10.1063/1.1754568,,
"JS Gold, WA Bassett, MS Weathers, JM Bird",Melting of diamond,1984,Science,science.sciencemag.org,https://science.sciencemag.org/content/225/4665/921.short,,
JE Webb,Toy or decoy bird or animal,1958,"US Patent 2,835,064",Google Patents,https://patents.google.com/patent/US2835064A/en,,
"…, FW Fitzke, J Fan, A Halfyard, AC Bird",Abnormalities of fundus autofluorescence in central serous retinopathy,2002,American journal of …,Elsevier,https://www.sciencedirect.com/science/article/pii/S0002939402014289,,
"H Swerdlow, JZ Zhang, DY Chen, HR Harke…",Three DNA sequencing methods using capillary gel electrophoresis and laser-induced fluorescence,1991,Analytical …,ACS Publications,https://pubs.acs.org/doi/abs/10.1021/ac00024a006,,
"FG Holz, D Pauleikhoff, R Klein, AC Bird",Pathogenesis of lesions in late age-related macular disease,2004,American journal of …,Elsevier,https://www.sciencedirect.com/science/article/pii/S0002939403014351,,
"DM Karl, DF Bird, K Björkman, T Houlihan…","Microorganisms in the accreted ice of Lake Vostok, Antarctica",1999,…,science.sciencemag.org,https://science.sciencemag.org/content/286/5447/2144.short,,
P Brodkorb,A giant flightless bird from the Pleistocene of Florida,1963,The Auk,JSTOR,https://www.jstor.org/stable/4082556,,
"TC Gamblin, ME King, H Dawson, MP Vitek, J Kuret…",In vitro polymerization of tau protein monitored by laser light scattering: method and application to the study of FTDP-17 mutants,2000,Biochemistry,ACS Publications,https://pubs.acs.org/doi/abs/10.1021/bi000201f,,
"…, FW Fitzke, AS Halfyard, R Chan, AC Bird…",Retinal pigment epithelium translocation after choroidal neovascular membrane removal in age-related macular degeneration,2002,Ophthalmology,Elsevier,https://www.sciencedirect.com/science/article/pii/S0161642002010990,,
"FG El‐Anany, HM Hammouda, HA Maghraby…",Retrograde ureteropyeloscopic holmium laser lithotripsy for large renal calculi,2001,BJU …,Wiley Online Library,https://onlinelibrary.wiley.com/doi/abs/10.1046/j.1464-4096.2001.01248.x,,
"AK Othman, KM Lee, H Zen…",Wireless sensor networks for swift bird farms monitoring,2009,… Conference on Ultra …,ieeexplore.ieee.org,https://ieeexplore.ieee.org/abstract/document/5345571/,,
"DK Bird, L Yan, KM Vrotsos, KW Eliceiri, EM Vaughan…",Metabolic mapping of MCF10A human breast cells via multiphoton fluorescence lifetime imaging of the coenzyme NADH,2005,Cancer research,AACR,http://cancerres.aacrjournals.org/content/65/19/8766.short,,
"WW Duley, M Olfert, P Bridger, J Bird, RE Mueller",Basic physical phenomena during laser processing of materials,1992,… international conference on laser …,,,,
"…, C Bellmann, SS Dandekar, AC Bird…",Photopic and scotopic fine matrix mapping of retinal areas of increased fundus autofluorescence in patients with age-related maculopathy,2004,… & visual science,iovs.arvojournals.org,https://iovs.arvojournals.org/article.aspx?articleid=2163075,,
"F Holz, AC Bird, S Schmitz-Valckenberg, R Spaide",Atlas of fundus autofluorscence imaging,2007,,Springer,https://link.springer.com/content/pdf/10.1007/978-3-540-71994-6.pdf,,
"A Wang, AK George, JC Knight",Three-level neodymium fiber laser incorporating photonic bandgap fiber,2006,Optics letters,osapublishing.org,https://www.osapublishing.org/abstract.cfm?uri=ol-31-10-1388,,
"…, Z Saihan, SA Jenkins, FW Fitzke, AC Bird…",Functional characterisation and serial imaging of abnormal fundus autofluorescence in patients with retinitis pigmentosa and normal visual acuity,2006,British Journal of …,bjo.bmj.com,https://bjo.bmj.com/content/90/4/472.short,,
DN McDonald,Bird protector for exhaust stack,1994,"US Patent 5,291,707",Google Patents,https://patents.google.com/patent/US5291707A/en,,
"AJ Berge, MJ Delwiche, WP Gorenzel…",Sonic broadcast unit for bird control in vineyards,2007,Applied Engineering in …,elibrary.asabe.org,https://elibrary.asabe.org/abstract.asp?aid=24049,,
"…, K Glasson, F Cummings, TS Bird…",The BMRC/NCAR C-band polarimetric (C-Pol) radar system,1998,… of Atmospheric and …,journals.ametsoc.org,https://journals.ametsoc.org/doi/abs/10.1175/1520-0426(1998)015%3C0871:TBNCBP%3E2.0.CO%3B2,,
"W Jiayou, W Lijun, G Siji",Experimental study of bird-wings phase conjugator using Cu: KNSBN,1996,Acta Optica Sinica,en.cnki.com.cn,http://en.cnki.com.cn/Article_en/CJFDTotal-GXXB199604018.htm,,
"PF Bordui, RG Norwood, CD Bird, GD Calvert",Compositional uniformity in growth and poling of large-diameter lithium niobate crystals,1991,Journal of crystal growth,Elsevier,https://www.sciencedirect.com/science/article/pii/002202489190009T,,
"JW Head, H Hiesinger, MA Ivanov…",Possible ancient oceans on Mars: evidence from Mars Orbiter Laser Altimeter data,1999,…,science.sciencemag.org,https://science.sciencemag.org/content/286/5447/2134.short,,
"PE Stanga, AC Bird","Optical coherence tomography (OCT): principles of operation, technology, indications in vitreoretinal imaging and interpretation of results",2001,Laser Scanning: Update 1,Springer,https://link.springer.com/chapter/10.1007/978-94-010-0322-3_2,,
"R Stradi, G Celentano, E Rossi, G Rovati…",Carotenoids in bird plumage—I. The carotenoid pattern in a series of Palearctic Carduelinae,1995,… and Physiology Part B …,Elsevier,https://www.sciencedirect.com/science/article/pii/030504919400136I,,
"RA Hill, SA Hinsley, PE Bellamy",Integrating multiple datasets for the remote quantification of woodland bird habitat quality,2004,"Thies, M., et al",Citeseer,http://citeseerx.ist.psu.edu/viewdoc/download?doi=10.1.1.222.2914&rep=rep1&type=pdf,,
"S van Asselen, AC Seijmonsbergen",Expert-driven semi-automated geomorphological mapping for a mountainous area using a laser DTM,2006,Geomorphology,Elsevier,https://www.sciencedirect.com/science/article/pii/S0169555X06000626,,
"TE Itina, W Marine, M Autric",Monte Carlo simulation of pulsed laser ablation from two-component target into diluted ambient gas,1997,Journal of applied physics,aip.scitation.org,https://aip.scitation.org/doi/abs/10.1063/1.365672,,
"DK Bird, KW Eliceiri, CH Fan, JG White",Simultaneous two-photon spectral and lifetime fluorescence microscopy,2004,Applied optics,osapublishing.org,https://www.osapublishing.org/abstract.cfm?uri=AO-43-27-5173,,
"N Lois, AS Halfyard, AC Bird, FW Fitzke",Quantitative evaluation of fundus autofluorescence imaged “in vivo” in eyes with retinal disease,2000,British Journal of …,bjo.bmj.com,https://bjo.bmj.com/content/84/7/741.short,,
"PW Cathell, JM Davis III, JD Davis, FW Johnson…",Squirrel repellent bird feeder,2002,US Patent …,Google Patents,https://patents.google.com/patent/US6418878B1/en,,
"A Celis‐Murillo, JL Deppe…","Using soundscape recordings to estimate bird species abundance, richness, and composition",2009,Journal of Field …,Wiley Online Library,https://onlinelibrary.wiley.com/doi/abs/10.1111/j.1557-9263.2009.00206.x,,
"E Simms, GF Wade",Recent Advances in the Recording of Bird-Songs,1953,British Birds,britishbirds.co.uk,https://britishbirds.co.uk/wp-content/uploads/article_files/V46/V46_N06/V46_N06_P200_209_A040.pdf,,
"…, EJMM Arets, NJ Berry, M Bird…",Height-diameter allometry of tropical forest trees,2011,…,research-repository.st-andrews.ac …,https://research-repository.st-andrews.ac.uk/handle/10023/4717,,
N Chaffer,Additional observations of the Golden Bower-bird,1958,Emu-Austral Ornithology,Taylor & Francis,https://www.tandfonline.com/doi/pdf/10.1071/MU958133,,
"…, G Maurici, CM Lynne, RJ Leveillee, VG Bird",Frequency of ureteroscope damage seen at a tertiary care center,2006,The Journal of …,auajournals.org,https://www.auajournals.org/doi/abs/10.1016/j.juro.2006.03.059,,
"…, J van Bavel, CS Skalky, AF Ghannam, SR Bird…",Effects of montelukast and beclomethasone on airway function and asthma control,2002,Journal of allergy and …,Elsevier,https://www.sciencedirect.com/science/article/pii/S0091674902014653,,
"S Barnea, S Filin",Keypoint based autonomous registration of terrestrial laser point-clouds,2008,ISPRS Journal of Photogrammetry and Remote …,Elsevier,https://www.sciencedirect.com/science/article/pii/S0924271607000469,,
"A Bird, SA Anderson, M Wojcik…",Small SWAP 3D imaging flash ladar for small tactical unmanned air systems,2015,… (ISR) Systems and …,spiedigitallibrary.org,https://www.spiedigitallibrary.org/conference-proceedings-of-spie/9460/946008/Small-SWAP-3D-imaging-flash-ladar-for-small-tactical-unmanned/10.1117/12.2177222.short,,
J Thorpe,"Fatalities and destroyed civil aircraft due to bird strikes, 1912-2002",2003,"International Bird Strike Committee, 26th Meeting …",worldbirdstrike.com,http://worldbirdstrike.com/IBSC/Warsaw/IBSC26%20WPSA1.pdf,,
"AE Uliss, ZJ Gregor, AC Bird",Retinitis pigmentosa and retinal neovascularization,1986,Ophthalmology,Elsevier,https://www.sciencedirect.com/science/article/pii/S0161642086335395,,
"AU Abeysekara, W Benbow, R Bird…",Multiwavelength observations of the blazar BL Lacertae: a new fast TeV gamma-ray flare,2018,The Astrophysical …,iopscience.iop.org,https://iopscience.iop.org/article/10.3847/1538-4357/aab35c/meta,,
LL Jackson,Bird decoy with motor drive wings,1990,"US Patent 4,896,448",Google Patents,https://patents.google.com/patent/US4896448A/en,,
"FA Carey, D Lamb, CC Bird",Intratumoral heterogeneity of DNA content in lung cancer,1990,Cancer,Wiley Online Library,https://onlinelibrary.wiley.com/doi/abs/10.1002/1097-0142(19900515)65:10%3C2266::AID-CNCR2820651018%3E3.0.CO;2-R,,
"T Sasaki, J Imanishi, W Fukui, Y Morimoto",Fine-scale characterization of bird habitat using airborne LiDAR in an urban park in Japan,2016,Urban forestry & urban greening,Elsevier,https://www.sciencedirect.com/science/article/pii/S1618866715300145,,
"JM Fraterrigo, JA Wiens",Bird communities of the Colorado Rocky Mountains along a gradient of exurban development,2005,Landscape and Urban Planning,Elsevier,https://www.sciencedirect.com/science/article/pii/S0169204604000805,,
B Morningstar,Bird deterring device,2001,"US Patent 6,176,047",Google Patents,https://patents.google.com/patent/US6176047B1/en,,
"JA Bowbyes, AM Hamilton, AC Bird…",The argon laser-the effect on retinal tissues and its clinical applications.,1973,Transactions of the …,ncbi.nlm.nih.gov,https://www.ncbi.nlm.nih.gov/pubmed/4210603,,
"AG Robson, M Michaelides, Z Saihan, AC Bird…",Functional characteristics of patients with retinal dystrophy that manifest abnormal parafoveal annuli of high density fundus autofluorescence; a review and …,2008,Documenta …,Springer,https://link.springer.com/article/10.1007/s10633-007-9087-4,,
"W Bouten, EW Baaij, J Shamoun-Baranes…",A flexible GPS tracking system for studying bird behaviour at multiple scales,2013,Journal of …,Springer,https://link.springer.com/article/10.1007/s10336-012-0908-1,,
AC Bird,Towards an understanding of age-related macular disease,2003,Eye,nature.com,https://www.nature.com/articles/6700562,,
"TE Itina, J Hermann, P Delaporte, M Sentis",Laser-generated plasma plume expansion: Combined continuous-microscopic modeling,2002,Physical Review E,APS,https://journals.aps.org/pre/abstract/10.1103/PhysRevE.66.066406,,
"…, K Arai, M Toyoshima, H Kunimori, Z Sodnik, A Bird…",Optical inter-orbit communications engineering test satellite (OICETS),2007,Acta Astronautica,Elsevier,https://www.sciencedirect.com/science/article/pii/S0094576507000343,,
"N Djeu, WT Whitney",Laser cooling by spontaneous anti-Stokes scattering,1981,Physical Review Letters,APS,https://journals.aps.org/prl/abstract/10.1103/PhysRevLett.46.236,,
"WP Erickson, GD Johnson, P David Jr",A summary and comparison of bird mortality from anthropogenic causes with an emphasis on collisions,2005,"… , Terrell D., editors 2005. Bird …",fs.usda.gov,https://www.fs.usda.gov/treesearch/pubs/all/32103,,
"RE MacLaren, AC Bird, PJ Sathia, GW Aylward",Long-term results of submacular surgery combined with macular translocation of the retinal pigment epithelium in neovascular age-related macular degeneration,2005,Ophthalmology,Elsevier,https://www.sciencedirect.com/science/article/pii/S0161642005009048,,
"A von Rückmann, FW Fitzke, AC Bird",Distribution of pigment epithelium autofluorescence in retinal disease state recorded in vivo and its change over time,1999,Graefe's archive for clinical and …,Springer,https://link.springer.com/article/10.1007/s004170050186,,
"P Leaver, C Williams",Argon laser photocoagulation in the treatment of central serous retinopathy.,1979,British Journal of Ophthalmology,bjo.bmj.com,https://bjo.bmj.com/content/63/10/674.short,,
"T Abu-Zayyad, M Al-Seady, K Belov, DJ Bird…",The prototype high-resolution Fly's Eye cosmic ray detector,2000,Nuclear Instruments and …,Elsevier,https://www.sciencedirect.com/science/article/pii/S0168900200003077,,
"E Sarradj, C Fritzsche, T Geyer",Silent owl flight: bird flyover noise measurements,2011,AIAA journal,arc.aiaa.org,https://arc.aiaa.org/doi/pdf/10.2514/1.J050703,,
"NHV Chong, AC Bird",Alternative therapies in exudative age related macular degeneration,1998,British journal of ophthalmology,bjo.bmj.com,https://bjo.bmj.com/content/82/12/1441.short,,
"J Liu, Y Li, X Gao, X Yu",A numerical model for bird strike on sidewall structure of an aircraft nose,2014,Chinese Journal of Aeronautics,Elsevier,https://www.sciencedirect.com/science/article/pii/S1000936114000892,,
"CE Borroni‐Bird, DA King",An ultrahigh vacuum single crystal adsorption microcalorimeter,1991,Review of scientific instruments,aip.scitation.org,https://aip.scitation.org/doi/abs/10.1063/1.1142525,,
"N Lois, AS Halfyard, AC Bird, GE Holder…",Fundus autofluorescence in Stargardt macular dystrophy–fundus flavimaculatus,2004,American journal of …,Elsevier,https://www.sciencedirect.com/science/article/pii/S0002939404002399,,
MA Mainster,"Wavelength selection in macular photocoagulation: tissue optics, thermal effects, and laser systems",1986,Ophthalmology,Elsevier,https://www.sciencedirect.com/science/article/pii/S0161642086336376,,
RD Baker,Device simulating a running bird,1992,"US Patent 5,085,075",Google Patents,https://patents.google.com/patent/US5085075A/en,,
M Shiraishi,Toy bird,1977,"US Patent App. 05/686,632",Google Patents,https://patents.google.com/patent/USD245531S/en,,
"…, B Dhillon, IJ Deary, E Redmond, AC Bird…",Complement C3 variant and the risk of age-related macular degeneration,2007,… England Journal of …,Mass Medical Soc,https://www.nejm.org/doi/full/10.1056/nejmoa072618,,
"…, JP LIEVREMONT, GSJ BIRD…",Cloning and expression of the human transient receptor potential 4 (TRP4) gene: localization and functional expression of human TRP4 and TRP3,2000,Biochemical …,biochemj.org,http://www.biochemj.org/content/351/3/735.abstract,,
"YH Chang, SC Ting, CC Liu, JT Yang, CY Soong",An unconventional mechanism of lift production during the downstroke in a hovering bird (Zosterops japonicus),2011,Experiments in Fluids,Springer,https://link.springer.com/article/10.1007/s00348-011-1145-8,,
"A Bindewald, AC Bird, SS Dandekar…",Classification of fundus autofluorescence patterns in early age-related macular disease,2005,… & visual science,arvojournals.org,https://arvojournals.org/article.aspx?articleid=2123943,,
"Z Chen, A Bogaerts",Laser ablation of Cu and plume expansion into ambient gas,2005,Journal of applied physics,aip.scitation.org,https://aip.scitation.org/doi/abs/10.1063/1.1863419,,
"…, M Al-Seady, K Belov, DJ Bird…",Atmospheric monitoring at the high resolution fly's eye: monitoring data via the HiRes laser/lidar system,1997,International Cosmic …,adsabs.harvard.edu,http://adsabs.harvard.edu/full/1997ICRC....5..365A,,
"…, EL Chuang, N Lois, GR Serjeant, AC Bird",Incidence and natural history of proliferative sickle cell retinopathy: observations from a cohort study,2005,Ophthalmology,Elsevier,https://www.sciencedirect.com/science/article/pii/S0161642005008894,,
DH Rohrke,Wind driven bird attractor,2011,"US Patent 7,874,093",Google Patents,https://patents.google.com/patent/US7874093B2/en,,
"A DeBono, TH Yeats, JKC Rose, D Bird, R Jetter…",Arabidopsis LTPG is a glycosylphosphatidylinositol-anchored lipid transfer protein required for export of lipids to the plant surface,2009,The Plant …,Am Soc Plant Biol,http://www.plantcell.org/content/21/4/1230.short,,
"TS Bird, GL James",Design and practice of reflector antennas and feed systems in the 1990s,1999,,publications.csiro.au,https://publications.csiro.au/rpr/pub?list=BRO&pid=procite:4816405c-1a61-4c13-b7d8-a3feb534b135,,
"CPW Warren, RM Cherniack…",Extrinsic allergic alveolitis from bird exposure: Studies on the immediate hypersensitivity reaction,1977,Clinical & Experimental …,Wiley Online Library,https://onlinelibrary.wiley.com/doi/abs/10.1111/j.1365-2222.1977.tb01458.x,,
"…, MC Pickering, C Sethi, A Bird…",Complement factor H deficiency in aged mice causes retinal abnormalities and visual dysfunction,2007,Proceedings of the …,National Acad Sciences,https://www.pnas.org/content/104/42/16651.short,,
"…, C Granet, AR Forsyth, TS Bird…",Multibeam Earth station antenna for an European teleport application,2001,IEEE Antennas and …,ieeexplore.ieee.org,https://ieeexplore.ieee.org/abstract/document/959723/,,
B Puckett,Feed port for bird feeder,2010,"US Patent App. 29/342,939",Google Patents,https://patents.google.com/patent/USD622910S1/en,,
RE Bird,Terrestrial solar spectral modeling,1982,Solar Cells,Elsevier,https://www.sciencedirect.com/science/article/pii/0379678782900953,,
"…, KJ Greene, GL James, P Sykes, TS Bird…","The designing, manufacturing, and testing of a dual-band feed system for the Parkes radio telescope",2005,IEEE Antennas and …,ieeexplore.ieee.org,https://ieeexplore.ieee.org/abstract/document/1532537/,,
"T Endoh, K Kinoshita, T Tanigami…",Novel ultrahigh-density flash memory with a stacked-surrounding gate transistor (S-SGT) structured cell,2003,… on Electron Devices,ieeexplore.ieee.org,https://ieeexplore.ieee.org/abstract/document/1206876/,,
"Y Nakata, N Miyanaga, T Okada",Effect of pulse width and fluence of femtosecond laser on the size of nanobump array,2007,Applied surface science,Elsevier,https://www.sciencedirect.com/science/article/pii/S0169433207001481,,
"BA Bausela, MC Garcia-Ara, MM Esteban…",Peculiarities of egg allergy in children with bird protein sensitization,1997,Annals of Allergy …,Elsevier,https://www.sciencedirect.com/science/article/pii/S1081120610633893,,
L Bird,Evaluating laser shearography for nondestructive testing at the Kennedy Space Center,1995,Industrial Optical Sensors for Metrology and …,spiedigitallibrary.org,https://www.spiedigitallibrary.org/conference-proceedings-of-spie/2349/0000/Evaluating-laser-shearography-for-nondestructive-testing-at-the-Kennedy-Space/10.1117/12.198672.short,,
"S Yamada, T Suzuki, E Obi, M Oshikiri…",A self-convergence erasing scheme for a simple stacked gate Flash EEPROM,1991,International …,ieeexplore.ieee.org,https://ieeexplore.ieee.org/abstract/document/235442/,,
"…, GM Clover, GB Arden, RM Carter, AC Bird…","A clinical, psychophysical, and electroretinographic survey of patients with autosomal dominant retinitis pigmentosa.",1985,British Journal of …,bjo.bmj.com,https://bjo.bmj.com/content/69/5/326.short,,
"W Göbel, A Nimmerjahn, F Helmchen",Distortion-free delivery of nanojoule femtosecond pulses from a Ti: sapphire laser through a hollow-core photonic crystal fiber,2004,Optics letters,osapublishing.org,https://www.osapublishing.org/abstract.cfm?uri=ol-29-11-1285,,
"T Sattler, D Borcard, R Arlettaz, F Bontadina…","Spider, bee, and bird communities in cities are shaped by environmental control and high stochasticity",2010,Ecology,Wiley Online Library,https://esajournals.onlinelibrary.wiley.com/doi/abs/10.1890/09-1810.1,,
"JA Bittl, TJ Ryan, JF Keaney, JE Tcheng…",Coronary artery perforation during excimer laser coronary angioplasty,1993,Journal of the …,onlinejacc.org,http://www.onlinejacc.org/content/21/5/1158.abstract,,
"…, G Jeffery, SA Jenkins, V Mester, AC Bird…",Mutations in the gene KCNV2 encoding a voltage-gated potassium channel subunit cause “cone dystrophy with supernormal rod electroretinogram” in …,2006,The American Journal of …,Elsevier,https://www.sciencedirect.com/science/article/pii/S000292970762758X,,
"…, PE Stanga, JR Vingerling, AC Reck, AC Bird",Polypoidal choroidal vasculopathy in exudative and haemorrhagic pigment epithelial detachments,2000,British journal of …,bjo.bmj.com,https://bjo.bmj.com/content/84/5/479.short,,
"…, GE Holder, FW Fitzke, C Plant, AC Bird",Intrafamilial variation of phenotype in Stargardt macular dystrophy–fundus flavimaculatus,1999,… ophthalmology & visual …,arvojournals.org,https://arvojournals.org/article.aspx?articleid=2199758,,
"MV Lencinas, GM Pastur, E Gallo, JM Cellini",Alternative silvicultural practices with variable retention improve bird conservation in managed South Patagonian forests,2009,Forest Ecology and …,Elsevier,https://www.sciencedirect.com/science/article/pii/S0378112709000243,,
"US Patent 626,827",Bird-call,1899,Google Patents,,https://patents.google.com/patent/US626827A/en,,
"…, GE Holder, AR Webster, DM Hunt, AC Bird…",A detailed phenotypic study of “cone dystrophy with supernormal rod ERG”,2005,British Journal of …,bjo.bmj.com,https://bjo.bmj.com/content/89/3/332.short,,
"GM Burgess, GS Bird, JF Obie, JW Putney",The mechanism for synergism between phospholipase C-and adenylylcyclase-linked hormones in liver. Cyclic AMP-dependent kinase augments inositol …,1991,Journal of Biological Chemistry,ASBMB,http://www.jbc.org/content/266/8/4772.short,,
"…, D Garway-Heath, P Rosen, AC Bird…",Outcome of cataract surgery in patients with retinitis pigmentosa,2001,British journal of …,bjo.bmj.com,https://bjo.bmj.com/content/85/8/936.short,,
"AR Webster, ER Maher, AC Bird, ZJ Gregor, AT Moore",A clinical and molecular genetic analysis of solitary ocular angioma,1999,Ophthalmology,Elsevier,https://www.sciencedirect.com/science/article/pii/S0161642099901276,,
TS Bird,Reflector Antennas,2014,Handbook of Antenna Technologies,Springer,https://link.springer.com/content/pdf/10.1007/978-981-4560-75-7_30-1.pdf,,
"V Sguera, A Bazzano, AJ Bird, AJ Dean…",Unveiling supergiant fast X-ray transient sources with INTEGRAL,2006,The Astrophysical …,iopscience.iop.org,https://iopscience.iop.org/article/10.1086/504827,,
"PD Fraser, EMA Enfissi, M Goodfellow…",Metabolite profiling of plant carotenoids using the matrix‐assisted laser desorption ionization time‐of‐flight mass spectrometry,2007,The Plant …,Wiley Online Library,https://jlb.onlinelibrary.wiley.com/doi/pdf/10.1111/j.1365-313X.2006.02949.x,,
"R Boyce, WB Warrington","Observations on the Anatomy, Physiology, and Degenerations of the Nervous System of the Bird.",1898,Proceedings of the Royal Society of London,JSTOR,https://www.jstor.org/stable/116183,,
"…, S Vujosevic, SS Dandekar, C Bunce, T Peto, AC Bird",Autofluorescence imaging in age-related macular degeneration complicated by choroidal neovascularization: a prospective study,2008,Ophthalmology,Elsevier,https://www.sciencedirect.com/science/article/pii/S0161642007004447,,
"RJ Campbell, JR Armitage, G Sherlock…",Wavelength stable uncooled fibre grating semiconductor laser for use in an all optical WDM access network,1996,Electronics …,ieeexplore.ieee.org,https://ieeexplore.ieee.org/abstract/document/490873/,,
"D Bird, M Ling, K Haynes",Flooding Facebook-the use of social media during the Queensland and Victorian floods,2012,Australian Journal of …,search.informit.com.au,https://search.informit.com.au/documentSummary;dn=046814266005608;res=IELAPA,,
"S Matsuhisa, RB Bird",Analytical and numerical solutions for laminar flow of the non‐Newtonian ellis fluid,1965,AIChE Journal,Wiley Online Library,https://aiche.onlinelibrary.wiley.com/doi/abs/10.1002/aic.690110407,,
RF Thompson,The sign of the divine king: An essay on Yoruba bead-embroidered crowns with veil and bird decorations,1970,African Arts,JSTOR,https://www.jstor.org/stable/3334489,,
"V Allen, KT Bates, Z Li, JR Hutchinson",Linking the evolution of body shape and locomotor biomechanics in bird-line archosaurs,2013,Nature,nature.com,https://www.nature.com/articles/nature12059,,
"C Mertz, LE Navarro‐Serment…",Moving object detection with laser scanners,2013,Journal of Field …,Wiley Online Library,https://onlinelibrary.wiley.com/doi/abs/10.1002/rob.21430,,
"WD Breshears, PF Bird",Effect of oxygen atoms on the vibrational relaxation of nitrogen,1968,The journal of chemical physics,aip.scitation.org,https://aip.scitation.org/doi/abs/10.1063/1.1668060,,
"D Bird, M Gu",Resolution improvement in two-photon fluorescence microscopy with a single-mode fiber,2002,Applied optics,osapublishing.org,https://www.osapublishing.org/abstract.cfm?uri=ao-41-10-1852,,
"S Shetty, DK Griffin, JAM Graves",Comparative painting reveals strong chromosome homology over 80 million years of bird evolution,1999,Chromosome Research,Springer,https://link.springer.com/article/10.1023/A:1009278914829,,
"…, EL Ong, GS Rubin, T Peto, A Tufail, CA Egan, AC Bird…",Structural and functional changes over time in MacTel patients,2009,Retina,journals.lww.com,https://journals.lww.com/retinajournal/Fulltext/2009/10000/Retinal_Functional_Changes_Measured_By.16.aspx,,
"TS Bird, N Rypkema, KW Smart",Antenna impedance matching for maximum power transfer in wireless sensor networks,2009,"SENSORS, 2009 IEEE",ieeexplore.ieee.org,https://ieeexplore.ieee.org/abstract/document/5398165/,,
"AH Chisholm, N Chaffer",Observations on the Golden Bower-bird,1956,Emu-Austral Ornithology,Taylor & Francis,https://www.tandfonline.com/doi/pdf/10.1071/MU956001,,
"J Sparbert, K Dietmayer…",Lane detection and street type classification using laser range images,2001,ITSC 2001. 2001 IEEE …,ieeexplore.ieee.org,https://ieeexplore.ieee.org/abstract/document/948700/,,
"WD Breshears, PF Bird",Densitometric measurement of the vibrational relaxation of HCl and DCl in shock waves,1969,The Journal of Chemical Physics,aip.scitation.org,https://aip.scitation.org/doi/abs/10.1063/1.1670798,,
"…, W Zhao, H Albrecht, A Ball, R Benetta, F Bird…",Performance of the ALEPH detector at LEP,1995,Nuclear Instruments and …,Elsevier,https://www.sciencedirect.com/science/article/pii/0168900295001387,,
"D Wolverson, DM Bird, C Bradford, KA Prior…",Lattice dynamics and elastic properties of zinc-blende MgS,2001,Physical Review B,APS,https://journals.aps.org/prb/abstract/10.1103/PhysRevB.64.113203,,
"J Vrbancich, R Smith",Limitations of two approximate methods for determining the AEM bird position in a conductive environment,2005,Exploration Geophysics,CSIRO,http://www.publish.csiro.au/EG/EG05365,,
S Nowicki,Vocal tract resonances in oscine bird sound production: evidence from birdsongs in a helium atmosphere,1987,Nature,nature.com,https://www.nature.com/articles/325053a0,,
"J Kim, AJ Hong, SM Kim, EB Song…",Novel Vertical-Stacked-Array-Transistor (VSAT) for ultra-high-density and cost-effective NAND Flash memory devices and SSD (Solid State Drive),2009,2009 Symposium on …,ieeexplore.ieee.org,https://ieeexplore.ieee.org/abstract/document/5200592/,,
"J Bishop, H McKay, D Parrott…",Review of international research literature regarding the effectiveness of auditory bird scaring techniques and potential alternatives,2003,Produced by Central …,researchgate.net,https://www.researchgate.net/profile/Dave_Parrott/publication/242454383_Review_of_international_research_literature_regarding_the_effectiveness_of_auditory_bird_scaring_techniques_and_potential_alternatives/links/55ba176608aed621de0aae17/Review-of-international-research-literature-regarding-the-effectiveness-of-auditory-bird-scaring-techniques-and-potential-alternatives.pdf,,
"AG Robson, C Egan, GE Holder, AC Bird…",Comparing rod and cone function with fundus autofluorescence images in retinitis pigmentosa,2003,Retinal …,Springer,https://link.springer.com/chapter/10.1007/978-1-4615-0067-4_6,,
"L Schmiedeberg, P Skene, A Deaton, A Bird",A temporal threshold for formaldehyde crosslinking and fixation,2009,PLoS One,journals.plos.org,https://journals.plos.org/plosone/article?id=10.1371/journal.pone.0004636,,
"MG Wooding, GH Griffiths, R Evans, P Bird…",Temporal monitoring of soil moisture using ERS-1 SAR data,1993,EUROPEAN SPACE …,lib.icimod.org,http://lib.icimod.org/record/22761/files/c_attachment_193_3765.pdf,,
HA Friess,Bird feeder and house,2009,"US Patent App. 29/312,764",Google Patents,https://patents.google.com/patent/USD601760S1/en,,
"…, L Bassani, R Landi, A Bazzano, AJ Bird…",INTEGRAL and Swift/XRT observations of the SFXT IGR J16479–4514: from quiescence to fast flaring activity,2008,Astronomy & …,aanda.org,https://www.aanda.org/articles/aa/abs/2008/32/aa9195-07/aa9195-07.html,,
"AM Hamilton, EM Kohner, D Rosen, AC Bird…",Experimental retinal branch vein occlusion in rhesus monkeys. I. Clinical appearances.,1979,British Journal of …,bjo.bmj.com,https://bjo.bmj.com/content/63/6/377.short,,
"…, GB Arden, SS Bhattacharya, AC Bird",Autosomal dominant pattern dystrophy of the retina associated with a 4-base pair insertion at codon 140 in the peripherin/RDS gene,1995,Archives of …,jamanetwork.com,https://jamanetwork.com/journals/jamaophthalmology/article-abstract/641098,,
"TR Simons, SA Shriner, GL Farnsworth",Comparison of breeding bird and vegetation communities in primary and secondary forests of Great Smoky Mountains National Park,2006,Biological Conservation,Elsevier,https://www.sciencedirect.com/science/article/pii/S000632070500474X,,
"…, F Fitzke, F Holz, RF Spaide, A Bird",How to obtain the optimal fundus autofluorescence image with the confocal scanning laser ophthalmoscope,2007,Atlas of Fundus …,books.google.com,https://books.google.com/books?hl=en&lr=&id=_3ya0Ig3FCIC&oi=fnd&pg=PA37&dq=bird+(laser+OR+strobe+OR+flash+OR+flare+OR+flaring+OR+reflector)&ots=pZPBJigtmp&sig=0ZWS9N6TjoWPtzspXg3y6fvueF0,,
"MJ Kim, MJ Kim, JC Bird, J Park, TR Powers…",Particle image velocimetry experiments on a macro-scale model for bacterial flagellar bundling,2004,Experiments in …,Springer,https://link.springer.com/article/10.1007/s00348-004-0848-5,,
"DB Hayman, TS Bird, KP Esselle…",Encircled power study of focal plane field for estimating focal plane array size,2005,2005 IEEE Antennas and …,ieeexplore.ieee.org,https://ieeexplore.ieee.org/abstract/document/1552261/,,
"…, FG Holz, FW Fitzke, VP Gabel, AC Bird",Treatment of pigment epithelial detachments due to age‐related macular degeneration with intra‐ocular C3F8 injection*,1998,Australian and New …,Wiley Online Library,https://onlinelibrary.wiley.com/doi/abs/10.1111/j.1442-9071.1998.tb01335.x,,
"B Bird, MJ Baker",Quantum cascade lasers in biomedical infrared imaging,2015,Trends in biotechnology,cell.com,https://www.cell.com/trends/biotechnology/fulltext/S0167-7799(15)00155-9,,
"F Hillenkamp, M Karas, RC Beavis…",Matrix-assisted laser desorption/ionization mass spectrometry of biopolymers,1991,Analytical chemistry,ACS Publications,https://pubs.acs.org/doi/abs/10.1021/ac00024a002,,
"DV Fitterman, C Yin",Effect of bird maneuver on frequency-domain helicopter EM response,2004,Geophysics,pubs.geoscienceworld.org,https://pubs.geoscienceworld.org/geophysics/article-abstract/69/5/1203/293420,,
AA Darbutas,Bird house,1999,"US Patent App. 29/078,750",Google Patents,https://patents.google.com/patent/USD406922S/en,,
HAN Guo-ping,High Voltage Transmission Line Bird Disasty Character and Preventive Measure [J],2005,Shanxi Electric Power,en.cnki.com.cn,http://en.cnki.com.cn/Article_en/CJFDTotal-ELEC200504026.htm,,
"RP Walt, CM Kemp, L Lyness, AC Bird…",Vitamin A treatment for night blindness in primary biliary cirrhosis.,1984,Br Med J (Clin Res Ed),bmj.com,https://www.bmj.com/content/288/6423/1030.short,,
R Okimoto,Bird decoy movement system,1999,"US Patent 5,926,990",Google Patents,https://patents.google.com/patent/US5926990A/en,,
"MC Skala, KM Riching, DK Bird…",In vivo multiphoton fluorescence lifetime imaging of protein-bound and free nicotinamide adenine dinucleotide in normal and precancerous epithelia,2007,… of biomedical optics,spiedigitallibrary.org,https://www.spiedigitallibrary.org/journals/Journal-of-Biomedical-Optics/volume-12/issue-2/024014/In-vivo-multiphoton-fluorescence-lifetime-imaging-of-protein-bound-and/10.1117/1.2717503.short,,
"MM Mandallaz, AL de Weck…",Bird-egg syndrome,1988,International Archives of …,karger.com,https://www.karger.com/Article/Abstract/234664,,
"K Bernardo, N Pakulat, M Macht, O Krut, H Seifert…",Identification and discrimination of Staphylococcus aureus strains using matrix‐assisted laser desorption/ionization‐time of flight mass spectrometry,2002,…,Wiley Online Library,https://onlinelibrary.wiley.com/doi/abs/10.1002/1615-9861(200206)2:6%3C747::AID-PROT747%3E3.0.CO;2-V,,
"GA Londoño, DA García…",Morphological and behavioral evidence of Batesian mimicry in nestlings of a lowland Amazonian bird,2014,The American …,journals.uchicago.edu,https://www.journals.uchicago.edu/doi/abs/10.1086/679106,,
"B Gick, S Bird, I Wilson",Techniques for field application of lingual ultrasound imaging,2005,Clinical Linguistics & Phonetics,Taylor & Francis,https://www.tandfonline.com/doi/abs/10.1080/02699200500113590,,
"M Ichikawa, R Hibino, M Inoue, T Haritani…",Laser oscillation in monolithic molecular single crystals,2005,Advanced …,Wiley Online Library,https://onlinelibrary.wiley.com/doi/abs/10.1002/adma.200500734,,
"M Miljković, T Chernenko, MJ Romeo, B Bird…",Label-free imaging of human cells: algorithms for image reconstruction of Raman hyperspectral datasets,2010,Analyst,pubs.rsc.org,https://pubs.rsc.org/en/content/articlehtml/2010/an/c0an00042f,,
"DS Wang, VG Bird, VY Leonard, SJ Plumb…",Use of bipolar energy for transurethral resection of bladder tumors: pathologic considerations,2004,Journal of …,liebertpub.com,https://www.liebertpub.com/doi/abs/10.1089/end.2004.18.578,,
"M Zampini, KS Bird, DE Bentley, A Watson, G Barrett…",'Prior entry'for pain: Attention speeds the perceptual processing of painful stimuli,2007,Neuroscience …,Elsevier,https://www.sciencedirect.com/science/article/pii/S0304394006013115,,
"…, GE Holder, DM Hunt, FW Fitzke, AC Bird…",A detailed study of the phenotype of an autosomal dominant cone-rod dystrophy (CORD7) associated with mutation in the gene for RIM1,2005,British journal of …,bjo.bmj.com,https://bjo.bmj.com/content/89/2/198.short,,
"KD Lafferty, AK Morris",Altered behavior of parasitized killifish increases susceptibility to predation by bird final hosts,1996,Ecology,Wiley Online Library,https://esajournals.onlinelibrary.wiley.com/doi/abs/10.2307/2265536,,
"AG Robson, A Tufail, F Fitzke, AC Bird, AT Moore…",Serial imaging and structure-function correlates of high-density rings of fundus autofluorescence in retinitis pigmentosa,2011,Retina,journals.lww.com,https://journals.lww.com/retinajournal/fulltext/2011/09000/SERIAL_IMAGING_AND_STRUCTURE_FUNCTION_CORRELATES.28.aspx,,
AC Bird,Recent advances in the treatment of senile disciform macular degeneration by photocoagulation.,1974,The British journal of ophthalmology,ncbi.nlm.nih.gov,https://www.ncbi.nlm.nih.gov/pmc/articles/pmc1214781/,,
"JM Shields, VG Bird, R Graves…",Impact of preoperative ureteral stenting on outcome of ureteroscopic treatment for urinary lithiasis,2009,The Journal of …,auajournals.org,https://www.auajournals.org/doi/abs/10.1016/j.juro.2009.08.043,,
"US Patent 199,115",Improvement in bird-cages,1878,Google Patents,,https://patents.google.com/patent/US199115A/en,,
"Y Cai, YJ Guo, TS Bird",A frequency reconfigurable printed Yagi-Uda dipole antenna for cognitive radio applications,2012,IEEE Transactions on Antennas and …,ieeexplore.ieee.org,https://ieeexplore.ieee.org/abstract/document/6192292/,,
"…, PAC Tiffin, K Evans, RE Kelsell, DM Hunt, AC Bird",Clinical Features of Progressive Bifocal Chonoretinal Atrophy: A Retinal Dystrophy Linked to Chromosome 6q,1996,Ophthalmology,Elsevier,https://www.sciencedirect.com/science/article/pii/S0161642096305903,,
"DK Robertson, GW Reich",Design and perching experiments of bird-like remote controlled planes,2013,54th AIAA/ASME/ASCE/AHS/ASC …,arc.aiaa.org,https://arc.aiaa.org/doi/pdf/10.2514/6.2013-1788,,
"F Liu, KJ Daun, DR Snelling, GJ Smallwood",Heat conduction from a spherical nano-particle: status of modeling heat conduction in laser-induced incandescence,2006,Applied physics B,Springer,https://link.springer.com/article/10.1007/s00340-006-2194-1,,
"EL Chuang, AC Bird",Bilaterality of tears of the retinal pigment epithelium.,1988,British journal of ophthalmology,bjo.bmj.com,https://bjo.bmj.com/content/72/12/918.short,,
"…, D Pauleikhoff, GE Holder, AC Bird…",Comparison of fundus autofluorescence and minimum-motion measurements of macular pigment distribution profiles derived from identical retinal areas,2005,…,journals.sagepub.com,https://journals.sagepub.com/doi/abs/10.1068/p5196,,
"…, AR Tumlinson, M Esmaeelpour, CA Egan, AC Bird…","Impact of enhanced resolution, speed and penetration on three-dimensional retinal optical coherence tomography",2009,Opt. Express,academia.edu,http://www.academia.edu/download/35947827/oe-17-5-4134.pdf,,
"M Gu, D Bird",Fibre-optic double-pass confocal microscopy,1998,Optics & Laser Technology,Elsevier,https://www.sciencedirect.com/science/article/pii/S0030399298000140,,
"…, A Lommatzsch, E Van Kuijk, F Fitzke, AC Bird…",Macular pigment: quantitative analysis on autofluorescence images,2003,Graefe's archive for …,Springer,https://link.springer.com/article/10.1007/s00417-003-0796-4,,
"…, RF Coelho, KJ Palmer, O Schatloff, VG Bird…",Robot-assisted laparoscopic dismembered pyeloplasty for ureteropelvic junction obstruction: a multi-institutional experience,2012,Urology,Elsevier,https://www.sciencedirect.com/science/article/pii/S0090429511025131,,
J Burger,Bird control at airports,1983,Environmental Conservation,cambridge.org,https://www.cambridge.org/core/journals/environmental-conservation/article/bird-control-at-airports/DE98414F120F9226DC3F7DCBD3C165B9,,
"…, Z Sodnik, V Cessa, A Bird…",Ground-to-space optical communication characterization,2005,Free-Space Laser …,spiedigitallibrary.org,https://www.spiedigitallibrary.org/conference-proceedings-of-spie/5892/589202/Ground-to-space-optical-communication-characterization/10.1117/12.619205.short,,
JR Soltan,Bird feeder,1955,"US Patent 2,709,986",Google Patents,https://patents.google.com/patent/US2709986A/en,,
"…, GE Holder, SS Bhattacharya, AC Bird…",The phenotype of Leber congenital amaurosis in patients with AIPL1 mutations,2004,Archives of …,jamanetwork.com,https://jamanetwork.com/journals/jamaophthalmology/article-abstract/416460,,
"C Ho, KL Albright, AW Bird, J Bradley…",Demonstration of literal three-dimensional imaging,1999,Applied …,osapublishing.org,https://www.osapublishing.org/abstract.cfm?uri=ao-38-9-1833,,
CM Bartholomew,Toy bird.,1901,"US Patent 682,519",Google Patents,https://patents.google.com/patent/US682519A/en,,
"O Filip, L Forst, P Machek, M Mares, O Zajicek",BIRD internet routing daemon,2010,"NANOG-48, Austin, TX",newnog.net,http://newnog.net/meetings/nanog48/presentations/Monday/Filip_BIRD_final_N48.pdf,,
CJ Dasch,Continuous-wave probe laser investigation of laser vaporization of small soot particles in a flame,1984,Applied optics,osapublishing.org,https://www.osapublishing.org/abstract.cfm?uri=ao-23-13-2209,,
"…, NH Waseem, Z Saihan, GE Holder, AC Bird…",Clinical characterisation of a family with retinal dystrophy caused by mutation in the Mertk gene,2006,British journal of …,bjo.bmj.com,https://bjo.bmj.com/content/90/6/718.short,,
"…, KP Esselle, BC Sanders, TS Bird",High‐gain 1D EBG resonator antenna,2005,Microwave and Optical …,Wiley Online Library,https://onlinelibrary.wiley.com/doi/abs/10.1002/mop.21095,,
"J Liu, Y Li, X Gao, P Liu, L Kong",Dynamic response of bird strike on aluminium foam-based sandwich panels,2015,International journal of …,Taylor & Francis,https://www.tandfonline.com/doi/abs/10.1080/13588265.2014.1002228,,
"BS Nelson, PK Stoddard",Accuracy of auditory distance and azimuth perception by a passerine bird in natural habitat,1998,Animal Behaviour,Elsevier,https://www.sciencedirect.com/science/article/pii/S0003347298907813,,
MR Williams,Remote controlled mock bird launcher,2001,"US Patent 6,318,350",Google Patents,https://patents.google.com/patent/US6318350B1/en,,
"…, ERH Walker, D Waterson, TGC Bird…",Methoxytetrahydropyrans. A new series of selective and orally potent 5-lipoxygenase inhibitors,1992,Journal of medicinal …,ACS Publications,https://pubs.acs.org/doi/abs/10.1021/jm00092a010,,
"…, MJ Warren, SS Bhattacharya, AC Bird",Autosomal dominant cone and cone-rod dystrophy with mutations in the guanylate cyclase activator 1A gene-encoding guanylate cyclase activating protein-1,2001,Archives of …,jamanetwork.com,https://jamanetwork.com/journals/jamaophthalmology/article-abstract/265075,,
D Bäuerle,Laser processing and chemistry,2013,,books.google.com,https://books.google.com/books?hl=en&lr=&id=x8ryCAAAQBAJ&oi=fnd&pg=PA3&dq=bird+(laser+OR+strobe+OR+flash+OR+flare+OR+flaring+OR+reflector)&ots=YniMB-wOom&sig=2rHGKywd_L9K1TFgsQWXukJkycY,,
"…, G Mackenzie, IH Chisholm, AC Bird…",Visual outcomes in the subfoveal radiotherapy study: a randomized controlled trial of teletherapy for age-related macular degeneration,2002,Archives of …,jamanetwork.com,https://jamanetwork.com/journals/jamaophthalmology/article-abstract/271558,,
G Toldi,Wild bird feeder,1993,"US Patent 5,269,242",Google Patents,https://patents.google.com/patent/US5269242A/en,,
"…, CA Egan, VA Luong, AC Bird…",Comparison of fundus autofluorescence with photopic and scotopic fine-matrix mapping in patients with retinitis pigmentosa and normal visual acuity,2004,… & visual science,iovs.arvojournals.org,https://iovs.arvojournals.org/article.aspx?articleid=2124106,,
"…, VA Luong, GE Holder, AC Bird…",Functional correlates of fundus autofluorescence abnormalities in patients with RPGR or RIMS1 mutations causing cone or cone–rod dystrophy,2008,British Journal of …,bjo.bmj.com,https://bjo.bmj.com/content/92/1/95.short,,
"AD Ellis, JD Cox, D Bird, J Regnault, JV Wright…",5 Gbit/s soliton propagation over 350 km with large periodic dispersion coefficient perturbations using erbium doped fibre amplifier repeaters,1991,Electronics Letters,IET,https://digital-library.theiet.org/content/journals/10.1049/el_19910550,,
"B Friedrich, D Herschbach",Manipulating molecules via combined static and laser fields,1999,The Journal of Physical Chemistry A,ACS Publications,https://pubs.acs.org/doi/abs/10.1021/jp992131w,,
"…, T Morrissey, GE Holder, FW Fitzke, AC Bird…",Macular pigment density and distribution: comparison of fundus autofluorescence with minimum motion photometry,2003,Vision research,Elsevier,https://www.sciencedirect.com/science/article/pii/S0042698903002803,,
"J Hou, D Bird, A George, S Maier, BT Kuhlmey…",Metallic mode confinement in microstructured fibres,2008,Optics …,osapublishing.org,https://www.osapublishing.org/abstract.cfm?uri=oe-16-9-5983,,
"S Mathai, DK Bird, SS Stylli, TA Smith…",Two-photon absorption cross-sections and time-resolved fluorescence imaging using porphyrin photosensitisers,2007,Photochemical & …,pubs.rsc.org,https://pubs.rsc.org/en/content/articlehtml/2007/pp/b705101h,,
TS Bird,Propagation and radiation characteristics of rib waveguide,1977,Electronics Letters,ieeexplore.ieee.org,https://ieeexplore.ieee.org/abstract/document/4249446/,,
"…, K Baird, A Bean, R Ben-David, T Bienz, F Bird…",Performance of the CRID at SLD,1994,Nuclear Instruments and …,Elsevier,https://www.sciencedirect.com/science/article/pii/0168900294905363,,
Y Arayici,An approach for real world data modelling with the 3D terrestrial laser scanner for built environment,2007,Automation in construction,Elsevier,https://www.sciencedirect.com/science/article/pii/S0926580507000350,,
"…, S Schmitz-Valckenberg, RF Spaide, AC Bird",Origin of fundus autofluorescence,2007,Atlas of Fundus …,Springer,https://link.springer.com/chapter/10.1007/978-3-540-71994-6_2,,
"JB Joseph Jr, QM Schoenheiter Jr",Bird dispersing system,1999,"US Patent 5,977,866",Google Patents,https://patents.google.com/patent/US5977866A/en,,
"S Sivaprasad, AR Webster, CA Egan, AC Bird…",Clinical course and treatment outcomes of Sorsby fundus dystrophy,2008,American journal of …,Elsevier,https://www.sciencedirect.com/science/article/pii/S0002939408002535,,
"G Stringer, PS Bird, LJ Walsh",Lethal laser photosensitization of Streptococcus mutans with a visible red diode laser,2000,Australian Dental Journal,espace.library.uq.edu.au,https://espace.library.uq.edu.au/view/UQ:139215,,
"…, G Bassompierre, K Benslama, N Besson, I Bird…",Prediction of neutrino fluxes in the NOMAD experiment,2003,Nuclear Instruments and …,Elsevier,https://www.sciencedirect.com/science/article/pii/S0168900203023349,,
"VA Acciari, T Arlen, T Aune, W Benbow, R Bird…",Observation of Markarian 421 in TeV gamma rays over a 14-year time span,2014,Astroparticle …,Elsevier,https://www.sciencedirect.com/science/article/pii/S0927650513001552,,
AF Skutch,Some Aspects of Central American Bird-Life: I,1940,The Scientific Monthly,JSTOR,https://www.jstor.org/stable/17394,,
"…, RH Guymer, M Gross-Jendroska, AC Bird",Fluorescein angiographic abnormalities after prophylactic macular photocoagulation for high-risk age-related maculopathy,1999,American journal of …,Elsevier,https://www.sciencedirect.com/science/article/pii/S0002939499000434,,
"S Pratap, W Bird, G Godwin…",A compulsator driven rapid-fire EM gun,1984,IEEE Transactions on …,ieeexplore.ieee.org,https://ieeexplore.ieee.org/abstract/document/1063056/,,
"AF Bird, I Bonig, A Bacic",A role for the'excretory'system in secernentean nematodes,1988,Journal of nematology,ncbi.nlm.nih.gov,https://www.ncbi.nlm.nih.gov/pmc/articles/PMC2618822/,,
R Rutherford,Mirror bird toy,2008,"US Patent 7,418,925",Google Patents,https://patents.google.com/patent/US7418925B2/en,,
"KS Kim, L Qian, JE Bird, KEJ Dickinson…","Quinoxaline N-oxide containing potent angiotensin II receptor antagonists: synthesis, biological properties, and structure-activity relationships",1993,Journal of medicinal …,ACS Publications,https://pubs.acs.org/doi/abs/10.1021/jm00068a010,,
"D Dean, A Shama, J Schachter…",Molecular Identification of an Avian Strain of Chlamydia psittaci Causing Severe Keratoconjunctivitis in a Bird Fancier,1995,Clinical infectious …,academic.oup.com,https://academic.oup.com/cid/article-abstract/20/5/1179/413877,,
"…, P Antilogus, D Aston, T Bienz, F Bird…",Construction and testing of the SLD Cerenkov ring imaging detector,1990,… on Nuclear Science,ieeexplore.ieee.org,https://ieeexplore.ieee.org/abstract/document/57355/,,
"…, M Dietrich, R Assef, D Atlee, J Bird…",Tidally induced outbursts in OJ 287 during 2005-2008,2009,The Astrophysical …,iopscience.iop.org,https://iopscience.iop.org/article/10.1088/0004-637X/698/1/781/meta,,
"…, SD Schwartz, NS Peachey, AC Bird…",Ciliary neurotrophic factor for macular telangiectasia type 2: results from a phase 1 safety trial,2015,American journal of …,Elsevier,https://www.sciencedirect.com/science/article/pii/S0002939414008198,,
"…, F Benabid, GJ Pearce, F Couny, DM Bird",Electromagnetically induced transparency in acetylene molecules with counterpropagating beams in V and schemes,2009,Applied Physics …,aip.scitation.org,https://aip.scitation.org/doi/abs/10.1063/1.3115143,,
"LG Bird, NE Rider","The laser cloud-base recorder(Cloud base height measurement using laser as light source, describing equipment and performance)",1968,METEOROLOGICAL MAGAZINE,,,,
C Phipps,Laser ablation and its applications,2007,,books.google.com,https://books.google.com/books?hl=en&lr=&id=iQjSBwAAQBAJ&oi=fnd&pg=PA1&dq=bird+(laser+OR+strobe+OR+flash+OR+flare+OR+flaring+OR+reflector)&ots=wD2LFJLLd8&sig=4gmOlrH-yJ2v7UzsyhydwvnYNko,,
"…, WJ Devlin, KH Cameron, DM Bird…",Direct detection transmission experiments at 565 Mbit/s using cascaded inline optical amplifiers,1989,Electronics …,ieeexplore.ieee.org,https://ieeexplore.ieee.org/abstract/document/130888/,,
G Simon,A short overview of bird control in sweet and sour cherry orchards—possibilities of protection of bird damage and its effectiveness,2008,International Journal of Horticultural Science,ojs.lib.unideb.hu,https://ojs.lib.unideb.hu/IJHS/article/download/792/790,,
"PD Case, PS Bird, WA Kahler, R George…",Treatment of root canal biofilms of Enterococcus faecalis with ozone gas and passive ultrasound activation,2012,Journal of endodontics,Elsevier,https://www.sciencedirect.com/science/article/pii/S0099239911014531,,
"WW Bird, PA Strobel, PI Rongved…",Inflatable form for a concrete building,1965,"US Patent 3,225,413",Google Patents,https://patents.google.com/patent/US3225413A/en,,
"JS Kot, TS Bird, N Nikolic",Planar antenna directional in azimuth and/or elevation,1998,"US Patent 5,714,961",Google Patents,https://patents.google.com/patent/US5714961A/en,,
"WB Ruzicka, A Zhubi, M Veldic, DR Grayson…",Selective epigenetic alteration of layer I GABAergic neurons isolated from prefrontal cortex of schizophrenia patients using laser-assisted microdissection,2007,Molecular …,nature.com,https://www.nature.com/articles/4001954,,
"MC Ruiz-Martinez, J Berka, A Belenkii, F Foret…",DNA sequencing by capillary electrophoresis with replaceable linear polyacrylamide and laser-induced fluorescence detection,1993,Analytical …,ACS Publications,https://pubs.acs.org/doi/abs/10.1021/ac00068a023,,
"K Smith, EJ Greer, NJ Doran, DM Bird…",Pulse amplification and shaping using a nonlinear loop mirror that incorporates a saturable gain,1992,Optics letters,osapublishing.org,https://www.osapublishing.org/abstract.cfm?uri=ol-17-6-408,,
"KG Schmidt, FW Fitzke, AC Bird…",Serous central chorioretinopathy. Acute autofluorescence of the pigment epithelium of the eye,1999,… Zeitschrift der Deutschen …,europepmc.org,https://europepmc.org/abstract/med/10067327,,
TS Bird,A multibeam feed for the Parkes radio-telescope,1994,Proceedings of IEEE Antennas and Propagation …,ieeexplore.ieee.org,https://ieeexplore.ieee.org/abstract/document/407943/,,
"HA Priem, A De Rouck, JJ De Laey, AC Bird",Electrophysiologic studies in birdshot chorioretinopathy,1988,American journal of …,Elsevier,https://www.sciencedirect.com/science/article/pii/0002939488908793,,
"…, I Zito, K Bradshaw, RJ Patel, AC Bird…",Genotype-phenotype correlation in British families with X linked congenital stationary night blindness,2003,British journal of …,bjo.bmj.com,https://bjo.bmj.com/content/87/11/1413.short,,
TS Bird,Mode matching analysis of arrays of stepped rectangular horns and application to satellite antenna design,1991,1991 Seventh International Conference on Antennas …,ieeexplore.ieee.org,https://ieeexplore.ieee.org/abstract/document/98371/,,
"JC Nickel, DA Shoskes, K Irvine-Bird",Prevalence and impact of bacteriuria and/or urinary tract infection in interstitial cystitis/painful bladder syndrome,2010,Urology,Elsevier,https://www.sciencedirect.com/science/article/pii/S009042951000484X,,
"PM Brown, G Shannon, W Deans, J Bird",The laser weld repair of fatigue cracks in ship steels,1999,Welding Research Abroad,,,,
"…, A Williams, JD Wilkinson, G Bird",Systemic lupus erythematosus with C1q deficiency,2000,British Journal of …,Wiley Online Library,https://onlinelibrary.wiley.com/doi/abs/10.1046/j.1365-2133.2000.03369.x,,
"…, GE Holder, AT Moore, AC Bird",Fundus autofluorescence in patients with leber congenital amaurosis,2004,… & visual science,arvojournals.org,https://arvojournals.org/article.aspx?articleID=2124200,,
"RY Kim, S Retsas, FW Fitzke, GB Arden, AC Bird",Cutaneous melanoma-associated retinopathy,1994,Ophthalmology,Elsevier,https://www.sciencedirect.com/science/article/pii/S016164209431092X,,
"…, GE Holder, FW Fitzke, AC Bird…",Congenital stationary night blindness and a “Schubert-Bornschein” type electrophysiology in a family with dominant inheritance,2004,British journal of …,bjo.bmj.com,https://bjo.bmj.com/content/88/8/1018.short,,
"J Liu, Y Li, X Shi, W Wang",Dynamic response of bird strike on aluminum honeycomb-based sandwich panels,2012,Journal of Aerospace Engineering,ascelibrary.org,https://ascelibrary.org/doi/abs/10.1061/(ASCE)AS.1943-5525.0000280,,
"EJ Whitney, VD Pratt, WD Scheidt…",Axial flow laser plasma spraying,1991,"US Patent 5,043,548",Google Patents,https://patents.google.com/patent/US5043548A/en,,
"KW Lo, TS Bird",Effect of dielectric coatings on parabolic reflector antenna performance,1995,Microwave and Optical Technology Letters,Wiley Online Library,https://onlinelibrary.wiley.com/doi/abs/10.1002/mop.4650080102,,
"…, GJ Pearce, A Wang, TA Birks, DM Bird",Solid photonic bandgap fibres and applications,2006,Japanese journal of …,iopscience.iop.org,https://iopscience.iop.org/article/10.1143/JJAP.45.6059/meta,,
F Gibson,The breeding biology of the American Avocet (Recurvirostra americana) in central Oregon,1971,The Condor,JSTOR,https://www.jstor.org/stable/1366666,,
"S Cai, T Collier, L Girod, JY Lee…","New wireless acoustic array node for localization, beamforming and source separation for bio-complexity bird data collection and study",2013,2013 IEEE China …,ieeexplore.ieee.org,https://ieeexplore.ieee.org/abstract/document/6625330/,,
"…, GE Holder, DM Hunt, AT Moore, AC Bird",Autosomal dominant cone-rod dystrophy with mutations in the guanylate cyclase 2D gene encoding retinal guanylate cyclase-1,2001,Archives of …,jamanetwork.com,https://jamanetwork.com/journals/jamaophthalmology/article-abstract/268722,,
MA Del Chiaro,Etruscan Bird-Askoi,1984,Expedition,search.proquest.com,http://search.proquest.com/openview/9f8975e4f6b29d7a6d1c802d6b601164/1?pq-origsite=gscholar&cbl=1816471,,
"J Ebbinghaus, C Legros, A Nolting, C Guette…",Modulation of Kv4. 2 channels by a peptide isolated from the venom of the giant bird-eating tarantula Theraphosa leblondi,2004,Toxicon,Elsevier,https://www.sciencedirect.com/science/article/pii/S004101010400145X,,
"…, AS Halfyard, C Bunce, AC Bird…",Clinical variations in assessment of bull's-eye maculopathy,2002,Archives of …,jamanetwork.com,https://jamanetwork.com/journals/jamaophthalmology/article-abstract/270486,,
"…, RR Parrish, MSA Horstwood, NW Oo, MI Bird…",Large rivers and orogens: The evolution of the Yarlung Tsangpo–Irrawaddy system and the eastern Himalayan syntaxis,2014,Gondwana …,Elsevier,https://www.sciencedirect.com/science/article/pii/S1342937X13002281,,
"JC Kies, AC Bird",Juxtapapillary choroidal neovascularization in older patients,1988,American journal of ophthalmology,Elsevier,https://www.sciencedirect.com/science/article/pii/0002939488901146,,
"FB Alexander, VR Bird, DR Carpenter…",SPONTANEOUS AND STIMULATED INFRA‐RED EMISSION FROM INDIUM PHOSPHIDE ARSENIDE DIODES,1964,Applied Physics …,aip.scitation.org,https://aip.scitation.org/doi/pdf/10.1063/1.1723572,,
"RK Mulwa, K Böhning‐Gaese, M Schleuning",High bird species diversity in structurally heterogeneous farmland in western Kenya,2012,Biotropica,Wiley Online Library,https://onlinelibrary.wiley.com/doi/abs/10.1111/j.1744-7429.2012.00877.x,,
"K Breuer, JC Bird, G Han, KJ Westin",Infrared diagnostics for the measurement of fluid and solid motion in micromachined devices,2001,"ASME/IMECE, Nov",,,,
"SJ Goetz, M Sun, S Zolkos, A Hansen…",The relative importance of climate and vegetation properties on patterns of North American breeding bird species richness,2014,Environmental …,iopscience.iop.org,https://iopscience.iop.org/article/10.1088/1748-9326/9/3/034013/meta,,
"KG Salvante, G Lin, RL Walzem…",Characterization of very-low density lipoprotein particle diameter dynamics in relation to egg production in a passerine bird,2007,Journal of Experimental …,jeb.biologists.org,https://jeb.biologists.org/content/210/6/1064.short,,
"…, DAR Bessant, SS Bhattacharya, AC Bird",Clinical Features of Codon 172 RDSMacular Dystrophy: Similar Phenotype in 12 Families,1999,Archives of …,jamanetwork.com,https://jamanetwork.com/journals/jamaophthalmology/article-abstract/412524,,
"…, CR Hogg, PP Rath, S Jenkins, AC Bird…",Localized retinal electrophysiological and fundus autofluorescence imaging abnormalities in maternal inherited diabetes and deafness,2004,… & visual science,tvst.arvojournals.org,https://tvst.arvojournals.org/article.aspx?articleid=2124335,,
"Z Goraj, K Kitmann, R Voit-Nitschmann…",Design and Integration of Flexi-Bird-a Low Cost Sub-Scale Research Aircraft for Safety and Environmental Issues,2010,… International Congress of …,icas.org,http://www.icas.org/ICAS_ARCHIVE/ICAS2010/PAPERS/469.PDF,,
"B Guo, Y Wang, C Peng, HL Zhang, GP Luo…",Laser-based mid-infrared reflectance imaging of biological tissues,2004,Optics …,osapublishing.org,https://www.osapublishing.org/abstract.cfm?uri=oe-12-1-208,,
"T Bird, G James, S Skinner",Input mismatch of TE11mode coaxial waveguide feeds,1986,IEEE transactions on antennas …,ieeexplore.ieee.org,https://ieeexplore.ieee.org/abstract/document/1143943/,,
"DJ Clark, V Sguera, AJ Bird, VA McBride…",The orbital period in the supergiant fast X-ray transient IGR J16465-4507,2010,Monthly Notices of …,academic.oup.com,https://academic.oup.com/mnrasl/article-abstract/406/1/L75/1041241,,
"UD Nadimpalli, RR Price, SG Hall…",A comparison of image processing techniques for bird recognition,2006,Biotechnology …,Wiley Online Library,https://onlinelibrary.wiley.com/doi/abs/10.1021/bp0500922,,
"SF Lovell, MR Lein","Neighbor-stranger discrimination by song in a suboscine bird, the alder flycatcher, Empidonax alnorum",2004,Behavioral Ecology,academic.oup.com,https://academic.oup.com/beheco/article-abstract/15/5/799/318453,,
EP Derryberry,Evolution of bird song affects signal efficacy: an experimental test using historical and current signals,2007,Evolution,Wiley Online Library,https://onlinelibrary.wiley.com/doi/abs/10.1111/j.1558-5646.2007.00154.x,,
"D Bird, M Gu",Fibre‐optic two‐photon scanning fluorescence microscopy,2002,Journal of microscopy,Wiley Online Library,https://onlinelibrary.wiley.com/doi/abs/10.1046/j.1365-2818.2002.01059.x,,
"JN Moss, GA Bird",Direct simulation Monte Carlo simulations of hypersonic flows with shock interactions,2005,AIAA journal,arc.aiaa.org,https://arc.aiaa.org/doi/abs/10.2514/1.12532,,
"SF Lovell, MR Lein","Individual recognition of neighbors by song in a suboscine bird, the alder flycatcher Empidonax alnorum",2005,Behavioral Ecology and Sociobiology,Springer,https://link.springer.com/article/10.1007/s00265-004-0884-4,,
CA Price,Bird decoy,2011,"US Patent 7,937,881",Google Patents,https://patents.google.com/patent/US7937881B2/en,,
"E Malmqvist, S Jansson, S Zhu, W Li…",The bat–bird–bug battle: daily flight activity of insects and their predators over a rice field revealed by high-resolution Scheimpflug Lidar,2018,Royal Society …,royalsocietypublishing.org,https://royalsocietypublishing.org/doi/abs/10.1098/rsos.172303,,
"MO Anand, J Krishnaswamy, A Das",Proximity to forests drives bird conservation value of coffee plantations: implications for certification,2008,Ecological Applications,Wiley Online Library,https://esajournals.onlinelibrary.wiley.com/doi/abs/10.1890/07-1545.1,,
RH Williams,Humming bird feeder,1966,"US Patent 3,292,589",Google Patents,https://patents.google.com/patent/US3292589A/en,,
WG Richardson,Bird bath,1935,"US Patent 2,002,378",Google Patents,https://patents.google.com/patent/US2002378A/en,,
"Z Huang, A De Luca, TJ Atherton, M Bird, C Rosenblatt…",Rayleigh-Taylor instability experiments with precise and arbitrary control of the initial interface shape,2007,Physical review …,APS,https://journals.aps.org/prl/abstract/10.1103/PhysRevLett.99.204502,,
"SF Dinetz, EJ Bird, RL Wagner…",Thermal and UV laser pyrolysis of the polyimide PMDA-ODA: analysis of the gaseous products by time-resolved and discrete infrared spectroscopy,2001,Polyimides and Other …,books.google.com,https://books.google.com/books?hl=en&lr=&id=QAvdiPzSM8AC&oi=fnd&pg=PA55&dq=bird+(laser+OR+strobe+OR+flash+OR+flare+OR+flaring+OR+reflector)&ots=mTUrwG5Duk&sig=M2CAAYteeG_WTTK_-M7SMXp_Dbw,,
AEASS Desoky,A review of bird control methods at airports,2014,Global Journal of Science Frontier Research E,academia.edu,http://www.academia.edu/download/34454236/6-A-Review-of-Bird-Control-Methods-at-Airports.pdf,,
"…, S Bethke, O Biebel, A Biguzzi, SD Bird…",Search for chargino and neutralino production at s**(1/2) = 170-GeV and 172-GeV at LEP,1998,… Physical Journal C,researchgate.net,https://www.researchgate.net/institution/University_of_Debrecen/department/Department_of_Experimental_Physics/publications,,
"…, KS Sehmi, FW Fitzke, AC Bird…",Autofluorescence imaging of choroidal neovascularization due to age-related macular degeneration,2005,Archives of …,jamanetwork.com,https://jamanetwork.com/journals/jamaophthalmology/article-abstract/417333,,
"JF Talbot, AC Bird",Krypton laser in the management of disciform macular degeneration.,1980,… of the ophthalmological societies of the United …,ncbi.nlm.nih.gov,https://www.ncbi.nlm.nih.gov/pubmed/6946633,,
M Shirashi,Toy bird,1977,"US Patent App. 05/684,843",Google Patents,https://patents.google.com/patent/USD245365S/en,,
"RD Berkley, TP Shaughnessy",Flying game bird decoys,1991,"US Patent 5,003,722",Google Patents,https://patents.google.com/patent/US5003722A/en,,
"A Beaudoin, G Martin",Process for the extraction of lipids from fatty bird tissues,2003,"US Patent 6,521,768",Google Patents,https://patents.google.com/patent/US6521768B2/en,,
"KT Vierling, CE Swift, AT Hudak, JC Vogeler…",How much does the time lag between wildlife field-data collection and LiDAR-data acquisition matter for studies of animal distributions? A case study using bird …,2014,Remote sensing …,Taylor & Francis,https://www.tandfonline.com/doi/abs/10.1080/2150704X.2014.891773,,
"SM Hanham, TS Bird, BF Johnston…",A 600 GHz dielectric rod antenna,2009,2009 3rd European …,ieeexplore.ieee.org,https://ieeexplore.ieee.org/abstract/document/5067929/,,
R Stone,"Combating the bird flu menace, down on the farm",2006,,science.sciencemag.org,https://science.sciencemag.org/content/311/5763/944.short,,
"TS Bird, C Granet",Optimization of profiles of rectangular horns for high efficiency,2007,IEEE Transactions on Antennas and …,ieeexplore.ieee.org,https://ieeexplore.ieee.org/abstract/document/4298168/,,
"…, CM Wurster, MI Bird",Continuous analysis of δ18O and δD values of water by diffusion sampling cavity ring‐down spectrometry: a novel sampling device for unattended field monitoring of …,2011,Rapid Communications in …,Wiley Online Library,https://onlinelibrary.wiley.com/doi/abs/10.1002/rcm.5282,,
"S Montenegro, W Bärwald",BIRD− Spacecraft Bus Controller,2001,Small satellites Workshop,dlr.de,http://www.dlr.de/Portaldata/49/Resources/dokumente/archiv3/1304.pdf,,
"CA Bird, DJ Donaldson",Photodissociation of acrylonitrile at 193 nm: the CN-producing channel,1996,Chemical physics letters,Elsevier,https://www.sciencedirect.com/science/article/pii/0009261495013369,,
"K Brieβ, W Bärwald, T Gerlich, H Jahn, F Lura…",The DLR small satellite mission BIRD,2000,Acta Astronautica,Elsevier,https://www.sciencedirect.com/science/article/pii/S0094576599002015,,
"T Fukasawa, T Noguchi, T Kawasaki…",""" MARINE BIRD"", a new experimental AUV with underwater docking and recharging system",2003,… 2003. Celebrating the …,ieeexplore.ieee.org,https://ieeexplore.ieee.org/abstract/document/1282819/,,
"JS Brandt, EM Wood, AM Pidgeon, LX Han, Z Fang…",Sacred forests are keystone structures for forest bird conservation in southwest China's Himalayan Mountains,2013,Biological …,Elsevier,https://www.sciencedirect.com/science/article/pii/S0006320713001961,,
"A Arnarsson, E Stefansson",Laser treatment and the mechanism of edema reduction in branch retinal vein occlusion,2000,Investigative ophthalmology & visual …,arvojournals.org,https://arvojournals.org/article.aspx?articleID=2199887,,
AC Bird,Choroidal neovascularisation in age-related macular disease.,1993,The British journal of ophthalmology,ncbi.nlm.nih.gov,https://www.ncbi.nlm.nih.gov/pmc/articles/PMC504600/,,
"M Dallimer, L Marini, AMJ Skinner, N Hanley…",Agricultural land-use in the surrounding landscape affects moorland bird diversity,2010,"Agriculture, ecosystems …",Elsevier,https://www.sciencedirect.com/science/article/pii/S0167880910002525,,
"G Han, J Bird, K Johan, A Westin, Z Cao…",Infrared diagnostics for measuring fluid and solid motion inside silicon microdevices,2004,Microscale …,Taylor & Francis,https://www.tandfonline.com/doi/abs/10.1080/10893950490454928,,
"…, G Shannon, W Deans, J Bird",The laser weld repair of fatigue cracks,1999,WELDING IN THE …,PERGAMON PRESS,,,
"EL Chuang, AC Bird",Repair after tears of the retinal pigment epithelium,1988,Eye,nature.com,https://www.nature.com/articles/eye198822,,
"AJ Bird, A Bazzano, AB Hill, VA McBride…",Discovery of a 30-d period in the supergiant fast X-ray transient SAX J1818. 6–1703,2009,Monthly Notices of …,academic.oup.com,https://academic.oup.com/mnrasl/article-abstract/393/1/L11/1056056,,
"K Peng, Q Shu, Z Liu, S Liang","… and solution structure of huwentoxin-IV, a potent neuronal tetrodotoxin (TTX)-sensitive sodium channel antagonist from Chinese bird spider Selenocosmia huwena",2002,Journal of Biological Chemistry,ASBMB,http://www.jbc.org/content/277/49/47564.short,,
"N Breitbach, K Böhning‐Gaese, I Laube…",Short seed‐dispersal distances and low seedling recruitment in farmland populations of bird‐dispersed cherry trees,2012,Journal of …,Wiley Online Library,https://besjournals.onlinelibrary.wiley.com/doi/abs/10.1111/1365-2745.12001,,
"JM LaSalle, J Goldstine, D Balmer…",Quantitative localization of heterogeneous methyl-CpG-binding protein 2 (MeCP2) expression phenotypes in normal and Rett syndrome brain by laser scanning …,2001,Human Molecular …,academic.oup.com,https://academic.oup.com/hmg/article-abstract/10/17/1729/642964,,
"…, T Peto, D Stanescu-Segall, G Vogt, AC Bird…",Functional aspects of drusen regression in age-related macular degeneration,2009,British Journal of …,bjo.bmj.com,https://bjo.bmj.com/content/93/10/1345.short,,
T Bird,TE11mode excitation of flanged circular coaxial waveguides with an extended center conductor,1987,IEEE transactions on antennas and propagation,ieeexplore.ieee.org,https://ieeexplore.ieee.org/abstract/document/1144026/,,
"AC Bird, H el-Sheikh, J Anderson…",Changes in visual function and in the posterior segment of the eye during treatment of onchocerciasis with diethylcarbamazine citrate.,1980,British journal of …,bjo.bmj.com,https://bjo.bmj.com/content/64/3/191.short,,
N Nassuphis,Image-based three-axis positioner for laser direct write microchemical reaction,2000,"US Patent 6,033,721",Google Patents,https://patents.google.com/patent/US6033721A/en,,
"JE Black, NR Donaldson",Comments on “Display of bird movements on the WSR-88D: patterns and quantification”,1999,Weather and Forecasting,journals.ametsoc.org,https://journals.ametsoc.org/doi/full/10.1175/1520-0434(1999)014%3C1039%3ACODOBM%3E2.0.CO%3B2,,
"LS Lindahl, L Bird, ME Legare…",Differential ability of astroglia and neuronal cells to accumulate lead: dependence on cell type and on degree of differentiation.,1999,… sciences: an official …,academic.oup.com,https://academic.oup.com/toxsci/article-abstract/50/2/236/2256959,,
"SS Sloan, RT Holmes, TW Sherry",Depredation rates and predators at artificial bird nests in an unfragmented northern hardwoods forest,1998,The Journal of wildlife management,JSTOR,https://www.jstor.org/stable/3802326,,
"…, T Peto, A Tufail, C Egan, AC Bird…",Correlation of functional impairment and morphological alterations in patients with group 2A idiopathic juxtafoveal retinal telangiectasia,2008,Archives of …,jamanetwork.com,https://jamanetwork.com/journals/jamaophthalmology/article-abstract/484322,,
RK Brooke,Layard's bird hunting visit to Tromelin or Sandy Island in December 1856,1981,Atoll Research Bulletin,repository.si.edu,https://repository.si.edu/bitstream/handle/10088/34018/ARB_LayardsBird.pdf?sequence=1&isAllowed=y,,
GA Bird,Aerodynamic effects on atmospheric composition measurements from rocket vehicles in the thermosphere,1988,Planetary and space science,Elsevier,https://www.sciencedirect.com/science/article/pii/0032063388900992,,
"…, A Arnarsson, T Peto, H Sasaki, K Sasaki, AC Bird",5-year incidence of age-related maculopathy in the Reykjavik Eye Study,2005,Ophthalmology,Elsevier,https://www.sciencedirect.com/science/article/pii/S016164200401262X,,
"L Bird, RG Findlay, AA Raffler, T Ohska",Large cylindrical dual coordinate multiwire proportional chambers,1979,Nuclear Instruments and Methods,Elsevier,https://www.sciencedirect.com/science/article/pii/0029554X79905688,,
"EM Morschhauser, DJ Varricchio…","Anatomy of the Early Cretaceous bird Rapaxavis pani, a new species from Liaoning Province, China",2009,Journal of Vertebrate …,Taylor & Francis,https://www.tandfonline.com/doi/abs/10.1671/039.029.0210,,
"A Gumus, S Lee, SS Ahsan, K Karlsson, R Gabrielson…",Lab-on-a-bird: biophysical monitoring of flying birds,2015,PloS one,journals.plos.org,https://journals.plos.org/plosone/article?id=10.1371/journal.pone.0123947,,
"RR Price, SG Hall, DG Allen",Autonomous bird predation reduction device,2006,"US Patent 7,052,348",Google Patents,https://patents.google.com/patent/US7052348B2/en,,
"MJC Van Gemert, JPH Henning",A model approach to laser coagulation of dermal vascular lesions,1981,Archives of dermatological research,Springer,https://link.springer.com/article/10.1007/BF00403787,,
M Weiser,Bird with prop tail,2004,"US Patent App. 29/194,111",Google Patents,https://patents.google.com/patent/USD496412S1/en,,
"JL Desgranges, J Ingram, B Drolet, J Morin…",Modelling wetland bird response to water level changes in the Lake Ontario–St. Lawrence River hydrosystem,2006,Environmental …,Springer,https://link.springer.com/article/10.1007/s10661-005-9087-3,,
"JB Hughes, NC Bird, RS Soin",Self-tuned RC-active filters for VLSI,1986,Electronics Letters,ieeexplore.ieee.org,https://ieeexplore.ieee.org/abstract/document/4256888/,,
"C Granet, TS Bird",Optimization of corrugated horn radiation patterns via a spline-profile,2002,2002 9th International Symposium on …,ieeexplore.ieee.org,https://ieeexplore.ieee.org/abstract/document/7864591/,,
"AM Youssef, B Pradhan, AM Hassan","Flash flood risk estimation along the St. Katherine road, southern Sinai, Egypt using GIS based morphometry and satellite imagery",2011,Environmental Earth Sciences,Springer,https://link.springer.com/article/10.1007/s12665-010-0551-1,,
"…, T Abu-Zayyad, M Al-Seady, K Belov, DJ Bird…",Radio-controlled xenon flashers for atmospheric monitoring at the HiRes cosmic ray observatory,1999,Nuclear Instruments and …,Elsevier,https://www.sciencedirect.com/science/article/pii/S0168900299001643,,
"…, DR Williams, T Clemons, D Pauleikhoff, AC Bird…",Retinal crystals in type 2 idiopathic macular telangiectasia,2011,Ophthalmology,Elsevier,https://www.sciencedirect.com/science/article/pii/S0161642011004672,,
"C Voisin, AB Tonnel, C Lahoute, H Robin, J Lebas…",Bird fancier's lung: Studies of broncho-alveolar lavage and correlations with inhalation provocation tests,1981,Lung,Springer,https://link.springer.com/article/10.1007/BF02713892,,
BC Robertson,"Vocal mate recognition in a monogamous, flock-forming bird, the silvereye, Zosterops lateralis",1996,Animal behaviour,Elsevier,https://www.sciencedirect.com/science/article/pii/S0003347296900305,,
"…, NHV Chong, R Antcliff, AC Reck, AC Bird",Comparison of optical coherence tomography and fluorescein angiography in assessing macular edema in retinal dystrophies: preliminary results,2001,Laser Scanning …,Springer,https://link.springer.com/chapter/10.1007/978-94-010-0322-3_23,,
"O Hüppop, J Dierschke, KM Exo, E Fredrich, R Hill",Bird migration and offshore wind turbines,2006,Offshore Wind Energy,Springer,https://link.springer.com/content/pdf/10.1007/978-3-540-34677-7_9.pdf,,
"…, AC Bird, RF Spaide, AC Bird",Evaluation of fundus autofluorescence images,2007,Atlas of Fundus …,Springer,https://link.springer.com/chapter/10.1007/978-3-540-71994-6_8,,
"D Bird, S Corbató, HY Dai, JW Elbert, M Kidd…",The calibration of the absolute sensitivity of photomultiplier tubes in the High Resolution Fly's Eye Detector,1994,Nuclear Instruments and …,Elsevier,https://www.sciencedirect.com/science/article/pii/0168900294912300,,
"…, M Schumacher, M Dietzel, A Lommatzsch, A Bird…",Long-term visual outcome of pigment epithelial tears in association with anti-VEGF therapy of pigment epithelial detachment in AMD,2011,Eye,nature.com,https://www.nature.com/articles/eye2011146,,
"…, CR Hogg, M Kurz-Levin, N Lois, AC Bird","Pattern ERG: clinical overview, and some observations on associated fundus autofluorescence imaging in inherited maculopathy",2003,Documenta …,Springer,http://www.springerlink.com/index/k40m638w46316425.pdf,,
W Stolwein,Bird feeding device with squirrel guard,1993,"US Patent 5,205,239",Google Patents,https://patents.google.com/patent/US5205239A/en,,
"…, MG Sweeney, MB Davis, FW Fitzke, AC Bird",Characterisation of the macular dystrophy in patients with the A3243G mitochondrial DNA point mutation with fundus autofluorescence,2008,British Journal of …,bjo.bmj.com,https://bjo.bmj.com/content/92/5/623.short,,
A Lamott,Bird by bird: Some instructions on writing and life,2007,,books.google.com,https://books.google.com/books?hl=en&lr=&id=dwfGvtzvte4C&oi=fnd&pg=PR11&dq=bird+(laser+OR+strobe+OR+flash+OR+flare+OR+flaring+OR+reflector)&ots=6LjsN-O5P2&sig=KLjjMB6kMSWa4DJPi4-XDrvwOOo,,
"PY Qin, AR Weily, YJ Guo, TS Bird…",Frequency reconfigurable quasi-Yagi folded dipole antenna,2010,IEEE transactions on …,ieeexplore.ieee.org,https://ieeexplore.ieee.org/abstract/document/5466206/,,
"RR Sauers, SN Husain, AP Piechowski, GR Bird","Shaping the absorption and fluorescence bands of a class of efficient, photoactive chromophores: synthesis and properties of some new 3H-xanthen-3",1987,Dyes and pigments,Elsevier,https://www.sciencedirect.com/science/article/pii/0143720887850040,,
"RK Murphy, SM McPherron, GD Wright…","Effectiveness of avian collision averters in preventing migratory bird mortality from powerline strikes in the central Platte River, Nebraska",2009,Final Report to the US …,the-eis.com,http://www.the-eis.com/data/literature/effectiveness%20of%20avian%20collision%20averters%20in%20preventing%20migratory%20bird%20mortality%20from%20powerline%20strikes.pdf,,
"BF Ventrudo, G Rogers",Fibre-grating-stabilized diode laser,1996,"US Patent 5,485,481",Google Patents,https://patents.google.com/patent/US5485481A/en,,
"D Lockton, F Bowden, C Brass…",Bird-wattching: exploring sonification of home electricity use with birdsong,2014,… on Sonification of …,researchgate.net,https://www.researchgate.net/profile/Dan_Lockton/publication/265008983_Bird-Wattching_Exploring_Sonification_of_Home_Electricity_Use_with_Birdsong/links/53fb5d520cf22f21c2f31281/Bird-Wattching-Exploring-Sonification-of-Home-Electricity-Use-with-Birdsong.pdf,,
"…, FW Fitzke, AS Halfyard, R Chan, AC Bird…",Retinal pigment epithelium translocation and central visual function in age related macular degeneration: preliminary results,2001,International …,Springer,https://link.springer.com/article/10.1023/A:1014482025960,,
GH McGinty,Peanut dispenser bird toy,2003,"US Patent App. 29/161,414",Google Patents,https://patents.google.com/patent/USD480518S1/en,,
"ZF Zhang, WX Yao",Research on dynamic analysis of bird impact on aircraft windshield,2004,Acta Aeronautica Et Astronautica Sinica,en.cnki.com.cn,http://en.cnki.com.cn/Article_en/CJFDTotal-HKXB200406011.htm,,
"AL Holmes, WD Robinson",Fire mediated patterns of population densities in mountain big sagebrush bird communities,2013,The Journal of Wildlife …,Wiley Online Library,https://wildlife.onlinelibrary.wiley.com/doi/abs/10.1002/jwmg.540,,
"S Blake, NJ Bird","Laser guidance for hand-laid composites: past, present, and future",1998,Composites in Manufacturing(USA),,,,
"A Challita, JP Barber",The scaling of bird impact loads,1979,,apps.dtic.mil,https://apps.dtic.mil/docs/citations/ADA075215,,
JN Henry,Wild bird feed and water station,1955,"US Patent 2,715,386",Google Patents,https://patents.google.com/patent/US2715386A/en,,
"C Verdel, BP Wernicke, J Hassanzadeh, B Guest",A Paleogene extensional arc flare‐up in Iran,2011,Tectonics,Wiley Online Library,https://agupubs.onlinelibrary.wiley.com/doi/abs/10.1029/2010TC002809,,
"JJ Pollen, KF Witztum…",The flare phenomenon on radionuclide bone scan in metastatic prostate cancer,1984,American Journal of …,Am Roentgen Ray Soc,https://www.ajronline.org/doi/abs/10.2214/ajr.142.4.773,,
"KG Schmidt, FW Fitzke, AC Bird…",Dynamics of accumulation and degradation of lipofuscin in retinal pigment epithelium in senile macular degeneration,1998,Klinische Monatsblatter …,europepmc.org,https://europepmc.org/abstract/med/9743936,,
"CT McKnight, JR Blevins",Collapsible bird decoy,1997,"US Patent 5,682,702",Google Patents,https://patents.google.com/patent/US5682702A/en,,
"S Hanham, T Bird, B Johnston",A ring slot excited dielectric rod antenna for terahertz imaging,2007,2007 IEEE Antennas and …,ieeexplore.ieee.org,https://ieeexplore.ieee.org/abstract/document/4396803/,,
"W Cresswell, M Boyd, M Stevens",Movements of Palearctic and Afrotropical bird species during the dry season (November-February) within Nigeria,2008,Proceedings of the 12th Pan …,researchgate.net,https://www.researchgate.net/profile/Matt_Stevens2/publication/237830365_Movements_of_Palearctic_and_Afrotropical_bird_species_during_the_dry_season_November-February_within_Nigeria/links/54f44b800cf299c8d9e68382/Movements-of-Palearctic-and-Afrotropical-bird-species-during-the-dry-season-November-February-within-Nigeria.pdf,,
JL Seubert,BIOLOGICAL STUDIES OF THE PROBLEM OF BIRD HAZARD TO AIRCRAFT.,1965,,apps.dtic.mil,https://apps.dtic.mil/docs/citations/AD0624464,,
"BL Ungar, TE Nash",Quantification of specific antibody response to Cryptosporidium antigens by laser densitometry.,1986,Infection and Immunity,Am Soc Microbiol,https://iai.asm.org/content/53/1/124.short,,
GG Rinck,Bird dog training shell and method of training bird dogs,1958,"US Patent 2,851,991",Google Patents,https://patents.google.com/patent/US2851991A/en,,
"RH Guymer, AC Bird…",Cytoarchitecture of choroidal capillary endothelial cells,2004,… ophthalmology & visual …,iovs.arvojournals.org,https://iovs.arvojournals.org/article.aspx?articleid=2124645,,
"…, GS Nusinovich, O Dumbrajs, G Bird…",Design of a 3-MW 140-GHz gyrotron with a coaxial cavity,1996,IEEE transactions on …,ieeexplore.ieee.org,https://ieeexplore.ieee.org/abstract/document/532941/,,
"K Darras, B Furnas, I Fitriawan…",Estimating bird detection distances in sound recordings for standardizing detection ranges and distance sampling,2018,Methods in Ecology …,Wiley Online Library,https://besjournals.onlinelibrary.wiley.com/doi/abs/10.1111/2041-210X.13031,,
A Challita,Validation of a bird substitute for development and qualification of aircraft transparenciles,1980,,apps.dtic.mil,https://apps.dtic.mil/docs/citations/ADA097736,,
"…, L Mourokh, JL Reno, AG Markelz, JP Bird",Terahertz response of quantum point contacts,2008,Applied Physics …,aip.scitation.org,https://aip.scitation.org/doi/abs/10.1063/1.2938416,,
"GT Poulton, TS Bird",Earth-station antennas for multiple satellite access,1986,Nuclear Science Engineering,adsabs.harvard.edu,http://adsabs.harvard.edu/abs/1986nse.....2.....P,,
"MC Yuang, IF Chao, BC Lo, PL Tien…",HOPSMAN: An experimental testbed system for a 10-Gb/s optical packet-switched WDM metro ring network,2008,IEEE …,ieeexplore.ieee.org,https://ieeexplore.ieee.org/abstract/document/4557060/,,
"V Sguera, EJ Barlow, AJ Bird, DJ Clark…",INTEGRAL observations of recurrent fast X-ray transient sources,2005,Astronomy & …,aanda.org,https://www.aanda.org/articles/aa/abs/2005/46/aa3103-05/aa3103-05.html,,
TS Bird,Investigation of crosspolarisation in offset Cassegrain antennas,1981,Electronics Letters,ieeexplore.ieee.org,https://ieeexplore.ieee.org/abstract/document/4245888/,,
"M Bergin, P Bird, I Cowan, JF Pearson",Exploring the critical distance and position relationships between the Eustachian tube and the internal carotid artery,2010,Otology & Neurotology,journals.lww.com,https://journals.lww.com/otology-neurotology/Fulltext/2010/12000/Exploring_the_Critical_Distance_and_Position.29.aspx,,
"I Lengyel, A Csutak, D Florea, I Leung, AC Bird…",A Population-Based Ultra-Widefield Digital Image Grading Study for Age-Related Macular Degeneration–Like Lesions at the Peripheral Retina,2015,Ophthalmology,Elsevier,https://www.sciencedirect.com/science/article/pii/S0161642015001876,,
"…, A Rawstron, S Richards, J Isaacs, H Bird…",A phase 1 study to address the safety and efficacy of granulocyte colony‐stimulating factor for the mobilization of hematopoietic progenitor cells in active rheumatoid …,1997,Arthritis & …,Wiley Online Library,https://onlinelibrary.wiley.com/doi/abs/10.1002/art.1780401017,,
"…, C Bunce, FW Fitzke, AC Bird",Phenotypic subtypes of Stargardt macular dystrophy–fundus flavimaculatus,2001,Archives of …,jamanetwork.com,https://jamanetwork.com/journals/jamaophthalmology/article-abstract/265571,,
"PH Kraeutner, JS Bird",Principal components array processing for swath acoustic mapping,1997,Oceans' 97. MTS/IEEE Conference …,ieeexplore.ieee.org,https://ieeexplore.ieee.org/abstract/document/624174/,,
"SA Kabanarou, GE Holder, AC Bird…",Isolated foveal retinoschisis as a cause of visual loss in young females,2003,British journal of …,bjo.bmj.com,https://bjo.bmj.com/content/87/6/801.short,,
"SH Tsang, V Vaclavik, AC Bird…",Novel phenotypic and genotypic findings in X-linked retinoschisis,2007,Archives of …,jamanetwork.com,https://jamanetwork.com/journals/jamaophthalmology/article-abstract/817068,,
E Gwinner,Internal rhythms in bird migration,1986,Scientific American,JSTOR,https://www.jstor.org/stable/24975933,,
"T Itina, K Gouriet",Mechanisms of nanoparticle formation by laser ablation,2004,,books.google.com,https://books.google.com/books?hl=en&lr=&id=5XSfDwAAQBAJ&oi=fnd&pg=PA309&dq=bird+(laser+OR+strobe+OR+flash+OR+flare+OR+flaring+OR+reflector)&ots=MsWSTxDwq-&sig=4EFqie8XieNaEF3NR-6ChY0KaJQ,,
"AP Piechowski, GR Bird",A new family of lasing dyes from an old family of fluors,1984,Optics communications,Elsevier,https://www.sciencedirect.com/science/article/pii/003040188490107X,,
"KG Schmidt, FW Fitzke, AC Bird…","Fundus autofluorescence in patients with hereditary macular dystrophies, malattia leventinese, familial dominant and aged-related drusen",1998,Klinische Monatsblatter …,europepmc.org,https://europepmc.org/abstract/med/9782465,,
"PR Bird, DJ Bradley, W Sibbett",The Photochron II streak camera,1975,High Speed Photography,Springer,https://link.springer.com/chapter/10.1007/978-1-4613-3377-7_16,,
S Paculdo,Bird shaped laser pet toy,2013,"US Patent App. 29/427,455",Google Patents,https://patents.google.com/patent/USD679460S1/en,,
KG Buller,A new record of the Western Bristle-bird,1945,Emu-Austral Ornithology,Taylor & Francis,https://www.tandfonline.com/doi/pdf/10.1071/MU945078,,
"…, AT Moore, DM Hunt, FW Fitzke, AC Bird",Phenotype of a British North Carolina macular dystrophy family linked to chromosome 6q,1998,British journal of …,bjo.bmj.com,https://bjo.bmj.com/content/82/10/1162.short,,
J Warham,The technique of bird photography,1983,,Butterworth-Heinemann,,,
"GT Poulton, TS Bird",Improved rear-radiating waveguide cup feeds,1986,IEEE Antennas and Propagation …,researchers.mq.edu.au,https://researchers.mq.edu.au/en/publications/improved-rear-radiating-waveguide-cup-feeds,,
J Warham,"The Trinidad Petrel, Pterodroma arminjoniana, A New Bird for Australia",1959,Emu-Austral Ornithology,Taylor & Francis,https://www.tandfonline.com/doi/pdf/10.1071/MU959153,,
"RE Scott, LJ Roberts, CJ Cadbury",Bird deaths from power lines at Dungeness,1972,British Birds,britishbirds.co.uk,https://britishbirds.co.uk/wp-content/uploads/article_files/V65/V65_N07/V65_N07_P273_286_A054.pdf,,
"RA Hill, SA Hinsley, PE Bellamy, H Balzter",Ecological applications of airborne laser scanner data: Woodland bird habitat modeling,2003,… Scientific Workshop on Airborne Laser …,,,,
"RA Hill, SA Hinsley, PE Bellamy, H Balzter",Ecological applications of airborne laser scanner data: Modelling woodland bird habitats,2003,… : Scientific Workshop on Airborne Laser …,,,,
A Wetmore,Fossil bird remains from the Eocene of Wyoming,1933,The Condor,JSTOR,https://www.jstor.org/stable/1363436,,
"SS Kim, N Lee, GJ Bae, KC Kim, HS Rhee",Flash memory having local SONOS structure using notched gate and manufacturing method thereof,2004,"US Patent 6,806,517",Google Patents,https://patents.google.com/patent/US6806517B2/en,,
"M Secretan, D Kuhn, G Soubrane…",Long-term visual outcome of choroidal neovascularization in pathologic myopia: natural history and laser treatment,1997,European journal of …,journals.sagepub.com,https://journals.sagepub.com/doi/abs/10.1177/112067219700700401,,
"WD Breshears, PF Bird, JH Kiefer",Density Gradient Measurements of O2 Dissociation in Shock Waves,1971,The Journal of Chemical …,aip.scitation.org,https://aip.scitation.org/doi/abs/10.1063/1.1676695,,
"T Alerstam, M Rosén, J Bäckman, PGP Ericson…",Flight speeds among bird species: allometric and phylogenetic effects,2007,PLoS …,journals.plos.org,https://journals.plos.org/plosbiology/article?id=10.1371/journal.pbio.0050197,,
"PS Bora, JH Sohn, JMC Cruz, P Jha…",Role of complement and complement membrane attack complex in laser-induced choroidal neovascularization,2005,The Journal of …,Am Assoc Immnol,https://www.jimmunol.org/content/174/1/491.short,,
"DS Poe, JF Grimmer, R Metson",Laser eustachian tuboplasty: two‐year results,2007,The Laryngoscope,Wiley Online Library,https://onlinelibrary.wiley.com/doi/abs/10.1097/01.mlg.0000246227.65877.1f,,
"…, M Beilicke, W Benbow, K Berger, R Bird…",Very-high energy observations of the Galactic center region by VERITAS in 2010-2012,2014,The Astrophysical …,iopscience.iop.org,https://iopscience.iop.org/article/10.1088/0004-637X/790/2/149/pdf,,
"BN Murdin, K Litvinenko, J Allam, CR Pidgeon, M Bird…",Temperature and doping dependence of spin relaxation in -InAs,2005,Physical Review B,APS,https://journals.aps.org/prb/abstract/10.1103/PhysRevB.72.085346,,
"EKS Shim, GF Chandra, S Pedireddy…","Characterization of swiftlet edible bird nest, a mucin glycoprotein, and its adulterants by Raman microspectroscopy",2016,Journal of food science and …,Springer,https://link.springer.com/article/10.1007/s13197-016-2344-3,,
"A Challita, BS West",Effects of bird orientation at impact on load profile and damage level,1980,,apps.dtic.mil,https://apps.dtic.mil/docs/citations/ADA090676,,
"WD Breshears, PF Bird","Vibrational Relaxation of Nitric Oxide at 500–1,900 K",1969,Nature,nature.com,https://www.nature.com/articles/224268a0,,
"M Velonaki, D Rye, S Scheding, S Williams",Fish-Bird: Cross-Disciplinary Collaboration,2008,Ieee Multimedia,ieeexplore.ieee.org,https://ieeexplore.ieee.org/abstract/document/4476267/,,
"C Rose-Petruck, KJ Schafer, KR Wilson, CPJ Barty",Ultrafast electron dynamics and inner-shell ionization in laser driven clusters,1997,Physical Review A,APS,https://journals.aps.org/pra/abstract/10.1103/PhysRevA.55.1182,,
"JM Newcamp, GD Womack, MD Foley…",Airborne Bird Strike Countermeasure,2016,US Patent App. 14 …,Google Patents,https://patents.google.com/patent/US20160029615A1/en,,
"VM Donnelly, DL Flamm, G Collins",Laser diagnostics of plasma etching: Measurement of Cl+2 in a chlorine discharge,1982,Journal of Vacuum Science …,avs.scitation.org,https://avs.scitation.org/doi/abs/10.1116/1.571829,,
"P Brumer, M Shapiro",Molecular response in one-photon absorption via natural thermal light vs. pulsed laser excitation,2012,… of the National Academy of Sciences,National Acad Sciences,https://www.pnas.org/content/109/48/19575.short,,
"E Goodale, SW Kotagama",Context-dependent vocal mimicry in a passerine bird,2005,Proceedings of the Royal …,royalsocietypublishing.org,https://royalsocietypublishing.org/doi/abs/10.1098/rspb.2005.3392,,
JH Marshall,"AM and Bird, AC (1975). Histopathology of ruby and argon laser lesions in monkey and human retina",,Br. J. Ophthakrwl,,,,
"…, M Zeimer, M Gutfleisch, G Spital, AC Bird…",Foveal RPE autofluorescence as a prognostic factor for anti-VEGF therapy in exudative AMD,2008,Graefe's Archive for …,Springer,https://link.springer.com/article/10.1007/s00417-008-0854-z,,
"T Kawasaki, T Fukasawa, T Noguchi…","Development of AUV"" Marine Bird"" with underwater docking and recharging system",2003,… Physics and Control …,ieeexplore.ieee.org,https://ieeexplore.ieee.org/abstract/document/1224134/,,
AC Bird,What is the future of research in age-related macular disease?,1997,Archives of Ophthalmology,jamanetwork.com,https://jamanetwork.com/journals/jamaophthalmology/article-abstract/642329,,
"…, N Patel, M Toda, FW Fitzke, AC Bird…",Macular and retinal dysfunction of unknown origin in adults with normal fundi: evidence for an autoimmune pathophysiology,2008,… and molecular pathology,Elsevier,https://www.sciencedirect.com/science/article/pii/S0014480007001268,,
"M Fiocchi, A Bazzano, AJ Bird, SP Drave…",THE INTEGRAL SOURCE IGR J16328–4726: A HIGH-MASS X-RAY BINARY FROM THE BEPPOSAX ERA,2012,The Astrophysical …,iopscience.iop.org,https://iopscience.iop.org/article/10.1088/0004-637X/762/1/19/meta,,
"…, A Archer, W Benbow, R Bird…",A search for brief optical flashes associated with the SETI target KIC 8462852,2016,The Astrophysical …,iopscience.iop.org,https://iopscience.iop.org/article/10.3847/2041-8205/818/2/L33,,
"V Vaclavik, KGJ Ooi, AC Bird, AG Robson…",Autofluorescence findings in acute exudative polymorphous vitelliform maculopathy,2007,Archives of …,jamanetwork.com,https://jamanetwork.com/journals/jamaophthalmology/article-abstract/817048,,
"D Bird, S Duffy, D Isaacs, AD Webster",Reference ranges for IgG subclasses in preschool children.,1985,Archives of disease in …,adc.bmj.com,https://adc.bmj.com/content/60/3/204.abstract,,
"C Hughes, G Clemens, B Bird, T Dawson, KM Ashton…",Introducing discrete frequency infrared technology for high-throughput biofluid screening,2016,Scientific reports,nature.com,https://www.nature.com/articles/srep20173,,
"K Doughty, DEL Vaughan, K Cameron, DM Bird",Novel acoustically tuned fibre laser,1993,Electronics Letters,IET,https://digital-library.theiet.org/content/journals/10.1049/el_19930020,,
"…, SJ Pieris, G Supramaniam, AR Webster, AC Bird…",Functional observations in vitamin A deficiency: diagnosis and time course of recovery,2007,Eye,nature.com,https://www.nature.com/articles/6702212,,
"…, GB Arden, SS Bhattacharya, AC Bird",Autosomal dominant retinitis pigmentosa mapping to chromosome 7p exhibits variable expression.,1995,British journal of …,bjo.bmj.com,https://bjo.bmj.com/content/79/1/23.short,,
"GM de Buy Wenniger, T Schmits, A Visser",Identifying Free Space in a Robot Bird-Eye View.,2009,ECMR,staff.science.uva.nl,https://staff.science.uva.nl/a.visser/education/DOAS/2008/FreeSpaceBEView.pdf,,
"WD Breshears, PF Bird",Density gradient measurements of HCl dissociation in shock waves,1972,The Journal of Chemical Physics,aip.scitation.org,https://aip.scitation.org/doi/abs/10.1063/1.1677045,,
TS Bird,Optimum array feed for a multiple-beam reflector antenna,1979,… (Convention Digest)(Institution of Radio and …,researchers.mq.edu.au,https://researchers.mq.edu.au/en/publications/optimum-array-feed-for-a-multiple-beam-reflector-antenna,,
"LG Rossi, RL Knight","Cliff attributes and bird communities in Jefferson County, Colorado",2006,Natural Areas Journal,BioOne,https://bioone.org/journals/Natural-Areas-Journal/volume-26/issue-4/0885-8608(2006)26[331:CAABCI]2.0.CO;2/Cliff-Attributes-and-Bird-Communities-in-Jefferson-County-Colorado/10.3375/0885-8608(2006)26[331:CAABCI]2.0.CO;2.short,,
"WD Breshears, PF Bird","Vibrational Relaxation of Shock‐Heated Cl2: Effects of CO, HCl, and DCl",1969,The Journal of Chemical Physics,aip.scitation.org,https://aip.scitation.org/doi/abs/10.1063/1.1672575,,
"EJ Dear, PJ Guay, RW Robinson…",Distance from shore positively influences alert distance in three wetland bird species,2015,Wetlands Ecology and …,Springer,https://link.springer.com/article/10.1007/s11273-014-9376-0,,
"L Fu, X Gan, D Bird, M Gu",Polarisation characteristics of a 1× 2 fibre coupler under femtosecond pulsed and continuous wave illumination,2005,Optics & Laser Technology,Elsevier,https://www.sciencedirect.com/science/article/pii/S0030399204001318,,
"TA Ciulla, MH Criswell, RP Danis…",Intravitreal triamcinolone acetonide inhibits choroidal neovascularization in a laser-treated rat model,2001,Archives of …,jamanetwork.com,https://jamanetwork.com/journals/jamaophthalmology/article-abstract/265682,,
"A Castellanos-Gomez, M Barkelid, AM Goossens…",Laser-Thinning of MoS2: On Demand Generation of a Single-Layer Semiconductor,2012,Nano …,ACS Publications,https://pubs.acs.org/doi/abs/10.1021/nl301164v,,
"D Rye, M Velonaki, S Williams…",Fish-bird: Human-robot interaction in a contemporary arts setting,2005,Proceedings of the 2005 …,core.ac.uk,https://core.ac.uk/download/pdf/21723012.pdf,,
"R Green, DN Jones","Practices, needs and attitudes of bird-watching tourists in Australia",2010,,sustain.pata.org,https://sustain.pata.org/wp-content/uploads/2014/12/31003-Green-Birdwatching-Tourism-WEB1.pdf,,
"M Velonaki, D Rye, S Scheding…",Fish-bird: Autonomous interactions in a new media arts setting,2005,Vital signs: Creative …,search.informit.com.au,https://search.informit.com.au/fullText;dn=040973311009947;res=IELHSS,,
"CA Ribic, MJ Guzy, DW Sample",Grassland bird use of remnant prairie and Conservation Reserve Program fields in an agricultural landscape in Wisconsin,2009,The American Midland Naturalist,BioOne,https://bioone.org/journals/The-American-Midland-Naturalist/volume-161/issue-1/0003-0031-161.1.110/Grassland-Bird-Use-of-Remnant-Prairie-and-Conservation-Reserve-Program/10.1674/0003-0031-161.1.110.short,,
AC Bird,Therapeutic targets in age-related macular disease,2010,The Journal of clinical investigation,Am Soc Clin Investig,https://www.jci.org/articles/view/42437,,
"…, FG Holz, FW Fitzke, RF Spaide, A Bird",Perspectives in imaging technologies,2007,Atlas of Fundus …,Springer,https://link.springer.com/content/pdf/10.1007/978-3-540-71994-6.pdf#page=324,,
"PR Bird, DJ Bradley, W Sibbet",Photochron II: an image tube for sub-picosecond chronography,1976,Advances in Electronics and Electron …,Elsevier,https://www.sciencedirect.com/science/article/pii/S0065253908614602,,
"CJ Spray, HQP Crick, ADM Hart",Effects of aerial applications of fenitrothion on bird populations of a Scottish pine plantation,1987,Journal of applied ecology,JSTOR,https://www.jstor.org/stable/2403785,,
J Bird,Method and system for playing games using wireless communication,2005,"US Patent App. 10/838,463",Google Patents,https://patents.google.com/patent/US20050250580A1/en,,
CA Faanes,Bird behavior and mortality in relation to power lines in prairie habitats.,1987,,apps.dtic.mil,https://apps.dtic.mil/docs/citations/ADA322514,,
"QJ Wang, C Yan, N Yu…",Whispering-gallery mode resonators for highly unidirectional laser action,2010,Proceedings of the …,National Acad Sciences,https://www.pnas.org/content/107/52/22407.short,,
TL Clarke,An autonomous bird deterrent system,2004,,eprints.usq.edu.au,https://eprints.usq.edu.au/00000064/01/TimCLARKE-2004.pdf,,
"K Brieß, W Barwald, F Lura, S Montenegro…",The BIRD mission is completed for launch with the PSLV-C3 in 2001,2002,PHOTOGRAMMETRIE …,dlr.de,http://www.dlr.de/iaa.symp/portaldata/49/resources/dokumente/archiv3/1103.pdf,,
"Y Watanuki, F Mehlum, A Takahashi",Water temperature sampling by foraging Brünnich's Guillemots with bird‐borne data loggers,2001,Journal of Avian Biology,Wiley Online Library,https://onlinelibrary.wiley.com/doi/abs/10.1034/j.1600-048X.2001.320214.x,,
"…, AG Robson, GE Holder, AC Bird…",Bilateral giant macular schisis in a patient with enhanced S-cone syndrome from a family showing pseudo-dominant inheritance,2008,British Journal of …,bjo.bmj.com,https://bjo.bmj.com/content/92/2/299.short,,
"JA Bittl, TA Sanborn, JE Tcheng, RM Siegel…","Clinical success, complications and restenosis rates with excimer laser coronary angioplasty",1992,The American journal of …,Elsevier,https://www.sciencedirect.com/science/article/pii/0002914992904536,,
"W Supatto, D Débarre, B Moulia…",In vivo modulation of morphogenetic movements in Drosophila embryos with femtosecond laser pulses,2005,Proceedings of the …,National Acad Sciences,https://www.pnas.org/content/102/4/1047.short,,
"…, IH Chisholm, M Gross, RH Guymer, FG Holz, AC Bird",… group: Prophylactic Laser Treatment Hastens Choroidal Neovascularization in Unilateral Age-Related Maculopathy: Final Results of the Drusen Laser …,2006,Am J Ophthalmol,,,,
"WH Tseng, D Juan, WC Hsiao, YC Chen, CH Chan…",Bird-Wing Optical-Reflector Design with Photocatalyst for Low-Glare Mosquito Trapping System with Light-Emitting Diodes,2019,Crystals,mdpi.com,https://www.mdpi.com/2073-4352/9/3/139,,
"…, K Ishibashi, N Aoki, Y Ochiai, JL Reno, JP Bird",Evaluating the performance of quantum point contacts as nanoscale terahertz sensors,2010,Optics …,osapublishing.org,https://www.osapublishing.org/abstract.cfm?uri=oe-18-5-4609,,
"W Van Paepegem, A Shulev, A Moentjens…",Use of projection moiré for measuring the instantaneous out-of-plane deflections of composite plates subject to bird strike,2008,Optics and Lasers in …,Elsevier,https://www.sciencedirect.com/science/article/pii/S0143816608000353,,
"MR Ward, DE Stallknecht, J Willis…","Wild bird mortality and West Nile virus surveillance: biases associated with detection, reporting, and carcass persistence",2006,Journal of Wildlife …,Wildlife Dis Assoc,http://www.jwildlifedis.org/doi/abs/10.7589/0090-3558-42.1.92,,
"MJ Fuxjager, JD Schultz, J Barske, NY Feng…",Spinal motor and sensory neurons are androgen targets in an acrobatic bird,2012,…,academic.oup.com,https://academic.oup.com/endo/article-abstract/153/8/3780/2424040,,
"V Sguera, SP Drave, AJ Bird, A Bazzano…",IGR J17354− 3255 as a candidate intermediate supergiant fast X-ray transient possibly associated with the transient MeV AGL J1734− 3310,2011,Monthly Notices of …,academic.oup.com,https://academic.oup.com/mnras/article-abstract/417/1/573/980384,,
JC Saunders,Auditory structure and function in the bird middle ear: An evaluation by SEM and capacitive probe,1985,Hearing research,Elsevier,https://www.sciencedirect.com/science/article/pii/0378595585900425,,
"…, GB Arden, SS Bhattacharya, AC Bird",Ocular manifestations in autosomal dominant retinitis pigmentosa with a Lys-296-Glu rhodopsin mutation at the retinal binding site.,1994,British journal of …,bjo.bmj.com,https://bjo.bmj.com/content/78/5/353.short,,
"G Vazquez, BJ Wedel, M Trebak, GSJ Bird…",Expression level of the canonical transient receptor potential 3 (TRPC3) channel determines its mechanism of activation,2003,Journal of Biological …,ASBMB,http://www.jbc.org/content/278/24/21649.short,,
"…, IH Chisholm, AM Hamilton, AC Bird",Detection of subpigment epithelial neovascularisation in cases of retinal pigment epithelial detachments: a review of the Moorfields treatment trial.,1992,British journal of …,bjo.bmj.com,https://bjo.bmj.com/content/76/1/8.short,,
GR Bradley,Swivel mount for bird-shaped decoys,2012,"US Patent 8,316,575",Google Patents,https://patents.google.com/patent/US8316575B2/en,,
"P Wolfgram, J Vrbancich",Layered earth inversions of AEM bathymetry data incorporating aircraft attitude and bird offset–a case study of Torres Strait,2007,Exploration Geophysics,Taylor & Francis,https://www.tandfonline.com/doi/abs/10.1071/EG07013,,
V Josef,Bird cage,1962,"US Patent 3,029,788",Google Patents,https://patents.google.com/patent/US3029788A/en,,
"…, JL Neill, DP Zaleski, BH Pate, A Lesarri, RG Bird…",Structural studies of biomolecules in the gas phase by chirped-pulse Fourier transform microwave spectroscopy,2011,Faraday …,pubs.rsc.org,https://pubs.rsc.org/en/content/articlehtml/2011/fd/c1fd00008j,,
"DK Bird, KM Agg, NW Barnett…",Time‐resolved fluorescence microscopy of gunshot residue: an application to forensic science,2007,Journal of microscopy,Wiley Online Library,https://onlinelibrary.wiley.com/doi/abs/10.1111/j.1365-2818.2007.01752.x,,
"J Dowden, P Kapadia…",An analysis of the laser-plasma interaction in laser keyhole welding,1989,Journal of Physics D …,iopscience.iop.org,https://iopscience.iop.org/article/10.1088/0022-3727/22/6/004/meta,,
"M Lockley, M Matsukawa, H Ohira, J Li, J Wright…","Bird tracks from Liaoning Province, China: New insights into avian evolution during the Jurassic-Cretaceous transition",2006,Cretaceous …,Elsevier,https://www.sciencedirect.com/science/article/pii/S0195667105001096,,
"SF Durrant, NI Ward",Recent biological and environmental applications of laser ablation inductively coupled plasma mass spectrometry (LA-ICP-MS),2005,Journal of Analytical Atomic Spectrometry,pubs.rsc.org,https://pubs.rsc.org/en/content/articlehtml/2005/ja/b502206a,,
R Bird,Application of Monte Carlo techniques to insolation characterization and prediction,1979,,books.google.com,https://books.google.com/books?hl=en&lr=&id=RL5XQyzELJgC&oi=fnd&pg=PP7&dq=bird+(laser+OR+strobe+OR+flash+OR+flare+OR+flaring+OR+reflector)&ots=sT2y29IUdW&sig=y_BDaigt2RX90oFRxUsjtE8iLVE,,
H Brown,Arizona bird notes,1903,The Auk,JSTOR,https://www.jstor.org/stable/4070097,,
"SS Rosenstock, Charles Van Riper, III",Breeding bird responses to juniper woodland expansion,2001,Journal of Range Management,JSTOR,https://www.jstor.org/stable/4003238,,
"…, RP Mills, RE Kalina, TD Bird",Cone dysfunction in a subgroup of patients with autosomal dominant cerebellar ataxia,1990,Archives of …,jamanetwork.com,https://jamanetwork.com/journals/jamaophthalmology/article-abstract/638396,,
M Weiser,Bird novelty,2005,"US Patent App. 29/188,713",Google Patents,https://patents.google.com/patent/USD503655S1/en,,
"JF Hicks, JD Obradovich, L Tauxe","Magnetostratigraphy, isotopic age calibration and intercontinental correlation of the Red Bird section of the Pierre Shale, Niobrara County, Wyoming, USA",1999,Cretaceous Research,Elsevier,https://www.sciencedirect.com/science/article/pii/S0195667198901331,,
"…, F Fineyre, T Riley, B Bird","Myoclonus and the electroencephalogram, a review",1979,Clinical …,journals.sagepub.com,https://journals.sagepub.com/doi/abs/10.1177/155005947901000206,,
"GJ Stringer, PS BIRD",Lethal laser photosensitization of Streptococcus mutans absorbed into dentine slices,1998,International Congress on Lasers in Dentistry,,,,
"S Vujosevic, V Vaclavik, AC Bird, I Leung…","Combined grading for choroidal neovascularisation: colour, fluorescein angiography and autofluorescence images",2007,Graefe's Archive for …,Springer,https://link.springer.com/article/10.1007/s00417-007-0574-9,,
"JD Bird, DE Reese Jr",Stability of ballistic reentry bodies,1958,,ntrs.nasa.gov,https://ntrs.nasa.gov/archive/nasa/casi.ntrs.nasa.gov/19710066224.pdf,,
"…, A Dangour, E Allen, AG Robson, AC Bird…",Electroretinogram measures in a septuagenarian population,2011,Documenta …,Springer,https://link.springer.com/article/10.1007/s10633-011-9282-1,,
JJ Russell,Lady Bird: A Biography of Mrs. Johnson,2014,,books.google.com,https://books.google.com/books?hl=en&lr=&id=xpOSBAAAQBAJ&oi=fnd&pg=PA11&dq=bird+(laser+OR+strobe+OR+flash+OR+flare+OR+flaring+OR+reflector)&ots=TM_uTmIT2_&sig=El1q7S_MlWq42JZlNjeETS9eNtM,,
"…, G Nanda, E Picard, E Brun, A Bird…",Optimizing ads by customization for a target device,2011,US Patent App. 12 …,Google Patents,https://patents.google.com/patent/US20110022464A1/en,,
"D Li, Y Xiao, W Hu, J Xie, F Bosmans, J Tytgat…","Function and solution structure of hainantoxin‐I, a novel insect sodium channel inhibitor from the Chinese bird spider Selenocosmia hainana1",2003,FEBS …,Wiley Online Library,https://febs.onlinelibrary.wiley.com/doi/abs/10.1016/S0014-5793(03)01303-6,,
HK Park,Bird feeder,1998,"US Patent 5,775,257",Google Patents,https://patents.google.com/patent/US5775257A/en,,
"DHR Spennemann, M Pike…",Bird impacts on heritage buildings: Australian practitioners' perspectives and experiences,2018,Journal of Cultural …,emeraldinsight.com,https://www.emeraldinsight.com/doi/abs/10.1108/JCHMSD-07-2016-0042,,
"…, B Behera, M Beilicke, W Benbow, R Bird…",Discovery of a new TeV gamma-ray source: VER J0521+ 211,2013,The Astrophysical …,iopscience.iop.org,https://iopscience.iop.org/article/10.1088/0004-637X/776/2/69/meta,,
"…, V Beckmann, E Kuulkers, A Bird…",Earlier activity from XTE J1739-302/IGR J17391-3021 detected by INTEGRAL,2008,The astronomer's …,adsabs.harvard.edu,http://adsabs.harvard.edu/abs/2008ATel.1471....1C,,
"T Ueda, D Fleischmann, MD Dake, GD Rubin, DY Sze",Incomplete endograft apposition to the aortic arch: bird-beak configuration increases risk of endoleak formation after thoracic endovascular aortic repair,2010,Radiology,pubs.rsna.org,https://pubs.rsna.org/doi/abs/10.1148/radiol.10091468,,
"C Granet, TS Bird, GL James",Compact multimode horn with low sidelobes for global earth coverage,2000,IEEE Transactions on Antennas …,ieeexplore.ieee.org,https://ieeexplore.ieee.org/abstract/document/876332/,,
"Y Ge, KP Esselle, TS Bird",A wideband probe‐fed stacked dielectric resonator antenna,2006,Microwave and Optical Technology …,Wiley Online Library,https://onlinelibrary.wiley.com/doi/abs/10.1002/mop.21716,,
"AR Hughes, GS Bird, JF Obie, O Thastrup…","Role of inositol (1, 4, 5) trisphosphate in epidermal growth factor-induced Ca2+ signaling in A431 cells.",1991,Molecular …,ASPET,http://molpharm.aspetjournals.org/content/40/2/254.short,,
"WD Breshears, PF Bird",Density gradient measurements of F2 dissociation rates in shock waves,1973,The Journal of Chemical Physics,aip.scitation.org,https://aip.scitation.org/doi/pdf/10.1063/1.1679115,,
"B Blitch, J Monin, J Carr",System and method for managing telecommunications resources,2004,"US Patent App. 10/784,135",Google Patents,https://patents.google.com/patent/US20040186798A1/en,,
"CA Ziegler, LL Bird, KH Olson, JA Hull…","Technique for determining density distribution in low pressure, high temperature gases",1964,Review of Scientific …,aip.scitation.org,https://aip.scitation.org/doi/abs/10.1063/1.1718843,,
"F Friocourt, AG Lafont, C Kress, B Pain, M Manceau…",Recurrent DCC gene losses during bird evolution,2017,Scientific reports,nature.com,https://www.nature.com/articles/srep37569,,
"LT Bird, MA Yvanovich, TR Angell, PJ Bishop, W Dai…",Automated Laser Cutting In Three Dimensions,1995,,ntrs.nasa.gov,https://ntrs.nasa.gov/search.jsp?R=19950070429,,
W Max,Bird cage with conveyor type disposable floor,1960,"US Patent 2,938,496",Google Patents,https://patents.google.com/patent/US2938496A/en,,
"DJ Bird, J Boyer, RW Clay, SC Corbató…",The High Resolution Fly's Eye (HiRes) Project,1993,International Cosmic …,adsabs.harvard.edu,http://adsabs.harvard.edu/full/1993ICRC....2..458B,,
"JD Ela, MM Dunn",Bird feeder with releasably removable base,2005,"US Patent 6,957,626",Google Patents,https://patents.google.com/patent/US6957626B2/en,,
"A Bergemont, MH Chi, H Haggag",Low voltage NVG/sup TM: a new high performance 3 V/5 V flash technology for portable computing and telecommunications applications,1996,IEEE Transactions on …,ieeexplore.ieee.org,https://ieeexplore.ieee.org/abstract/document/535343/,,
"GR Bird, MJ Marsden",The rotational resonance Raman spectrum of nitrogen dioxide and the determination of electronic state symmetry from resonance Raman selection rules,1974,Journal of Molecular Spectroscopy,Elsevier,https://www.sciencedirect.com/science/article/pii/0022285274902434,,
GA Bird,Effect of wave interactions on pressure distributions in supersonic and hypersonic flow,1963,AIAA Journal,arc.aiaa.org,https://arc.aiaa.org/doi/pdf/10.2514/3.54848,,
"Z Zhou, J Clarke, F Zhang","Insight into diversity, body size and morphological evolution from the largest Early Cretaceous enantiornithine bird",2008,Journal of Anatomy,Wiley Online Library,https://onlinelibrary.wiley.com/doi/abs/10.1111/j.1469-7580.2008.00880.x,,
"TS Bird, C Granet",Fabrication and space-qualifying a lightweight corrugated horn with low sidelobes for global-Earth coverage,2008,IEEE Antennas and Propagation Magazine,ieeexplore.ieee.org,https://ieeexplore.ieee.org/abstract/document/4494505/,,
TS Bird,Exact solution of open-ended coaxial waveguide with centre conductor of infinite extent and applications,1987,"IEE Proceedings H (Microwaves, Antennas and …",IET,https://digital-library.theiet.org/content/journals/10.1049/ip-h-2.1987.0089,,
"V Sguera, AJ Bird, AJ Dean, A Bazzano…",INTEGRAL and Swift observations of the supergiant fast X-ray transient AX J1845. 0–0433= IGR J18450–0435,2007,Astronomy & …,aanda.org,https://www.aanda.org/articles/aa/abs/2007/05/aa6210-06/aa6210-06.html,,
"CA DeMars, DK Rosenberg, JB Fontaine",Multi-scale factors affecting bird use of isolated remnant oak trees in agro-ecosystems,2010,Biological Conservation,Elsevier,https://www.sciencedirect.com/science/article/pii/S0006320710001187,,
"DK Bird, AL Schneider, AC Watkinson…",Navigating transdermal diffusion with multiphoton fluorescence lifetime imaging,2008,Journal of …,Wiley Online Library,https://onlinelibrary.wiley.com/doi/abs/10.1111/j.1365-2818.2008.01955.x,,
"JK Böhlke, JJ Irwin","Laser microprobe analyses of Cl, Br, I, and K in fluid inclusions: Implications for sources of salinity in some ancient hydrothermal fluids",1992,Geochimica et Cosmochimica Acta,Elsevier,https://www.sciencedirect.com/science/article/pii/0016703792901275,,
"…, J Perenboom, HHJ Ten Kate, MD Bird…",Conceptual design of the 45 T hybrid magnet at the Nijmegen high field magnet laboratory,2010,IEEE Transactions …,ieeexplore.ieee.org,https://ieeexplore.ieee.org/abstract/document/5438902/,,
"JC Prodger, MJ Bamford, MI Bird, PM Gore…","Mimics of the sialyl Lewis X tetrasaccharide. Replacement of the N-Acetylglucosamine sugar with simple C2-symmetric 1, 2-diols",1996,Bioorganic & medicinal …,Elsevier,https://www.sciencedirect.com/science/article/pii/0968089696000557,,
"E Gill, O Montenbruck, K Brieß",GPS-based autonomous navigation for the BIRD satellite,2000,15th International Symposium on Spaceflight …,dlr.de,http://www.dlr.de/rb/Portaldata/38/Resources/dokumente/GSOC_dokumente/RB-RFT/ISSFD_XV31.pdf,,
JL Belant,"Bird harassment, repellent, and deterrent techniques for use on and near airports",2011,,books.google.com,https://books.google.com/books?hl=en&lr=&id=jt2kMTdxkcYC&oi=fnd&pg=PP1&dq=bird+(laser+OR+strobe+OR+flash+OR+flare+OR+flaring+OR+reflector)&ots=Lq89a5TcLd&sig=Wxo1RERqK9O3tCKzlgtYm0bUfQI,,
L Lowry,Gooney bird greene,2010,,books.google.com,https://books.google.com/books?hl=en&lr=&id=j5zMDnP8t08C&oi=fnd&pg=PP1&dq=bird+(laser+OR+strobe+OR+flash+OR+flare+OR+flaring+OR+reflector)&ots=fuC7M5RIru&sig=MZ1jXbtNoPNEN4MPigB4FmBSUHc,,
"MNR Ashfold, F Claeyssens, GM Fuge…",Pulsed laser ablation and deposition of thin films,2004,Chemical Society …,pubs.rsc.org,https://pubs.rsc.org/en/content/articlehtml/2004/cs/b207644f,,
"G Han, JC Bird, K Johan, A Westin, KS Breuer",Infrared diagnostics for measuring fluid and solid motion inside MEMS,2002,"Solid-State Sensor, Actuator and …",,,,
"RA Dolbeer, WJ Barnes",Positive bias in bird strikes to engines on left side of aircraft,2017,Human–Wildlife Interactions,digitalcommons.usu.edu,https://digitalcommons.usu.edu/hwi/vol11/iss1/7/,,
"A Natale, R Guida, R Bird, P Whittaker…",Demonstration and analysis of the applications of S-band SAR,2011,2011 3rd …,ieeexplore.ieee.org,https://ieeexplore.ieee.org/abstract/document/6087018/,,
GR Bird,Method of forming carbide coated coiled filaments for lamps,1966,"US Patent 3,237,284",Google Patents,https://patents.google.com/patent/US3237284A/en,,
"CH Kim, KM Jeung, YS Choi, SU Lee…",Design of the unmanned ground vehicle for bird expellant in an airport,2011,2011 11th …,ieeexplore.ieee.org,https://ieeexplore.ieee.org/abstract/document/6106324/,,
"MJ Marsden, GR Bird",Resonance Raman spectrum of gaseous nitrogen dioxide (NO2),1973,The Journal of Chemical Physics,aip.scitation.org,https://aip.scitation.org/doi/pdf/10.1063/1.1680403,,
"CL Perfect, C Ferguson, AJ Bird, F Lei…",Modelling the effects of a solar flare on INTEGRAL,2000,AIP Conference …,aip.scitation.org,https://aip.scitation.org/doi/abs/10.1063/1.1303298,,
S Reynolds,Energy flash: A journey through rave music and dance culture,2013,,books.google.com,https://books.google.com/books?hl=en&lr=&id=CXPZyYHLd-kC&oi=fnd&pg=PT6&dq=bird+(laser+OR+strobe+OR+flash+OR+flare+OR+flaring+OR+reflector)&ots=Kcczie-BtJ&sig=ErSR5U-Lz5e_36EfKo2g4xisoIk,,
"A Bonisoli-Alquati, PC Stouffer, RE Turner…",Incorporation of Deepwater Horizon oil in a terrestrial bird,2016,Environmental …,iopscience.iop.org,https://iopscience.iop.org/article/10.1088/1748-9326/11/11/114023/meta,,
"N Berrah, L Fang, B Murphy, T Osipov…",Double-core-hole spectroscopy for chemical analysis with an intense X-ray femtosecond laser,2011,Proceedings of the …,National Acad Sciences,https://www.pnas.org/content/108/41/16912.short,,
"DT Saalfeld, ST Saalfeld, WC Conway…","Wintering grassland bird responses to vegetation structure, exotic invasive plant composition, and disturbance regime in coastal prairies of Texas",2016,The Wilson Journal of …,wjoonline.org,http://www.wjoonline.org/doi/abs/10.1676/wils-128-02-290-305.1,,
GL Bosco,The development of LC-MS–the marriage of the bird and the fish,2010,TrAC Trends in Analytical Chemistry,Elsevier,https://www.sciencedirect.com/science/article/pii/S0165993610001901,,
I Batey,On fifteen thousand acres: its bird-life sixty years ago,1907,Emu-Austral Ornithology,Taylor & Francis,https://www.tandfonline.com/doi/pdf/10.1071/MU907001,,
"A Nešić, O Čokorilo, S Steiner",Modeling the costs of the bird strikes prevention,2016,Proceedings of the 3rd …,researchgate.net,https://www.researchgate.net/profile/Olja_Cokorilo/publication/312538965_MODELING_THE_COSTS_OF_THE_BIRD_STRIKES_PREVENTION/links/5881310a4585150dde3f3f41/MODELING-THE-COSTS-OF-THE-BIRD-STRIKES-PREVENTION,,
"CR Lima, PA Davies, D Bird",Electrical locking bandwidth of a diffraction grating external cavity mode-locked semiconductor laser,1994,Proceedings of LEOS'94,ieeexplore.ieee.org,https://ieeexplore.ieee.org/abstract/document/586390/,,
"K Sam, B Koane, S Jeppy…",Effect of forest fragmentation on bird species richness in Papua New Guinea,2014,Journal of Field …,Wiley Online Library,https://onlinelibrary.wiley.com/doi/abs/10.1111/jofo.12057,,
"CH Keith, GJ Bird, MA Farmer",Coherent backscatter enhances reflection confocal microscopy,1998,Biotechniques,Future Science,https://www.future-science.com/doi/abs/10.2144/98255bt03,,
"N Hay, R Velotta, M Lein, R de Nalda, E Heesel…",High-order harmonic generation in laser-aligned molecules,2002,Physical Review A,APS,https://journals.aps.org/pra/abstract/10.1103/PhysRevA.65.053805,,
"WD Breshears, PF Bird",Vibrational Energy Transfer in Shock‐Heated N2–HI and N2–DI Mixtures,1971,The Journal of Chemical Physics,aip.scitation.org,https://aip.scitation.org/doi/abs/10.1063/1.1675280,,
GB Hager,Method and portable apparatus for chemical spraying of unwanted bird roosts,1988,"US Patent 4,789,099",Google Patents,https://patents.google.com/patent/US4789099A/en,,
"…, AS Halfyard, R Chan, RHY Asaria, AC Bird…",Functional assessment of the native retinal pigment epithelium after the surgical excision of subfoveal choroidal neovascular membranes type II: prelimianry results,2001,Laser Scanning …,Springer,https://link.springer.com/chapter/10.1007/978-94-010-0322-3_21,,
"R Barloutaud, I Bird, A Borg, G Borreani, W Cameron…",Direct production of electrons in 70 GeV/cπ− p interactions,1980,Nuclear Physics B,Elsevier,https://www.sciencedirect.com/science/article/pii/0550321380901583,,
"KS Curtis, WC Pitt, MR Conover",Overview of techniques for reducing bird predation at aquaculture facilities,1996,,digitalcommons.usu.edu,https://digitalcommons.usu.edu/cgi/viewcontent.cgi?article=2010&context=extension_histall,,
"Z Wang, RG Bird, HG Yu, TJ Sears",Hot bands in jet-cooled and ambient temperature spectra of chloromethylene,2006,The Journal of chemical …,aip.scitation.org,https://aip.scitation.org/doi/abs/10.1063/1.2172238,,
I MacGregor-Fors,Relation between habitat attributes and bird richness in a western Mexico suburb,2008,Landscape and urban planning,Elsevier,https://www.sciencedirect.com/science/article/pii/S0169204607001636,,
"A Hedenström, M Rosén…",Vortex wakes generated by robins Erithacus rubecula during free flight in a wind tunnel,2005,Journal of The Royal …,royalsocietypublishing.org,https://royalsocietypublishing.org/doi/abs/10.1098/rsif.2005.0091,,
"…, Y Xiao, X Bi, Y Pang, CA McElroy, AJ Bird…",Two-photon near infrared fluorescent turn-on probe toward cysteine and its imaging applications,2016,ACS …,ACS Publications,https://pubs.acs.org/doi/abs/10.1021/acssensors.5b00271,,
"VJ Lucid, RS Slack",Handbook on Bird Management and Control.,1980,,apps.dtic.mil,https://apps.dtic.mil/docs/citations/ADA089009,,
"C Granet, TS Bird, GL James",Compact low-sidelobe corrugated horn for global-Earth coverage,1999,IEEE Antennas and Propagation …,ieeexplore.ieee.org,https://ieeexplore.ieee.org/abstract/document/789237/,,
"S Yang, J Wang, X Li, H Zhai, D Han, B Wei…","One-step synthesis of bird cage-like ZnO and other controlled morphologies: Structural, growth mechanism and photocatalytic properties",2014,Applied Surface …,Elsevier,https://www.sciencedirect.com/science/article/pii/S0169433214016936,,
"O HERRINGTON, LLP SUTCLIFFE, W Harbour…","Migratory Bird & Bat Monitoring Study at the Crescent Ridge Wind Power Project, Bureau County, Illinois: September 2005–August 2006",2005,Searcher,batsandwind.org,http://batsandwind.org/pdf/CrescentRidgeFinal5-22-07.pdf,,
"…, M Beilicke, W Benbow, K Berger, R Bird…",Investigating broadband variability of the TeV blazar 1ES 1959+ 650,2014,The Astrophysical …,iopscience.iop.org,https://iopscience.iop.org/article/10.1088/0004-637X/797/2/89/meta,,
"…, T Abu-Zayyad, M Al-Seady, K Belov, DJ Bird…",Geometrical reconstruction with the High Resolution Fly's Eye prototype cosmic ray detector,1999,Astroparticle …,Elsevier,https://www.sciencedirect.com/science/article/pii/S0927650599000870,,
"DJ Bird, J Boyer, GF Chen, HY Dai…",Atmospheric monitoring for fluorescence detector experiments,1995,International Cosmic …,adsabs.harvard.edu,http://adsabs.harvard.edu/full/1995ICRC....3..560B,,
"Y Long, W Smet, A Cruz-Ramírez, B Castelijns…",Arabidopsis BIRD zinc finger proteins jointly stabilize tissue boundaries by confining the cell fate regulator SHORT-ROOT and contributing to fate specification,2015,The Plant …,Am Soc Plant Biol,http://www.plantcell.org/content/27/4/1185.short,,
"…, J Alfonso-Garzon, V Beckmann, T Bird…","First superburst observed by INTEGRAL, from SAX J1747. 0-2853",2011,The Astronomer's …,adsabs.harvard.edu,http://adsabs.harvard.edu/abs/2011ATel.3183....1C,,
"MJ Anteau, MH Sherfy, MT Wiltermuth",Selection indicates preference in diverse habitats: a ground-nesting bird (Charadrius melodus) using reservoir shoreline,2012,PloS one,journals.plos.org,https://journals.plos.org/plosone/article?id=10.1371/journal.pone.0030347,,
"MC Skala, KM Riching, DK Bird…",In vivo multiphoton fluorescence lifetime imaging of protein-bound and free NADH in normal and pre-cancerous epithelia,2007,Journal of biomedical …,ncbi.nlm.nih.gov,https://www.ncbi.nlm.nih.gov/pmc/articles/PMC2743958/,,
"PR Bird, DJ Bradley, AG Roddie, W Sibbett…",Picosecond chronography at X-ray wavelengths,1975,High Speed …,Springer,https://link.springer.com/chapter/10.1007/978-1-4613-3377-7_17,,
"PF Bird, WD Breshears",Vibrational energy transfer in D2-He collisions,1972,Chemical Physics Letters,Elsevier,https://www.sciencedirect.com/science/article/pii/0009261472850036,,
"B Krueger, J Carter",Bird feeder,2013,"US Patent App. 29/387,518",Google Patents,https://patents.google.com/patent/USD679453S1/en,,
"NJ Vardaxis, TA Brans, ME Boon, RW Kreis…",Confocal laser scanning microscopy of porcine skin: implications for human wound healing studies,1997,The Journal of …,cambridge.org,https://www.cambridge.org/core/journals/journal-of-anatomy/article/confocal-laser-scanning-microscopy-of-porcine-skin-implications-for-human-wound-healing-studies/26A865035865010D15ABB4CCDDC5EB41,,
RT Collier,Badminton bird,1939,"US Patent 2,163,236",Google Patents,https://patents.google.com/patent/US2163236A/en,,
"DM Cobby, DC Mason, IJ Davenport",Image processing of airborne scanning laser altimetry data for improved river flood modelling,2001,ISPRS Journal of Photogrammetry …,Elsevier,https://www.sciencedirect.com/science/article/pii/S0924271601000399,,
"…, D Howse, D Abson, S Mulligan, C Bird",Advanced joining processes for repair in nuclear power plants,2005,Labour ($30.00 per …,twi-global.com,http://www.twi-global.com/technical-knowledge/published-papers/advanced-joining-processes-for-repair-in-nuclear-power-plants/,,
"CP Nadeau, CJ Conway",Field evaluation of distance-estimation error during wetland-dependent bird surveys,2012,Wildlife Research,CSIRO,http://www.publish.csiro.au/WR/WR11161,,
RD Boyd,Bird feeder with electronic squirrel deterrence,2000,"US Patent 6,158,385",Google Patents,https://patents.google.com/patent/US6158385A/en,,
"G Ruecker, W Schroeder, E Lorenz…","Detection and characterization of small hot fires: Comparing FireBird, BIRD, S-NPP VIIRS and MODIS capacities over gas flares",2016,EGU General …,adsabs.harvard.edu,http://adsabs.harvard.edu/abs/2016EGUGA..1815092R,,
"RP McLaughlin, B Bird, PJ Reid",Vibrational analysis of isopropyl nitrate and isobutyl nitrate,2002,… Acta Part A: Molecular and Biomolecular …,Elsevier,https://www.sciencedirect.com/science/article/pii/S1386142502000227,,
"…, T Aune, M Beilicke, W Benbow, R Bird…",Multiwavelength observations and modeling of 1ES 1959+ 650 in a low flux state,2013,The Astrophysical …,iopscience.iop.org,https://iopscience.iop.org/article/10.1088/0004-637X/775/1/3/meta,,
SM Sperry,"Another Way of Looking at"" The Bird with the Coppery, Keen Claws""",1996,The Wallace Stevens Journal,JSTOR,https://www.jstor.org/stable/44884409,,
"…, AM Payne, SS Bhattacharya, AC Bird",Phenotype of retinitis pigmentosa associated with the Ser50Thr mutation in the NRL gene,2003,Archives of …,jamanetwork.com,https://jamanetwork.com/journals/jamaophthalmology/article-abstract/415379,,
GW Healy,Carbon reduction of chromites in Bird River and other ores and concentrates at 1200–1700 C,1988,Canadian Metallurgical Quarterly,Taylor & Francis,https://www.tandfonline.com/doi/abs/10.1179/cmq.1988.27.4.281,,
"SC Renner, S Baur, A Possler, J Winkler, EKV Kalko…",Food preferences of winter bird communities in different forest types,2012,Plos One,journals.plos.org,https://journals.plos.org/plosone/article?id=10.1371/journal.pone.0053121,,
"RJ Walker, AD Brandon, JM Bird, PM Piccoli…",187Os–186Os systematics of Os–Ir–Ru alloy grains from southwestern Oregon,2005,Earth and Planetary …,Elsevier,https://www.sciencedirect.com/science/article/pii/S0012821X0400682X,,
"M Chaffey, L Bird, J Erickson, J Graybeal…",MBARI's buoy based seafloor observatory design,2004,Oceans' 04 MTS …,ieeexplore.ieee.org,https://ieeexplore.ieee.org/abstract/document/1406447/,,
"M Bird, G Hills",INTERFACE MECHANICS,1977,Physicochemical hydrodynamics: VG Levich …,Advance Publications,,,
"J Little, JPT Higgins, JPA Ioannidis…",STrengthening the REporting of Genetic Association Studies (STREGA)—an extension of the STROBE statement,2009,… Official Publication of …,Wiley Online Library,https://onlinelibrary.wiley.com/doi/abs/10.1002/gepi.20410,,
"GSJ Bird, M Takahashi, K Tanzawa…",Adenophostin A induces spatially restricted calcium signaling in Xenopus laevis oocytes,1999,Journal of Biological …,ASBMB,http://www.jbc.org/content/274/29/20643.short,,
"M Greenwood, J Gowar, BM Bird",A comparability parameter for amorphous magnetic materials,1989,7th Pulsed Power …,ieeexplore.ieee.org,https://ieeexplore.ieee.org/abstract/document/767455/,,
"C Yuan, Q Jin, X Tang, W Hu, R Cao…","Proteomic and Peptidomic Characterization of the Venom from the Chinese Bird Spider, Ornithoctonus huwena Wang",2007,Journal of proteome …,ACS Publications,https://pubs.acs.org/doi/abs/10.1021/pr0700192,,
"…, L Fleming, D Flack, KC Barnett, AC Bird…",Pathological and electrophysiological features of a canine cone–rod dystrophy in the miniature longhaired dachshund,2007,… & visual science,jov.arvojournals.org,https://jov.arvojournals.org/article.aspx?articleid=2124907,,
Y Hisamune,Method of manufacturing semiconductor device without bird beak effect,2000,"US Patent 6,040,234",Google Patents,https://patents.google.com/patent/US6040234A/en,,
"N Smith, R Bird",Modified magnetic properties in laser welded materials,1988,Journal of Applied Physics,aip.scitation.org,https://aip.scitation.org/doi/abs/10.1063/1.340562,,
DL Runion,Bird beak growth control feeder,1993,"US Patent 5,235,934",Google Patents,https://patents.google.com/patent/US5235934A/en,,
"S Shimizu, GR Bird",Chemical Mechanisms in Photoresist Systems Part III. Crosslinking and Reciprocity Failure in Bisazide Resist,1979,Journal of The Electrochemical Society,jes.ecsdl.org,http://jes.ecsdl.org/content/126/2/273.short,,
"J Murray, H Miller, P Bird, AJ Goudy",The effect of particle size and surface composition on the reaction rates of some hydrogen storage alloys,1995,Journal of alloys and compounds,Elsevier,https://www.sciencedirect.com/science/article/pii/0925838895017690,,
"FG Holz, C Jubb, FW Fitzke, AC Bird…",Dark adaptation and scotopic perimetry over'peau d'orange'in pseudoxanthoma elasticum.,1994,The British journal of …,ncbi.nlm.nih.gov,https://www.ncbi.nlm.nih.gov/pmc/articles/PMC504702/,,
"IJ Hahn, PM Vergara, U Römer",Habitat selection and population trends in terrestrial bird species of Robinson Crusoe Island: habitat generalists versus forest specialists,2011,Biodiversity and Conservation,Springer,https://link.springer.com/article/10.1007/s10531-011-0109-x,,
TS Bird,A computer program for the analysis of dual-shaped reflector antennas,1977,,publications.csiro.au,https://publications.csiro.au/rpr/pub?list=BRO&pid=procite:f8d53a2d-6a5a-4419-957d-7f57d51482f1,,
"TS Bird, G Cortes-Medellin",Multibeam feed array design for the Arecibo radio telescope,2003,IEEE Antennas and Propagation …,ieeexplore.ieee.org,https://ieeexplore.ieee.org/abstract/document/1217414/,,
"…, J Barrera-Ars, L Pryce, R Bird","STRaND-2: Visual inspection, proximity operations & nanosatellite docking",2013,2013 IEEE …,ieeexplore.ieee.org,https://ieeexplore.ieee.org/abstract/document/6497348/,,
"JM Heltzel, PL Leberg",Effects of selective logging on breeding bird communities in bottomland hardwood forests in Louisiana,2006,The Journal of wildlife management,Wiley Online Library,https://wildlife.onlinelibrary.wiley.com/doi/abs/10.2193/0022-541X(2006)70%5B1416:EOSLOB%5D2.0.CO;2,,
"FC Lincoln, SP Baldwin",Manual for bird banders,1929,,books.google.com,https://books.google.com/books?hl=en&lr=&id=TnjYsfUFbLQC&oi=fnd&pg=PA1&dq=bird+(laser+OR+strobe+OR+flash+OR+flare+OR+flaring+OR+reflector)&ots=PYgM2_t1kF&sig=jUj8etKGR5xb2fpd48_hedwugm8,,
"MO Glocker, SHJ Bauer, J Kast, J Volz…",Characterization of specific noncovalent protein complexes by UV matrix‐assisted laser desorption ionization mass spectrometry,1996,Journal of mass …,Wiley Online Library,https://onlinelibrary.wiley.com/doi/abs/10.1002/(SICI)1096-9888(199611)31:11%3C1221::AID-JMS410%3E3.0.CO;2-P,,
"DJ Mennill, SM Doucet, KAA Ward…",A novel digital telemetry system for tracking wild animals: a field test for studying mate choice in a lekking tropical bird,2012,Methods in Ecology …,Wiley Online Library,https://besjournals.onlinelibrary.wiley.com/doi/abs/10.1111/j.2041-210X.2012.00206.x,,
N Chaffer,The Development and Progress of Bird Photography in Australia,1956,Emu-Austral Ornithology,Taylor & Francis,https://www.tandfonline.com/doi/pdf/10.1071/MU956062,,
T Boyer,"Is a bird in the hand worth two in the bush? Or, whether scientists should publish intermediate results",2014,Synthese,Springer,https://link.springer.com/article/10.1007/s11229-012-0242-4,,
"…, SD Hammond, SJ Pennycook, RF Bird…",Parallel file system analysis through application I/O tracing,2012,The Computer …,academic.oup.com,https://academic.oup.com/comjnl/article-abstract/56/2/141/363579,,
"R Gurka, K Krishnan, H Ben-Gida…",Flow pattern similarities in the near wake of three bird species suggest a common role for unsteady aerodynamic effects in lift generation,2017,Interface …,royalsocietypublishing.org,https://royalsocietypublishing.org/doi/abs/10.1098/rsfs.2016.0090,,
"J McKean, J Roering",Objective landslide detection and surface morphology mapping using high-resolution airborne laser altimetry,2004,Geomorphology,Elsevier,https://www.sciencedirect.com/science/article/pii/S0169555X03001648,,
"M Gu, D Bird",Apparatus,2004,"US Patent App. 10/460,188",Google Patents,https://patents.google.com/patent/US20040061072A1/en,,
"CJBND Burgess, DA Hill, SH Mustoe",Bird census techniques,2000,,bailey.persona-pi.com,http://bailey.persona-pi.com/Public-Inquiries/M4-Newport/C%20-%20Core%20Documents/11.%20Ecology%20and%20Nature%20Conservation/11.3.4%20-%20Bibby%20et%20al%202000%20Bird%20Census%20Techniques%20Extract.pdf,,
"RS Abrams, JH Miller, PR Bird",Method and apparatus for securing a pouring spout to a container,1992,"US Patent 5,169,374",Google Patents,https://patents.google.com/patent/US5169374A/en,,
L Eiseley,The Bird and the Machine,1957,The Immense Journey,serc.carleton.edu,http://serc.carleton.edu/files/acm_sail/sail2012/loren_eiseley_quotthe_bird.doc,,
"K Sala, MC Richardson",Optical Kerr effect induced by ultrashort laser pulses,1975,Physical Review A,APS,https://journals.aps.org/pra/abstract/10.1103/PhysRevA.12.1036,,
"Z Wang, A Lin, Q Yuan, W Zhou, W Zhang, XJ Yang",Attraction of night-migrating birds to light-blue structures causes mass bird deaths,2011,,ACS Publications,https://pubs.acs.org/doi/pdfplus/10.1021/es203854q,,
"DC Pavlacky Jr, PM Lukacs, JA Blakesley…",A statistically rigorous sampling design to integrate avian monitoring and management within Bird Conservation Regions,2017,PloS one,journals.plos.org,https://journals.plos.org/plosone/article?id=10.1371/journal.pone.0185924,,
WE Bird,Christmas-tree ornament,1928,"US Patent 1,695,307",Google Patents,https://patents.google.com/patent/US1695307A/en,,
"JW Pavlik, N Kebede, NP Bird, AC Day…",Phototransposition Chemistry of 1-Methyl-4-phenylpyrazole. A New Intermediate on the P4 Pathway,1995,The Journal of Organic …,ACS Publications,https://pubs.acs.org/doi/pdf/10.1021/jo00130a011,,
"…, M Beilicke, W Benbow, K Berger, R Bird…",VERITAS observations of the microquasar Cygnus X-3,2013,The Astrophysical …,iopscience.iop.org,https://iopscience.iop.org/article/10.1088/0004-637X/779/2/150/meta,,
"N Aoki, K Sudou, K Okamoto, JP Bird…",Scanning gate microscopy of copper phthalocyanine field effect transistors,2007,Applied Physics …,aip.scitation.org,https://aip.scitation.org/doi/abs/10.1063/1.2812575,,
"TS Bird, SH Ong",Predicting reflector feed position from near-field measurements,1989,Proc. IREECON'89,,,,
"CF Lippa, ML Schmidt, LE Nee, T Bird, D Nochlin…",AMY plaques in familial AD: comparison with sporadic Alzheimer's disease,2000,Neurology,AAN Enterprises,https://n.neurology.org/content/54/1/100.short,,
"KG Bird, RL Jairell",Sequential flash for photographing trajectories of saltating snow particles,1989,Proc. 57th Western Snow Comference,,,,
"JL Sanz, LM Chiappe, BP Perez-Moreno…",A nestling bird from the Lower Cretaceous of Spain: implications for avian skull and neck evolution,1997,…,science.sciencemag.org,https://science.sciencemag.org/content/276/5318/1543.short,,
"N Shimizu, M Yamaguchi, T Goseki…",Inhibition of prostaglandin E2 and interleukin 1-β production by low-power laser irradiation in stretched human periodontal ligament cells,1995,Journal of Dental …,journals.sagepub.com,https://journals.sagepub.com/doi/abs/10.1177/00220345950740071001,,
JF Bott,HF Vibrational Relaxation Measurements Using the Combined Shock Tube‐Laser‐Induced Fluorescence Technique,1972,The Journal of Chemical Physics,aip.scitation.org,https://aip.scitation.org/doi/abs/10.1063/1.1678023,,
"F Morsdorf, B Kötz, E Meier, KI Itten…",Estimation of LAI and fractional cover from small footprint airborne laser scanning data based on gap fraction,2006,Remote Sensing of …,Elsevier,https://www.sciencedirect.com/science/article/pii/S0034425706001751,,
"PJ Bird, GE Keyte, DRD Kenward",An experiment for the radiometric calibration of the ERS-1 SAR,1993,Canadian Journal of Remote …,Taylor & Francis,https://www.tandfonline.com/doi/abs/10.1080/07038992.1993.10874554,,
"ESHRMVG Bird, JUO Shah",Flexible ureterorenoscopy and holmium laser lithotripsy for the management of renal stone burdens that measure 2–3 cm: a multi-institutional experience,2010,J Endourol24,,,,
"R Rueda-Hernandez, I MacGregor-Fors…","Shifts in resident bird communities associated with cloud forest patch size in Central Veracruz, Mexico",2015,Avian Conservation and …,ace-eco.org,http://www.ace-eco.org/vol10/iss2/art2/,,
CF Clampitt,Bird cage,1932,"US Patent 1,887,869",Google Patents,https://patents.google.com/patent/US1887869A/en,,
"C Granet, TS Bird",Optimization of axially-corrugated horns for symmetrical or offset parabolic reflectors,2004,Workshop on Applications of Radio Science …,sws.bom.gov.au,http://www.sws.bom.gov.au/IPSHosted/NCRS/wars/website/proceedings/final/b/granet_f.pdf,,
"A Tamisier, C Boudouresque","Aquatic bird populations as possible indicators of seasonal nutrient flow at Ichkeul Lake, Tunisia",1994,Aquatic Birds in the Trophic Web of Lakes,Springer,https://link.springer.com/chapter/10.1007/978-94-011-1128-7_14,,
"J Moss, G Bird",DSMC simulations of hypersonic flows with shock interactions and validation with experiments,2004,37th AIAA Thermophysics Conference,arc.aiaa.org,https://arc.aiaa.org/doi/pdf/10.2514/6.2004-2585,,
"…, SA Jenkins, PJ Coucke, AC Bird…","Pseudoxanthoma elasticum with generalized retinal dysfunction, a common finding?",2007,… & visual science,iovs.arvojournals.org,https://iovs.arvojournals.org/article.aspx?articleid=2124937,,
"A Rodríguez-Ferraro, JG Blake",Diversity patterns of bird assemblages in arid zones of northern Venezuela,2008,The Condor,academic.oup.com,https://academic.oup.com/condor/article-abstract/110/3/405/5152376,,
"J Bird, W Bird, P Goeben, J Roberts",Corrugated sheet fed printing process with UV curable inks,2007,"US Patent App. 11/406,811",Google Patents,https://patents.google.com/patent/US20070245916A1/en,,
"GM Mason, G Gloeckler…",Temporal variations of nucleonic abundances in solar flare energetic particle events. II-Evidence for large-scale shock acceleration,1984,The Astrophysical …,adsabs.harvard.edu,http://adsabs.harvard.edu/full/1984ApJ...280..902M,,
"WF Weldon, WL Bird, MD Driga, KM Tolk…",Fundamental limitations and design considerations for compensated pulsed alternators,1979,CEM …,repositories.lib.utexas.edu,https://repositories.lib.utexas.edu/handle/2152/33195,,
"B Bird, J Rowlette",High definition infrared chemical imaging of colorectal tissue using a Spero QCL microscope,2017,Analyst,pubs.rsc.org,https://pubs.rsc.org/en/content/articlehtml/2017/an/c6an01916a,,
"P Muyshondt, D De Greef, J Soons…","Optical techniques as validation tools for finite element modeling of biomechanical structures, demonstrated in bird ear research",2014,AIP Conference …,aip.scitation.org,https://aip.scitation.org/doi/abs/10.1063/1.4879599,,
"YY Chen, Y Ge, TS Bird",An offset reflectarray antenna for multipolarization applications,2015,IEEE Antennas and Wireless …,ieeexplore.ieee.org,https://ieeexplore.ieee.org/abstract/document/7362148/,,
"D Bird, S Smith",Visual laser ablation of the prostate (VLAP).,1995,Canadian operating room nursing journal,europepmc.org,https://europepmc.org/abstract/med/8697290,,
"JF Bird, GH Mowbray",Visual transient phenomenon: its polarity and a paradox,1969,Science,science.sciencemag.org,https://science.sciencemag.org/content/165/3893/588.short,,
"T Kawasaki, T Noguchi, T Fukasawa…",""" Marine Bird"", a new experimental AUV-results of docking and electric power supply tests in sea trials",2004,Oceans' 04 MTS …,ieeexplore.ieee.org,https://ieeexplore.ieee.org/abstract/document/1406387/,,
"…, S Bhattacharya, GB Arden, M Jay, AC Bird",Macular dystrophy associated with mutations at codon 172 in the human retinal degeneration slow gene,1994,Ophthalmology,Elsevier,https://www.sciencedirect.com/science/article/pii/S0161642094313777,,
"SM Bird, O El-Zubir, AE Rawlings, GJ Leggett…",A novel design strategy for nanoparticles on nanopatterns: interferometric lithographic patterning of Mms6 biotemplated magnetic nanoparticles,2016,Journal of Materials …,pubs.rsc.org,https://pubs.rsc.org/en/content/articlehtml/2015/tc/c5tc03895b,,
"J Hager, SC Wallace",Laser spectroscopy and photodynamics of indole and indole-van der Waals molecules in a supersonic beam,1983,The Journal of Physical Chemistry,ACS Publications,https://pubs.acs.org/doi/pdf/10.1021/j100235a019,,
HMB Bird,A computer controlled interferometer system for precision relative angle measurements,1971,Review of Scientific Instruments,aip.scitation.org,https://aip.scitation.org/doi/abs/10.1063/1.1684920,,
"AF Bird, BA Stynes",The life cycle of Anguina agrostis: post-embryonic growth of the second stage larva,1981,International Journal for Parasitology,Elsevier,https://www.sciencedirect.com/science/article/pii/0020751981900564,,
"…, H Sasaki, T Peto, K Sasaki, AC Bird",The prevalence of age-related maculopathy in Iceland: Reykjavik Eye Study,2003,Archives of …,jamanetwork.com,https://jamanetwork.com/journals/jamaophthalmology/article-abstract/415181,,
"P Song, L Ding, Z Li, PC Lippert, Y Yue",An early bird from Gondwana: Paleomagnetism of Lower Permian lavas from northern Qiangtang (Tibet) and the geography of the Paleo-Tethys,2017,Earth and Planetary Science …,Elsevier,https://www.sciencedirect.com/science/article/pii/S0012821X17304016,,
LH Leiter,"Sense in Nonsense: Wallace Stevens'"" The Bird with the Coppery, Keen Claws""",1965,College English,JSTOR,https://www.jstor.org/stable/373526,,
"KR Nicastro, RL Savio, CD McQuaid, P Madeira…",Plastic ingestion in aquatic-associated bird species in southern Portugal,2018,Marine pollution …,Elsevier,https://www.sciencedirect.com/science/article/pii/S0025326X1731007X,,
"Z Liu, J Dai, L Dai, M Deng, Z Hu, W Hu…","Function and solution structure of Huwentoxin-X, a specific blocker of N-type calcium channels, from the Chinese bird spider Ornithoctonus huwena",2006,Journal of Biological …,ASBMB,http://www.jbc.org/content/281/13/8628.short,,
"D Black, MA Bird, M Hayden, LW Schrum, P Lange…",TNFα-induced hepatocyte apoptosis is associated with alterations of the cell cycle and decreased stem loop binding protein,2004,Surgery,Elsevier,https://www.sciencedirect.com/science/article/pii/S0039606003006901,,
"GL James, PR Clark, KJ Greene",Diplexing feed assemblies for application to dual-reflector antennas,2003,IEEE Transactions on …,ieeexplore.ieee.org,https://ieeexplore.ieee.org/abstract/document/1208508/,,
"AJ Traverso, R Sanchez-Gonzalez…",Coherence brightened laser source for atmospheric remote sensing,2012,Proceedings of the …,National Acad Sciences,https://www.pnas.org/content/109/38/15185.short,,
"KA Bird, DY Kim, SJ Kish, JJ Lambright…",Method and apparatus for object inspection,1993,US Patent …,Google Patents,https://patents.google.com/patent/US5220617A/en,,
FD Price,Animated game bird decoy,2004,"US Patent 6,715,228",Google Patents,https://patents.google.com/patent/US6715228B1/en,,
"VP Klink, CC Overall, NW Alkharouf, MH MacDonald…",Laser capture microdissection (LCM) and comparative microarray expression analysis of syncytial cells isolated from incompatible and compatible soybean (Glycine max) roots …,2007,Planta,Springer,https://link.springer.com/article/10.1007/s00425-007-0578-z,,
"T Mattsson, WJT Lewis, YMJ Chew, MR Bird",In situ investigation of soft cake fouling layers using fluid dynamic gauging,2015,Food and bioproducts …,Elsevier,https://www.sciencedirect.com/science/article/pii/S0960308514000996,,
M Young,Plantation Bird Legends,1916,,Appleton,,,
"MA Aldheeb, W Asrar, E Sulaeman…",A review on aerodynamics of non-flapping bird wings,2016,Journal of Aerospace …,SciELO Brasil,http://www.scielo.br/scielo.php?pid=S2175-91462016000100007&script=sci_arttext,,
"…, FW Fitzke, AR Webster, AC Bird…",Pattern ERG correlates of abnormal fundus autofluorescence in patients with retinitis pigmentosa and normal visual acuity,2003,… & visual science,iovs.arvojournals.org,https://iovs.arvojournals.org/article.aspx?articleid=2200239,,
"MM Bird, G Lopez‐Lluch, AJ Ridley…",Effects of microinjected small GTPases on the actin cytoskeleton of human neutrophils,2003,Journal of …,Wiley Online Library,https://onlinelibrary.wiley.com/doi/abs/10.1046/j.1469-7580.2003.00222.x,,
"…, RC Smith, C Ho, SK Wilson, J Bradley, A Bird…",RULLI/a Photon Counting Imager,1998,,osti.gov,https://www.osti.gov/biblio/759327,,
"TS Bird, GT Poulton",Envelope-constrained pattern synthesis for satellite antennas,1985,IREECON International (Convention …,researchers.mq.edu.au,https://researchers.mq.edu.au/en/publications/envelope-constrained-pattern-synthesis-for-satellite-antennas,,
"P Antilogus, D Aston, T Bienz, F Bird…",Cherenkov ring imaging detector front-end electronics,1991,IEEE transactions on …,ieeexplore.ieee.org,https://ieeexplore.ieee.org/abstract/document/289334/,,
B Kaimal,"Laser ablation-inductively coupled plasma-mass spectrometry as atechnique to quatify trace metals in bird feathers/В. Kaimal, RE Hannigan, CB Dowling",2007,ICP Inf. Newslett,,,,
"…, CY Gregory, S Bhattacharya, AC Bird",Autosomal dominant macular dystrophy simulating North Carolina macular dystrophy,1995,Archives of …,jamanetwork.com,https://jamanetwork.com/journals/jamaophthalmology/article-abstract/641011,,
G Weales,Jerzy Kosinski: The Painted Bird and Other Disguises,1972,Hollins Critic,questia.com,https://www.questia.com/library/journal/1G1-133018630/jerzy-kosinski-the-painted-bird-and-other-disguises,,
"V Sguera, AB Hill, AJ Bird, AJ Dean, A Bazzano…",IGR J18483-0311: an accreting X-ray pulsar observed by INTEGRAL,2007,Astronomy & …,aanda.org,https://www.aanda.org/articles/aa/abs/2007/19/aa6762-06/aa6762-06.html,,
"A Isomäki, OG Okhotnikov",Femtosecond soliton mode-locked laser based on ytterbium-doped photonic bandgap fiber,2006,Optics express,osapublishing.org,https://www.osapublishing.org/abstract.cfm?uri=OE-14-20-9238,,
"RC McKellar, BDE Chatterton, AP Wolfe…",Response to comment on “A diverse assemblage of Late Cretaceous dinosaur and bird feathers from Canadian amber”,2012,Science,science.sciencemag.org,https://science.sciencemag.org/content/335/6070/796.3.short,,
"RC Lamb, CW Akerlof, S Biller, D Bird…",Observations of Markarian 421 by the Whipple observatory collaboration,1995,International Cosmic …,adsabs.harvard.edu,http://adsabs.harvard.edu/full/1995ICRC....2..491L,,
"…, AL Moretti, RW Wickman, KA Stair, TE Bird…",Carrier escape dynamics in a single quantum well waveguide modulator,1993,Optical and quantum …,Springer,https://link.springer.com/article/10.1007/BF00430338,,
"MA Aslam, M Hulst…",A reliable method for sexing unincubated bird eggs for studying primary sex ratio,2012,Molecular ecology …,Wiley Online Library,https://onlinelibrary.wiley.com/doi/abs/10.1111/j.1755-0998.2012.03120.x,,
"JY Su, SC Ting, YH Chang, JT Yang",Aerodynamic trick for visual stabilization during downstroke in a hovering bird,2011,Physical Review E,APS,https://journals.aps.org/pre/abstract/10.1103/PhysRevE.84.012901,,
E McNamara,Field notes on the Eastern Bristle-bird,1946,Emu-Austral Ornithology,Taylor & Francis,https://www.tandfonline.com/doi/pdf/10.1071/MU945260,,
"J Jiang, X Peng, J Li, Y Chen",A comparative study on the performance of typical types of bionic groove dry gas seal based on bird wing,2016,Journal of Bionic Engineering,Elsevier,https://www.sciencedirect.com/science/article/pii/S1672652916603050,,
"DR Diefenbach, DW Brauning, JA Mattice",Variability in grassland bird counts related to observer differences and species detection rates,2003,The Auk,academic.oup.com,https://academic.oup.com/auk/article-abstract/120/4/1168/5147505,,
JR Bird,Multibarrel gun,1956,"US Patent 2,756,639",Google Patents,https://patents.google.com/patent/US2756639A/en,,
"…, L Bassani, A Bazzano, AJ Bird",The Fermi/LAT sky as seen by INTEGRAL/IBIS,2009,The Astrophysical …,iopscience.iop.org,https://iopscience.iop.org/article/10.1088/0004-637X/706/1/L7/meta,,
"AB Hill, AJ Bird, AJ Dean, VA McBride…",An unexpected outburst from A0535+ 262,2007,Monthly Notices of …,academic.oup.com,https://academic.oup.com/mnras/article-abstract/381/3/1275/1065676,,
BT Boehrer,Parrot Culture: Our 2500-Year-Long Fascination with the World's Most Talkative Bird,2015,,books.google.com,https://books.google.com/books?hl=en&lr=&id=AtvaCgAAQBAJ&oi=fnd&pg=PA1&dq=bird+(laser+OR+strobe+OR+flash+OR+flare+OR+flaring+OR+reflector)&ots=ev5ONtwYef&sig=gde7pdDNPrKQkX5lY5jsdCYA3RE,,
"M Anghileri, A Milanese, G Moretti…",Preliminary investigation on the feasibility of a bird surrogate for full-scale bird impact test,2012,Proceedings of the 28th …,icas.org,http://www.icas.org/ICAS_ARCHIVE/ICAS2012/PAPERS/855.PDF,,
R Mathews,Cable-driven animated bird replica apparatus,2004,"US Patent 6,675,522",Google Patents,https://patents.google.com/patent/US6675522B2/en,,
TS Bird,Improved solution for mode coupling in different-sized circular apertures and its application,1996,"IEE Proceedings-Microwaves, Antennas and …",IET,https://digital-library.theiet.org/content/journals/10.1049/ip-map_19960644,,
"JCW Lam, MB Murphy, Y Wang, S Tanabe…",Risk assessment of organohalogenated compounds in water bird eggs from South China,2008,… science & technology,ACS Publications,https://pubs.acs.org/doi/abs/10.1021/es800835c,,
"…, AL Moretti, KA Stair, GP Devane, TE Bird",Measurement of the refractive index of AlxGa1−xAs and the mode indices of guided modes by a grating coupling technique,1994,Journal of applied …,aip.scitation.org,https://aip.scitation.org/doi/abs/10.1063/1.356546,,
"P Newell, TS Bird",Effects of mutual coupling in the design of high‐performance multifeed satellite antennas,1994,Radio science,Wiley Online Library,https://agupubs.onlinelibrary.wiley.com/doi/abs/10.1029/93RS02503,,
"CD Littlefield, EL McLaury",Unusual bird records from southeastern Oregon,1973,The Auk,JSTOR,https://www.jstor.org/stable/4084174,,
"S Strekopytov, W Brownscombe, C Lapinee…",Arsenic and mercury in bird feathers: Identification and quantification of inorganic pesticide residues in natural history collections using multiple analytical and imaging …,2017,Microchemical …,Elsevier,https://www.sciencedirect.com/science/article/pii/S0026265X16304039,,
BG Foster,Bird house,1924,"US Patent 1,495,900",Google Patents,https://patents.google.com/patent/US1495900A/en,,
"AJ Foster, RA Bird, SL Kelly, K Nishimura, D Poyner…",FITC-lectin avidity of Cryptococcus neoformans cell wall and capsular components,2004,Mycologia,Taylor & Francis,https://www.tandfonline.com/doi/abs/10.1080/15572536.2005.11832989,,
CA Price,Bird decoy,2015,"US Patent 9,144,236",Google Patents,https://patents.google.com/patent/US9144236B2/en,,
JMV Rayner,The mechanics of flight and bird migration performance,1990,Bird migration,Springer,https://link.springer.com/chapter/10.1007/978-3-642-74542-3_19,,
TS Bird,Prediction of dual-shaped-reflector antenna crosspolarisation,1978,Electronics Letters,ieeexplore.ieee.org,https://ieeexplore.ieee.org/abstract/document/4240854/,,
"P Gorenzel, T Salmon",Bird hazing manual: Techniques and strategies for dispersing birds from spill sites,2008,,books.google.com,https://books.google.com/books?hl=en&lr=&id=90e7DORYiyQC&oi=fnd&pg=PT8&dq=bird+(laser+OR+strobe+OR+flash+OR+flare+OR+flaring+OR+reflector)&ots=qc0z1NLIgK&sig=qL8HSXSJWF1DKTMZoFy7XxdPXrA,,
"E Bird, J Tamura, JS Bostwick, TE Steinbacher…",Is exogenous tissue plasminogen activator necessary for antithrombotic efficacy of an inhibitor of thrombin activatable fibrinolysis inhibitor (TAFI) in rats?,2007,Thrombosis research,Elsevier,https://www.sciencedirect.com/science/article/pii/S0049384806004786,,
JA Herndon,64. Frost's the Oven Bird,1970,The Explicator,Taylor & Francis,https://www.tandfonline.com/doi/pdf/10.1080/00144940.1970.11482920,,
"WD Breshears, PF Bird",Precise measurements of diatomic dissociationrates in shock waves,1973,Symposium (International) on Combustion,Elsevier,https://www.sciencedirect.com/science/article/pii/S0082078473800220,,
TV Nguyen,Toy bird whistle,2013,"US Patent App. 29/422,343",Google Patents,https://patents.google.com/patent/USD679212S1/en,,
"S Williams, V Ashford, F Bird…",Cerenkov ring imaging detector development for SLD,1985,… on Nuclear Science,ieeexplore.ieee.org,https://ieeexplore.ieee.org/abstract/document/4336922/,,
DC Vacanti,Passive bird-strike avoidance systems and methods,2014,"US Patent 8,704,700",Google Patents,https://patents.google.com/patent/US8704700B2/en,,
"NA Inogamov, YV Petrov, SI Anisimov…",Expansion of matter heated by an ultrashort laser pulse,1999,Journal of Experimental …,Springer,https://link.springer.com/article/10.1134/1.568029,,
"R Mooney, JE Spiro",Bird song: Of tone and tempo in the telencephalon,1997,Current Biology,Elsevier,https://www.sciencedirect.com/science/article/pii/S0960982206001394,,
"GT Poulton, TS Bird, SG Hay…",Rigorous design of an antenna for AUSSAT-B,1990,… Symposium on Antennas …,ieeexplore.ieee.org,https://ieeexplore.ieee.org/abstract/document/115506/,,
"MH Errera, L Wickham, PA Keane, AC Bird…",Spontaneous macular hole closure without posterior vitreous detachment in a patient previously treated for diabetic maculopathy,2013,Acta …,Wiley Online Library,https://onlinelibrary.wiley.com/doi/abs/10.1111/j.1755-3768.2012.02543.x,,
T Hallinan,Bird interference on high tension electric transmission lines,1922,The Auk,academic.oup.com,https://academic.oup.com/auk/article-abstract/39/4/573/5267908,,
"NF Sloan, HC Coppel",Ecological implications of bird predators on the larch casebearer in Wisconsin,1968,Journal of Economic Entomology,academic.oup.com,https://academic.oup.com/jee/article-abstract/61/4/1067/2209145,,
"GL Schott, PF Bird",Kinetic Studies of Hydroxyl Radicals in Shock Waves. IV. Recombination Rates in Rich Hydrogen—Oxygen Mixtures,1964,The Journal of Chemical Physics,aip.scitation.org,https://aip.scitation.org/doi/abs/10.1063/1.1726368,,
"Y Kim, JG Yun, SH Park, W Kim, JY Seo…",Three-dimensional NAND flash architecture design based on single-crystalline stacked array,2011,… on Electron Devices,ieeexplore.ieee.org,https://ieeexplore.ieee.org/abstract/document/6062401/,,
"G Steiner, E Koch, ME Krautwald-Junghanns…","Method and device for determining the sex of fertilized, non-incubated bird eggs",2014,US Patent …,Google Patents,https://patents.google.com/patent/US8624190B2/en,,
"SM Grenci, GR Bird, BW Keelan, AH Zewail",Practical broad-band tuning of dye lasers by solvent shifting,1986,Laser chemistry,hindawi.com,https://www.hindawi.com/archive/1986/271898/abs/,,
TR Keeler,Bird-scaring device,2002,"US Patent 6,385,915",Google Patents,https://patents.google.com/patent/US6385915B1/en,,
"M Gu, D Bird",Three-dimensional optical-transfer-function analysis of fiber-optical two-photon fluorescence microscopy,2003,JOSA A,osapublishing.org,https://www.osapublishing.org/abstract.cfm?uri=JOSAA-20-5-941,,
"RG Kaufman, GR Hulse, KA Stair, TE Bird…",Index of refraction of GaAs/AlxGa1−xAs multiple quantum wells with an applied electric field using the grating coupling technique,1995,Journal of applied …,aip.scitation.org,https://aip.scitation.org/doi/abs/10.1063/1.358868,,
"KJ Benoit-Bird, WWL Au",Echo strength and density structure of Hawaiian mesopelagic boundary community patches,2003,The Journal of the Acoustical Society of …,asa.scitation.org,https://asa.scitation.org/doi/abs/10.1121/1.1612484,,
EN Wright,Bird problems and their solutions in Britain,1982,,digitalcommons.unl.edu,https://digitalcommons.unl.edu/vpc10/50/,,
R Latschaw,Flying bird replica,2012,"US Patent 8,151,512",Google Patents,https://patents.google.com/patent/US8151512B2/en,,
"N Harte, S Murphy, DJ Kelly…",Identifying new bird species from differences in birdsong.,2013,…,pdfs.semanticscholar.org,https://pdfs.semanticscholar.org/ecf0/06163fcb9aac98e454da617827bb97994d63.pdf,,
"H Zheng, Y Huang, H Ling, Q Zou, H Yang",Accurate segmentation for infrared flying bird tracking,2016,Chinese Journal of Electronics,IET,https://digital-library.theiet.org/content/journals/10.1049/cje.2016.07.008,,
"GH Mowbray, JF Bird",The simple reaction time as an aid in determining the sign of a visual transient response,1969,Acta psychologica,Elsevier,https://www.sciencedirect.com/science/article/pii/0001691869900420,,
T Brandon,Bird notes from Wilmington District. S,1938,Aust. Ornithol,birdssa.asn.au,http://www.birdssa.asn.au/images/saopdfs/Volume14/1938V14P218B.pdf,,
"JH Campbell, TI Suratwala, CB Thorsness…",Continuous melting of phosphate laser glasses,2000,Journal of Non …,Elsevier,https://www.sciencedirect.com/science/article/pii/S0022309399006754,,
"TM Harms, SJ Dinsmore",Influence of season and time of day on marsh bird detections,2014,The Wilson Journal of Ornithology,wjoonline.org,http://www.wjoonline.org/doi/abs/10.1676/13-150.1,,
"M Illemann, RHL Eefsen, NC Bird…",Tissue inhibitor of matrix metalloproteinase‐1 expression in colorectal cancer liver metastases is associated with vascular structures,2016,Molecular …,Wiley Online Library,https://onlinelibrary.wiley.com/doi/abs/10.1002/mc.22269,,
"SR Pal, AI Carswell, J Bird…",Lidar measurements of the stratosphere at the Eureka and Toronto NDSC stations,1996,Application of Lidar …,spiedigitallibrary.org,https://www.spiedigitallibrary.org/conference-proceedings-of-spie/2833/0000/Lidar-measurements-of-the-stratosphere-at-the-Eureka-and-Toronto/10.1117/12.258164.short,,
"TS Bird, SJ Barker, MA Sprey",A multibeam earth station antenna for accessing satellites with inclined orbits,1992,IEEE Antennas and …,ieeexplore.ieee.org,https://ieeexplore.ieee.org/abstract/document/221750/,,
"M Di Pietro, EL Bird-Lieberman, X Liu…",Su1450 The Combination of Autofluorescence Imaging and Probe-Based Confocal LASER Endomicroscopy Has an Excellent Diagnostic Accuracy for Dysplasia in …,2013,Gastrointestinal …,giejournal.org,https://www.giejournal.org/article/S0016-5107(13)01318-7/abstract,,
"…, AI Sebba, BR Rubin, GE Ruoff, J Kremer, S Bird…","Efficacy and safety of etoricoxib 30 mg and celecoxib 200 mg in the treatment of osteoarthritis in two identically designed, randomized, placebo-controlled, non …",2006,…,academic.oup.com,https://academic.oup.com/rheumatology/article-abstract/46/3/496/2255902,,
RT Littlejohns,In Quest of Unusual Bird Photographs,1933,Emu-Austral Ornithology,Taylor & Francis,https://www.tandfonline.com/doi/pdf/10.1071/MU932259,,
"T Keasar, M Kishinevsky, A Shmida…",Plant-derived visual signals may protect beetle herbivores from bird predators,2013,Behavioral ecology and …,Springer,https://link.springer.com/article/10.1007/s00265-013-1572-z,,
M Kearney,Lighting fixture for use with a bird cage,2006,"US Patent App. 29/150,726",Google Patents,https://patents.google.com/patent/USD526732S1/en,,
"TS Bird, MA Sprey, IJ McInnes, WJ Hancock…",Feed movement mechanism and control system for a multibeam antenna,1998,US Patent …,Google Patents,https://patents.google.com/patent/US5751254A/en,,
"C Brill, DP Mayer-Kunz, W Nachtigall",Wing profile data of a free-gliding bird,1989,Naturwissenschaften,Springer,http://www.springerlink.com/index/L02641HX225217P4.pdf,,
"GE Maillette de Buy Wenniger, T Schmits, A Visser",Identifying free space in a robot bird-eye view,2009,,dare.uva.nl,https://dare.uva.nl/record/1/309337,,
"JY Pan, ZQ Yu","Isolation and characterization of Hainantoxin-II, a new neurotoxic peptide from the Chinese bird spider (Haplopelma hainanum)",2010,Dongwuxue Yanjiu,researchgate.net,https://www.researchgate.net/profile/Zhiqiang_Yu4/publication/49698705_Isolation_and_characterization_of_Hainantoxin-II_a_new_neurotoxic_peptide_from_the_Chinese_bird_spider_Haplopelma_hainanum/links/02bfe5140a36a135a3000000/Isolation-and-characterization-of-Hainantoxin-II-a-new-neurotoxic-peptide-from-the-Chinese-bird-spider-Haplopelma-hainanum.pdf,,
"A von Rückmann, KG Schmidt, FW Fitzke, AC Bird…",Studies of the distribution of lipofuscin in the retinal pigment epithelium using an enhanced image resolution,1998,Der …,Springer,https://link.springer.com/article/10.1007/s003470050338,,
"…, KG Schmidt, FW Fitzke, AC Bird…","Fundus-Autofluoreszenz bei Patienten mit vererbten Makuladystrophien, Malattia leventinese, familiär dominanten und altersbedingten Drusen",1998,Klinische …,thieme-connect.com,https://www.thieme-connect.com/products/ejournals/abstract/10.1055/s-2008-1034951,,
